SMILES,Tg
[*]#C[SiH2]C#Cc1cccc(C#[*])c1,72.0
[*]#Cc1cccc(C#C[SiH](C#[*])c2ccccc2)c1,85.0
[*]#Cc1ccccc1C#C[SiH](C#[*])c1ccccc1,71.0
[*]/C(=C(/[*])c1ccc(C(C)(C)C)cc1)c1ccccc1,200.0
[*]/C(=C(/[*])c1ccc(CCCC)cc1)c1ccccc1,200.0
[*]/C(=C(/[*])c1ccc(Oc2ccccc2)cc1)c1ccccc1,200.0
[*]/C(=C(/[*])c1ccc([Si](C(C)C)(C(C)C)C(C)C)cc1)c1ccccc1,250.0
[*]/C(=C(/[*])c1ccc([Si](C)(C)C)cc1)c1ccccc1,200.0
[*]/C(=C(/[*])c1cccc([Ge](C)(C)C)c1)c1ccccc1,200.0
[*]/C(=C(/[*])c1cccc([Si](C)(C)C)c1)c1ccccc1,200.0
[*]/C(C#N)=C/c1cc(C=C(C#N)c2ccc3c(c2)C(CCCCCCCC)(CCCCCCCC)c2cc([*])ccc2-3)cc(N(c2ccccc2)c2ccccc2)c1,136.0
[*]/C(C)=C(/[*])CCC,200.0
[*]/C(C)=C(/[*])CCCCC,180.0
[*]/C(C)=C(/[*])CCCCCCC,160.0
[*]/C(C)=C(/[*])SCC,160.0
[*]/C(C)=C(/[*])SCCCCCC,110.0
[*]/C(C)=C(/[*])SCCCCCCCCCC,60.0
[*]/C(C)=C(/[*])[Ge](C)(C)C,250.0
[*]/C(C)=C(/[*])[Si](C)(C)C,75.0
[*]/C(C)=C(/[*])[Si](C)(C)CCCCCC,200.0
[*]/C(C)=C(/[*])[Si](C)(C)CC[Si](C)(C)C,200.0
[*]/C(C)=C(/[*])[Si](C)(C)C[Si](C)(C)C,200.0
[*]/C(C)=C(/[*])c1ccc([Si](C)(C)C)cc1,-5.0
[*]/C(CC)=C(/[*])c1ccccc1,200.0
[*]/C(CCCCCC)=C(/[*])c1ccccc1,200.0
[*]/C(Cl)=C(/[*])CCCC,190.0
[*]/C(Cl)=C(/[*])CCCCCC,150.0
[*]/C(Cl)=C(/[*])CCCCCCCC,90.0
[*]/C(Cl)=C(/[*])c1ccccc1,215.0
[*]/C=C(/[*])C(C)(C)C,200.0
[*]/C=C(/[*])C(CCC)[Si](C)(C)CCCCCC,40.0
[*]/C=C(/[*])C(CCC)[Si](C)(C)c1ccccc1,110.0
[*]/C=C(/[*])C(CCCCC)[Si](C)(C)C,170.0
[*]/C=C(/[*])C(CCCCCCC)[Si](C)(C)C,150.0
[*]/C=C(/[*])CCCOC(=O)c1cc(-c2ccc(OC)cc2)ccc1-c1ccc(OC)cc1,72.40000000000003
[*]/C=C(/[*])CCCOc1ccc(OC(=O)c2ccc(OC)cc2)cc1,20.0
[*]/C=C(/[*])CCCOc1ccc(OC(=O)c2ccc(OCCCC)cc2)cc1,36.0
[*]/C=C(/[*])CCCOc1ccc(OC(=O)c2ccc(OCCCCCCCC)cc2)cc1,42.0
[*]/C=C(/[*])c1c(C)cc(C(C)(C)C)cc1C,200.0
[*]/C=C(/[*])c1c(F)c(F)c(CCCC)c(F)c1F,110.0
[*]/C=C(/[*])c1ccc(-n2c(=O)c3cc4c(=O)n(-c5ccc(C#C)cc5)c(=O)c4cc3c2=O)cc1,420.0
[*]/C=C(/[*])c1ccccc1C(F)(F)F,130.0
[*]/C=C(/[*])c1ccccc1C[Si](C)(C)C,170.0
[*]/C=C(/[*])c1ccccc1[Ge](C)(C)C,180.0
[*]/C=C(/[*])c1ccccc1[Si](C)(C)C,190.0
[*]/C=C/[*],-4.0
[*]=C(C#CC(=[*])COS(=O)(=O)c1ccc(C)cc1)COS(=O)(=O)c1ccc(C)cc1,-72.99999999999997
[*]=C(C#N)N1C(=O)c2ccc(C(=O)c3ccc(-c4ccc5c(c4)C(=O)N(C(=[*])C#N)C5=O)cc3)cc2C1=O,249.0
[*]=C(C#N)NC(=O)c1ccc(C(=O)NC(=[*])C#N)cc1,232.0
[*]=C(C#N)c1ccc(C(=O)OC2CCN(C(=[*])c3ccc(OC)cc3)CC2)cc1,183.0
[*]=C(C#N)c1ccc(C(=O)OCC2CCCN(C(=[*])c3ccc(OC)cc3)C2)cc1,176.0
[*]=C(C#N)c1ccc(C(=O)OCCC2CCN(C(=[*])c3ccc(OC)cc3)CC2)cc1,167.0
[*]=C(C#N)n1c(=O)c2cc3c(=O)n(C(=[*])C#N)c(=O)c3cc2c1=O,210.0
[*]=C(C)CCC(=[*])C,4.0
[*]=C(CCC(=[*])c1ccccc1)c1ccccc1,120.5
[*]=C(Cl)CC(F)(F)C(=[*])F,-17.0
[*]=C(F)C(F)(F)C(F)(C(=[*])F)C(F)(F)F,-3.0
[*]=C(F)C(F)(F)ON(C(F)(F)F)C(F)(F)C(=[*])F,-7.0
[*]=C(OC)c1ccc(C(=[*])OC)s1,91.0
[*]=C([2H])C([2H])([2H])C([2H])([2H])C(=[*])C([2H])([2H])[2H],-57.99999999999997
[*]=C(c1ccc(Oc2ccccc2)cc1)c1ccc(C(=[*])c2ccc(Oc3ccccc3)cc2)cc1,163.0
[*]=C1C(=O)N(CC(CCCCCCCC)CCCCCCCCCC)c2cc(-c3ccc(-c4ccc(-c5ccc6c(c5)N(CC(CCCCCCCC)CCCCCCCCCC)C(=O)C6=[*])s4)s3)ccc21,65.0
[*]=CC(=O)NCCCCCCCCCCNC(=O)C(=[*])C,74.0
[*]=CC(=O)NCCCCCCNC(=O)C(=[*])C,94.0
[*]=CC(=O)NCc1cccc(CNC(=O)C(=[*])C)c1,135.0
[*]=CC(C)CC(=[*])C,2.3000000000000114
[*]=CC(C)S(=O)(=O)CC(=[*])C,83.0
[*]=CC1CC(C=[*])C2C3CCC(C3)C12,207.40000000000003
[*]=CC1CCC(C=[*])C1,31.0
[*]=CCC(F)(F)C(=[*])F,-34.99999999999997
[*]=CCCC(=[*])C(C)(C)C,20.0
[*]=CCCC(=[*])C(C)C,-46.99999999999997
[*]=CCCC(=[*])CCCCCCC,-82.99999999999997
[*]=CCCC(=[*])CCCCCCCCCC,-52.99999999999997
[*]=CCCC(=[*])[Sn](CCCC)(CCCC)CCCC,-79.99999999999997
[*]=CCCC(=[*])c1ccccc1,39.5
[*]=CCCCC(=[*])c1ccc(Cl)cc1,16.0
[*]=CCCCC(=[*])c1ccc(OC)cc1,11.0
[*]=CCCCC(=[*])c1ccccc1,0.0
[*]=CCCCCCCC=[*],-77.99999999999997
[*]=CCCCCCCCCCCC=[*],-52.99999999999997
[*]=CCS(=O)(=O)C(C)C(=[*])C,73.0
[*]=CCS(=O)(=O)CC(=[*])C,88.20000000000005
[*]=Cc1cc(OC)c(/C=C(\c2ccc(OC)cc2)c2ccc(C(=[*])c3ccc(OC)cc3)cc2)cc1OC,170.0
[*]=Cc1ccc(/C=C(\c2ccccc2)c2ccc(-c3ccc(C(=[*])c4ccccc4)cc3)cc2)cc1,220.0
[*]=Cc1ccc(/C=C/c2ccc(N(c3ccccc3)c3ccc(N(c4ccccc4)c4ccc(/C=C/c5ccc(/C=C(\C#N)C(=O)NC6CCCCC6NC(=O)C(=[*])C#N)s5)cc4)cc3)cc2)s1,240.0
[*]=Cc1ccc(/C=C/c2ccc(N(c3ccccc3)c3ccc(N(c4ccccc4)c4ccc(/C=C/c5ccc(/C=C(\C#N)c6cccc(C(=[*])C#N)c6)s5)cc4)cc3)cc2)s1,178.0
[*]=Cc1ccc(C(=[*])c2ccc(C(F)(F)F)cc2)cc1,199.0
[*]=Cc1ccc(C=Cc2ccc(N(c3ccccc3)c3ccc(N(c4ccccc4)c4ccc(C=Cc5ccc(C=C(C#N)C(=O)Nc6cc(-c7ccc(O)c(NC(=O)C(=[*])C#N)c7)ccc6O)s5)cc4)cc3)cc2)s1,221.0
[*]=Cc1ccc(N(c2ccccc2)c2ccc(C=C(c3ccc(OC)cc3)c3ccc(C(=[*])c4ccc(OC)cc4)cc3)cc2)cc1,197.0
[*]=Cc1ccc(N(c2ccccc2)c2ccc(N(c3ccccc3)c3ccc(/C=C(\C#N)C(=O)NC4CCCCC4NC(=O)C(=[*])C#N)cc3)cc2)cc1,239.0
[*]=Cc1ccc(OCC(O)COC(=O)CCCCC(=O)OCC(O)COc2ccc(C(=[*])C)cc2)cc1,33.0
[*]=Cc1ccc(OCC(O)COC(=O)CCCCCCCCC(=O)OCC(O)COc2ccc(C(=[*])C)cc2)cc1,30.0
[*]=Cc1ccc(OCCCCCCCCCCOc2ccc(/C=C3\CCCC(=[*])C3=O)cc2)cc1,85.0
[*]=Cc1ccc(OCCCCCCCCOc2ccc(/C=C3\CCCC(=[*])C3=O)cc2)cc1,90.0
[*]=Cc1ccc(OCCCCCCOc2ccc(/C=C3\CCCC(=[*])C3=O)cc2)cc1,116.0
[*]=Cc1ccc(OCCOCCOCCOCCOCCOc2ccc(C(=[*])C)cc2)cc1,17.0
[*]=Cc1ccc(OCCOCCOCCOCCOc2ccc(C(=[*])C)cc2)cc1,7.5
[*]=Cc1ccc(OCCOCCOCCOc2ccc(C(=[*])C)cc2)cc1,16.0
[*]=Cc1ccc(OCCOCCOc2ccc(C(=[*])C)cc2)cc1,39.0
[*]=Cc1ccc(Oc2ccc(-c3nnc(-c4ccc(Oc5ccc(C=[*])cc5)cc4)o3)cc2)cc1,215.0
[*]=Cc1ccc(Oc2ccc(S(=O)(=O)c3ccc(Oc4ccc(/C=C5\CCC(=[*])C5=O)cc4)cc3)cc2)cc1,235.0
[*]=Cc1ccc(Oc2ccc(S(=O)(=O)c3ccc(Oc4ccc(/C=C5\CCCC(=[*])C5=O)cc4)cc3)cc2)cc1,190.0
[*]=Cc1ccc(Oc2ccc(S(=O)(=O)c3ccc(Oc4ccc(/C=C5\CCCCC(=[*])C5=O)cc4)cc3)cc2)cc1,186.0
[*]=Cc1ccc(Oc2ccc(S(=O)(=O)c3ccc(Oc4ccc(C5(c6ccc(Oc7ccc(S(=O)(=O)c8ccc(Oc9ccc(/C=C%10\CCC(=[*])C%10=O)cc9)cc8)cc7)cc6)CCCC5)cc4)cc3)cc2)cc1,240.0
[*]=Cc1ccc(Oc2ccc(S(=O)(=O)c3ccc(Oc4ccc(C5(c6ccc(Oc7ccc(S(=O)(=O)c8ccc(Oc9ccc(/C=C%10\CCCC(=[*])C%10=O)cc9)cc8)cc7)cc6)CCCCC5)cc4)cc3)cc2)cc1,190.0
[*]=Cc1ccc(Oc2ccc(S(=O)(=O)c3ccc(Oc4ccc(C5(c6ccc(Oc7ccc(S(=O)(=O)c8ccc(Oc9ccc(/C=C%10\CCCCC(=[*])C%10=O)cc9)cc8)cc7)cc6)CCCCCC5)cc4)cc3)cc2)cc1,196.0
[*]=Cc1ccc2c(c1)c1cc(/C=C(\C#N)C(=O)OCCCCCCOC(=O)C(=[*])C#N)ccc1n2CCCCCCCCCCCOc1ccc(/C=C/c2ccc([N+](=O)[O-])cc2)cc1,87.0
[*]=Cc1ccc2c(c1)c1cc(/C=C(\C#N)C(=O)OCCCCCCOC(=O)C(=[*])C#N)ccc1n2CCCCCCCCCCCn1c2ccccc2c2ccccc21,63.0
[*]=Cc1ccc2c(c1)c1ccccc1n2CCCCCCCCCCn1c2ccccc2c2cc(/C=C(\C#N)C(=O)OCCCCCCOC(=O)C(=[*])C#N)ccc21,94.5
[*]=Cc1ccc2c(c1)c1ccccc1n2CCCCCCCCCn1c2ccccc2c2cc(/C=C(\C#N)C(=O)OCCCCCCOC(=O)C(=[*])C#N)ccc21,96.40000000000003
[*]=Cc1ccc2c(c1)c1ccccc1n2CCCCCCCCn1c2ccccc2c2cc(/C=C(\C#N)C(=O)OCCCCCCOC(=O)C(=[*])C#N)ccc21,96.70000000000005
[*]=Cc1ccc2c(c1)c1ccccc1n2CCCCCCCn1c2ccccc2c2cc(/C=C(\C#N)C(=O)OCCCCCCOC(=O)C(=[*])C#N)ccc21,107.80000000000001
[*]=Cc1ccc2c(c1)c1ccccc1n2CCCCCCn1c2ccccc2c2cc(/C=C(\C#N)C(=O)OCCCCCCOC(=O)C(=[*])C#N)ccc21,117.70000000000005
[*]=Cc1ccc2c(c1)c1ccccc1n2CCCCOC(=O)Nc1ccc(Cc2ccc(NC(=O)OCCCCn3c4ccccc4c4cc(/C=C(\C#N)C(=O)OCCCCCCOC(=O)C(=[*])C#N)ccc43)cc2)cc1,122.0
[*]=NCCCCCCCCCCNC(=[*])C,80.0
[*]=NCCCCCCCCCCNC(=[*])c1ccccc1,10.0
[*]=NP(=NP(=NC(=[*])Oc1ccc(Br)cc1)(Oc1ccc(Br)cc1)Oc1ccc(Br)cc1)(Oc1ccc(Br)cc1)Oc1ccc(Br)cc1,45.0
[*]=NP(=NP(=NC(=[*])Oc1ccc(C(=O)OC)cc1)(Oc1ccc(C(=O)OC)cc1)Oc1ccc(C(=O)OC)cc1)(Oc1ccc(C(=O)OC)cc1)Oc1ccc(C(=O)OC)cc1,52.0
[*]=NP(=NP(=NC(=[*])Oc1ccc(C(C)(C)C)cc1)(Oc1ccc(C(C)(C)C)cc1)Oc1ccc(C(C)(C)C)cc1)(Oc1ccc(C(C)(C)C)cc1)Oc1ccc(C(C)(C)C)cc1,74.0
[*]=NP(=NP(=NC(=[*])Oc1ccc(C(C)(C)c2ccccc2)cc1)(Oc1ccc(C(C)(C)c2ccccc2)cc1)Oc1ccc(C(C)(C)c2ccccc2)cc1)(Oc1ccc(C(C)(C)c2ccccc2)cc1)Oc1ccc(C(C)(C)c2ccccc2)cc1,55.0
[*]=NP(=NP(=NC(=[*])Oc1ccc(C(F)(F)F)cc1)(Oc1ccc(C(F)(F)F)cc1)Oc1ccc(C(F)(F)F)cc1)(Oc1ccc(C(F)(F)F)cc1)Oc1ccc(C(F)(F)F)cc1,31.0
[*]=NP(=NP(=NC(=[*])Oc1ccc(OC)cc1)(Oc1ccc(OC)cc1)Oc1ccc(OC)cc1)(Oc1ccc(OC)cc1)Oc1ccc(OC)cc1,37.0
[*]=NP(=NP(=NC(=[*])Oc1ccccc1)(Oc1ccccc1)Oc1ccccc1)(Oc1ccccc1)Oc1ccccc1,18.0
[*]=NP(=NP(=NC(=[*])Oc1ccccc1C(F)(F)F)(Oc1ccccc1C(F)(F)F)Oc1ccccc1C(F)(F)F)(Oc1ccccc1C(F)(F)F)Oc1ccccc1C(F)(F)F,-19.99999999999997
[*]=NP(=NP(=NS(=[*])(=O)Nc1ccccc1)(Nc1ccccc1)Nc1ccccc1)(Nc1ccccc1)Nc1ccccc1,82.0
[*]=NP(=NP(=NS(=[*])Oc1ccc(-c2ccccc2)cc1)(Oc1ccc(-c2ccccc2)cc1)Oc1ccc(-c2ccccc2)cc1)(Oc1ccc(-c2ccccc2)cc1)Oc1ccc(-c2ccccc2)cc1,69.0
[*]=NP(=NP(=NS(=[*])Oc1ccc(C(C)(C)C)cc1)(Oc1ccc(-c2ccccc2)cc1)Oc1ccc(-c2ccccc2)cc1)(Oc1ccc(-c2ccccc2)cc1)Oc1ccc(-c2ccccc2)cc1,54.0
[*]=NP(=NS(=O)(=NP(=[*])(NC)NC)NC)(NC)NC,22.0
[*]=NP(=NS(=O)(=NP(=[*])(NCC)NCC)NCC)(NCC)NCC,4.0
[*]=NP(=NS(=O)(=NP(=[*])(NCC=C)NCC=C)NCC=C)(NCC=C)NCC=C,-17.99999999999997
[*]=NP(=NS(=O)(=NP(=[*])(NCCC)NCCC)NCCC)(NCCC)NCCC,6.0
[*]=NP(=NS(=O)(=NP(=[*])(NCCCC)NCCCC)NCCCC)(NCCCC)NCCCC,-16.0
[*]=NP(=NS(=O)(=NP(=[*])(NCCCCCC)NCCCCCC)NCCCCCC)(NCCCCCC)NCCCCCC,-17.99999999999997
[*]=NP(Cl)(Cl)=NP(Cl)(Cl)=NC(=[*])Cl,-20.99999999999997
[*]=NP(Cl)(Cl)=NP(Cl)(Cl)=NS(=[*])(=O)F,-55.99999999999997
[*]=NP(Cl)(Cl)=NP(Cl)(Cl)=NS(=[*])Cl,-39.99999999999997
[*]=NS(=NP(=NP(=[*])(Cl)Oc1cccc(-c2ccccc2)c1)(Oc1cccc(-c2ccccc2)c1)Oc1cccc(-c2ccccc2)c1)Oc1cccc(-c2ccccc2)c1,32.0
[*]=NS(=NP(Cl)(=NP(=[*])(Cl)Oc1ccccc1-c1ccccc1)Oc1ccccc1-c1ccccc1)Oc1ccccc1-c1ccccc1,79.0
[*]=Nc1ccc(/N=C(\C)c2ccc(Oc3ccc(C(C)(C)c4ccc(Oc5ccc(C(=[*])C)cc5)cc4)cc3)cc2)cc1,161.0
[*]=Nc1ccc(/N=C(\C)c2ccc(Oc3ccc(C(c4ccccc4)(c4ccccc4)c4ccc(Oc5ccc(C(=[*])C)cc5)cc4)cc3)cc2)cc1,178.0
[*]=Nc1ccc(/N=C(\c2ccccc2)c2ccc(C(=[*])c3ccccc3)cc2)cc1,179.0
[*]=Nc1ccc(/N=C(\c2ccccc2)c2ccc(Oc3ccc(-c4ccc(Oc5ccc(C(=[*])c6ccccc6)cc5)cc4)cc3)cc2)cc1,195.0
[*]=Nc1ccc(/N=C(\c2ccccc2)c2ccc(Oc3ccc(C(c4ccccc4)(c4ccccc4)c4ccc(Oc5ccc(C(=[*])c6ccccc6)cc5)cc4)cc3)cc2)cc1,198.0
[*]=Nc1ccc(/N=C(\c2ccccc2)c2ccc(Oc3ccc(Oc4ccc(C(=[*])c5ccccc5)cc4)cc3)cc2)cc1,176.0
[*]=Nc1ccc(/N=C(\c2ccccc2)c2ccc(Oc3ccc4ccc(Oc5ccc(C(=[*])c6ccccc6)cc5)cc4c3)cc2)cc1,171.0
[*]=Nc1ccc(Cc2ccc(NC(=[*])C)cc2)cc1,142.0
[*]=Nc1ccc(Cc2ccc(NC(=[*])CC)cc2)cc1,130.0
[*]=Nc1ccc(Cc2ccc(NC(=[*])CCC)cc2)cc1,110.0
[*]=Nc1ccc(Cc2ccc(NC(=[*])CCCC)cc2)cc1,106.0
[*]=Nc1ccc(Cc2ccc(NC(=[*])c3ccccc3)cc2)cc1,158.0
[*]=Nc1ccc(N=C(C=CC(=[*])c2ccccc2)c2ccccc2)cc1,157.0
[*]=Nc1ccc(Oc2ccc(/N=C(\C)c3ccc(Oc4ccc(C(C)(C)c5ccc(Oc6ccc(C(=[*])C)cc6)cc5)cc4)cc3)cc2)cc1,141.0
[*]=Nc1ccc(Oc2ccc(/N=C(\C)c3ccc(Oc4ccc(C(c5ccccc5)(c5ccccc5)c5ccc(Oc6ccc(C(=[*])C)cc6)cc5)cc4)cc3)cc2)cc1,150.0
[*]=Nc1ccc(Oc2ccc(/N=C(\c3ccccc3)c3ccc(Oc4ccc(C(c5ccccc5)(c5ccccc5)c5ccc(Oc6ccc(C(=[*])c7ccccc7)cc6)cc5)cc4)cc3)cc2)cc1,177.0
[*]=Nc1ccc(Oc2ccc(/N=C(\c3ccccc3)c3ccc(Oc4ccc5ccc(Oc6ccc(C(=[*])c7ccccc7)cc6)cc5c4)cc3)cc2)cc1,165.0
[*]=Nc1ccc(Oc2ccc(C(c3ccc(Oc4ccc(/N=C5/OC(=O)c6ccc(C(=O)c7ccc8c(c7)C(=[*])OC8=O)cc65)cc4)cc3)(C(F)(F)F)C(F)(F)F)cc2)cc1,248.0
[*]=Nc1ccc(Oc2ccc(C(c3ccc(Oc4ccc(N=C5OC(=O)c6cc7c(cc65)C(=[*])OC7=O)cc4)cc3)(C(F)(F)F)C(F)(F)F)cc2)cc1,287.0
[*]=Nc1ccc(Oc2ccc(N=C(c3ccccc3)c3ccc(Oc4ccc(-c5ccc(Oc6ccc(C(=[*])c7ccccc7)cc6)cc5)cc4)cc3)cc2)cc1,174.0
[*]=Nc1ccc(Oc2ccc(N=C(c3ccccc3)c3ccc(Oc4ccc(Oc5ccc(C(=[*])c6ccccc6)cc5)cc4)cc3)cc2)cc1,162.0
[*]=Nc1ccc(Oc2cccc(N=C3OC(=O)c4ccc(C(=O)c5ccc6c(c5)C(=[*])OC6=O)cc43)c2)cc1,253.0
[*]=Nc1cccc(/N=C(/C=C/C(=[*])c2ccccc2)c2ccccc2)c1,178.0
[*]=Nc1cccc(/N=C(\c2ccccc2)c2ccc(C(=[*])c3ccccc3)cc2)c1,179.0
[*]=Nc1cccc(Oc2cccc(Oc3cccc(N=C4OC(=O)c5ccc(C(=O)c6ccc7c(c6)C(=[*])OC7=O)cc54)c3)c2)c1,190.0
[*]=Nc1cccc(S(=O)(=O)c2cccc(/N=C3/OC(=O)c4ccc(Oc5ccc6c(c5)C(=O)OC6=[*])cc43)c2)c1,190.0
[*]C#CC#CC(C)OC(=O)c1ccc(C(=O)OC([*])C)cc1,133.0
[*]C#CC#Cc1cc(C(C)(C)C)cc2c3cc(C(C)(C)C)cc([*])c3n(CCCCCCCCCCCCCCCC)c12,67.0
[*]C#C[Si](C)(C)C#C[Si](C)(C)C#C[Si](C)(C)O[Si](C)(C)C#C[Si](C)(C)C#C[Si](C)(C)C#C[Si]([*])(C)C,-12.599999999999966
[*]C#C[Si](C)(C)C#C[Si](C)(C)C#C[Si](C)(C)O[Si](C)(C)C#C[Si](C)(C)C#C[Si]([*])(C)C,-16.099999999999966
[*]C#C[Si](C)(C)C#C[Si](C)(C)O[Si](C)(C)C#C[Si](C)(C)C#C[Si]([*])(C)C,-22.99999999999997
[*]C#Cc1cc(C(C)(C)C)cc2c3cc(C(C)(C)C)cc([*])c3n(CCCCCCCCCCCCCCCC)c12,80.0
[*]C#Cc1ccc(-c2nnc(-c3ccc(C#Cc4cc(OCCCCCCCC)c([*])cc4OCCCCCCCC)cc3)o2)cc1,130.0
[*]C#Cc1ccc(C#C[Si](C)(C)O[Si](C)(C)O[Si](C)(C)O[Si](C)(C)O[Si](C)(C)O[Si]([*])(C)C)cc1,78.0
[*]C#Cc1ccc(C#C[Si](C)(C)O[Si](C)(C)O[Si](C)(C)O[Si](C)(C)O[Si]([*])(C)C)cc1,84.0
[*]C#Cc1ccc(C#C[Si](C)(C)O[Si](C)(C)O[Si](C)(C)O[Si]([*])(C)C)cc1,96.0
[*]C#Cc1ccc(C#C[Si](C)(C)O[Si](C)(C)O[Si]([*])(C)C)cc1,104.0
[*]C#Cc1ccc(C#C[Si](C)(C)O[Si]([*])(C)C)cc1,126.0
[*]C#Cc1cccc(C#C[SiH]([*])C)c1,72.0
[*]C#Cc1cccc(C#C[Si]([*])(C)C)c1,50.0
[*]C(=C(Cl)Cl)c1ccc(OCOc2ccc([*])cc2)cc1,108.0
[*]C(=C)c1ccc(Oc2ccc(S(=O)(=O)c3ccc(Oc4ccc([*])cc4)cc3)cc2)cc1,167.0
[*]C(=Nc1ccccc1)c1ccc(-c2ccc([*])cc2)cc1,225.0
[*]C(=Nc1ccccc1)c1ccc(Oc2ccc(Oc3cccc(Oc4ccc(Oc5ccc([*])cc5)cc4)n3)cc2)cc1,135.0
[*]C(=O)C(F)(F)C(F)(F)C(F)(F)C(=O)N(CCCCCCN([*])CC(F)(F)C(F)(F)C(F)(F)C(F)(F)C(F)(F)C(F)(F)C(F)(F)F)CC(F)(F)C(F)(F)C(F)(F)C(F)(F)C(F)(F)C(F)(F)C(F)(F)F,187.5
[*]C(=O)C(F)(F)C(F)(F)C(F)(F)C(=O)N(CCCCCCN([*])CC(F)(F)C(F)(F)F)CC(F)(F)C(F)(F)F,174.0
[*]C(=O)C(F)(OC(F)(F)C(F)(F)S(=O)(=O)N([*])[Li])C(F)(F)F,67.0
[*]C(=O)CCCCCCCCC(=O)N1CC(C)N([*])CC1C,-60.49999999999997
[*]C(=O)N(C(=O)c1ccc(OCCCCCCOc2ccc([*])cc2)cc1)c1ccc(Oc2ccccc2)cc1,78.0
[*]C(=O)N(C(=O)c1ccc(OCCCCCCOc2ccc([*])cc2)cc1)c1cccc2ccccc12,56.0
[*]C(=O)N(C(=O)c1ccc(OCCCCCCOc2ccc([*])cc2)cc1)c1ccccc1,100.0
[*]C(=O)N(C(=O)c1ccc([*])cc1)c1ccccc1,179.0
[*]C(=O)N(C(=O)c1ccc([*])cc1Sc1ccccc1)c1ccccc1,152.0
[*]C(=O)N(C(=O)c1cccc([*])c1)c1ccccc1,148.0
[*]C(=O)N1CCN(C(=O)c2cccc([*])c2)CC1,214.5
[*]C(=O)N1CCN(C(=O)c2ccccc2-c2ccccc2[*])CC1,193.0
[*]C(=O)NC(=O)Oc1ccc(C(C)(C)c2ccc(OC(=O)NC(=O)c3cc([*])cc(C(C)(C)C)c3)cc2)cc1,123.5
[*]C(=O)NC(=O)Oc1ccc(Oc2ccc(OC(=O)NC(=O)c3cc([*])cc(C(C)(C)C)c3)cc2)cc1,114.5
[*]C(=O)NC1CC(C)(C)CC(C)(CNC(=O)c2cc([*])cc(NC(=O)C(C(C)CC)N3C(=O)c4ccccc4C3=O)c2)C1,128.0
[*]C(=O)NCC(C)(C)CNC(=O)c1c([*])ncn1C,152.0
[*]C(=O)NCC1CCC(CNC(=O)c2cc([*])cc(C(C)(C)C)c2)CC1,236.0
[*]C(=O)NCC1CCCC(CNC(=O)c2cc([*])cc(C(C)(C)C)c2)C1,200.0
[*]C(=O)NCCCCCCCCCCCCNC(=O)C(OC)C([*])OC,84.0
[*]C(=O)NCCCCCCCCCNC(=O)C(OC)C([*])OC,84.0
[*]C(=O)NCCCCCCCCNC(=O)C(OC)C([*])OC,89.0
[*]C(=O)NCCCCCCCNC(=O)C(OC)C([*])OC,87.0
[*]C(=O)NCCCCCCNC(=O)C(OC)C([*])OC,106.0
[*]C(=O)NCCCCCCNC(=O)c1c([*])ncn1C,86.0
[*]C(=O)NCCCCCCNC(=O)c1cc([*])cc(C(C)(C)C)c1,163.0
[*]C(=O)NCCCCCCNC(=O)c1cc([*])cc(NC(=O)C(C(C)CC)N2C(=O)c3ccccc3C2=O)c1,135.0
[*]C(=O)NCCCCCCNC(=O)c1cc([*])cc(NC(=O)c2ccc(NC(=O)C(CC(C)C)N3C(=O)c4ccccc4C3=O)cc2)c1,200.0
[*]C(=O)NCCCCCNC(=O)C(OC)C([*])OC,113.0
[*]C(=O)NCCCCNC(=O)C(OC)C([*])OC,100.0
[*]C(=O)NCCCNC(=O)C(OC)C([*])OC,123.0
[*]C(=O)NCCNC(=O)c1c([*])ncn1C,189.0
[*]C(=O)NCc1ccc(CNC(=O)c2cc([*])cc(C(C)(C)C)c2)cc1,204.0
[*]C(=O)NCc1cccc(CNC(=O)c2cc([*])cc(C(C)(C)C)c2)c1,192.0
[*]C(=O)NNC(=O)c1ccc([*])cc1OCC,240.0
[*]C(=O)NNC(=O)c1ccc([*])cc1OCCCCC,234.0
[*]C(=O)NNC(=O)c1ccc([*])cc1OCCCCCCCC,203.5
[*]C(=O)NNC(=O)c1ccc([*])cc1OCCCCCCCCCC,193.0
[*]C(=O)Nc1c(C)cc(-c2cc(C)c(NC(=O)c3ccc(C)c(N4C(=O)c5ccc(C(c6ccc7c(c6)C(=O)N(c6cc([*])ccc6C)C7=O)(C(F)(F)F)C(F)(F)F)cc5C4=O)c3)c(C)c2)cc1C,250.0
[*]C(=O)Nc1cc(NC(=O)c2cc([*])cc(OCCCS(=O)(=O)c3ccc(/N=N/c4ccc(N(C)C)cc4)cc3)c2)cc(C(=O)OCCCN(C)c2ccc(/N=N/c3ccc(S(C)(=O)=O)cc3)cc2)c1,166.0
[*]C(=O)Nc1ccc(-c2ccc(NC(=O)N3CC(C)N([*])CC3C)cc2)cc1,250.0
[*]C(=O)Nc1ccc(-c2ccc(NC(=O)c3cc([*])cc(NC(=O)c4ccc(NC(=O)C(C)N5C(=O)c6ccccc6C5=O)cc4)c3)cc2)cc1,202.0
[*]C(=O)Nc1ccc(-c2ccc(NC(=O)c3cc([*])cc(NC(=O)c4ccncc4)c3)cc2)cc1,339.0
[*]C(=O)Nc1ccc(-c2ccc(Oc3ccc(C(C)(C)c4ccc(Oc5ccc(-c6ccc(NC(=O)c7cc([*])cc(C(C)(C)C)c7)cc6)cc5C(F)(F)F)cc4)cc3)c(C(F)(F)F)c2)cc1,248.5
[*]C(=O)Nc1ccc(-c2ccc(Oc3ccc(C(c4ccc(Oc5ccc(-c6ccc(NC(=O)c7cc([*])cc(C(C)(C)C)c7)cc6)cc5C(F)(F)F)cc4)(C(F)(F)F)C(F)(F)F)cc3)c(C(F)(F)F)c2)cc1,251.5
[*]C(=O)Nc1ccc(-c2ccc(Oc3ccc(C4(c5ccc(Oc6ccc(-c7ccc(NC(=O)c8cc([*])cc(C(C)(C)C)c8)cc7)cc6C(F)(F)F)cc5)c5ccccc5-c5ccccc54)cc3)c(C(F)(F)F)c2)cc1,278.0
[*]C(=O)Nc1ccc(-c2nnc(-c3ccc(NC(=O)c4cc([*])cc(NC(=O)c5ccc(OC(C)=O)cc5)c4)cc3)o2)cc1,280.0
[*]C(=O)Nc1ccc(C(=O)c2ccc(NC(=O)c3cc([*])cc(C(C)(C)C)c3)cc2)cc1,271.0
[*]C(=O)Nc1ccc(C(c2ccc(NC(=O)c3cc([*])cc(C(C)(C)C)c3)cc2)(C(F)(F)F)C(F)(F)F)cc1,284.1
[*]C(=O)Nc1ccc(C(c2ccc(NC(=O)c3cc([*])cc(C(C)(C)C)c3)cc2)(P2(=O)Oc3ccccc3-c3ccccc32)P2(=O)Oc3ccccc3-c3ccccc32)cc1,235.0
[*]C(=O)Nc1ccc(C(c2ccc(NC(=O)c3cc([*])cc(NC(=O)CCCCCN4C(=O)c5ccccc5C4=O)c3)cc2)(C(F)(F)F)C(F)(F)F)cc1,225.0
[*]C(=O)Nc1ccc(C(c2ccc(NC(=O)c3cc([*])cc(NC(=O)CCCN4C(=O)c5ccccc5C4=O)c3)cc2)(C(F)(F)F)C(F)(F)F)cc1,240.0
[*]C(=O)Nc1ccc(C(c2ccc(NC(=O)c3ccc(C)c(N4C(=O)c5ccc(C(c6ccc7c(c6)C(=O)N(c6cc([*])ccc6C)C7=O)(C(F)(F)F)C(F)(F)F)cc5C4=O)c3)cc2)(C(F)(F)F)C(F)(F)F)cc1,293.5
[*]C(=O)Nc1ccc(C(c2ccc(NC(=O)c3ccc(N4C(=O)c5ccc(C(c6ccc7c(c6)C(=O)N(c6ccc([*])cc6C)C7=O)(C(F)(F)F)C(F)(F)F)cc5C4=O)c(C)c3)cc2)(C(F)(F)F)C(F)(F)F)cc1,344.0
[*]C(=O)Nc1ccc(C(c2ccc(NC(=O)c3ccc4c(c3)C(=O)N(c3ccc([*])c(C)c3)C4=O)cc2)(C(F)(F)F)C(F)(F)F)cc1,355.0
[*]C(=O)Nc1ccc(C(c2ccc(NC(=O)c3cccc(N4C(=O)c5ccc(C(c6ccc7c(c6)C(=O)N(c6cccc([*])c6C)C7=O)(C(F)(F)F)C(F)(F)F)cc5C4=O)c3C)cc2)(C(F)(F)F)C(F)(F)F)cc1,250.0
[*]C(=O)Nc1ccc(C)c(NC(=O)c2cc([*])cc(NC(=O)C(C(C)CC)N3C(=O)c4ccccc4C3=O)c2)c1,166.0
[*]C(=O)Nc1ccc(C2(c3ccc(NC(=O)c4cc([*])cc(C(C)(C)C)c4)cc3)c3ccccc3-c3ccccc32)cc1,284.0
[*]C(=O)Nc1ccc(Cc2ccc(NC(=O)c3cc([*])cc(NC(=O)C(C(C)CC)N4C(=O)c5ccccc5C4=O)c3)cc2)cc1,195.0
[*]C(=O)Nc1ccc(Cc2ccc(NC(=O)c3cc([*])cc(NC(=O)CCCCCCCCCCN4C(=O)c5ccccc5C4=O)c3)cc2)cc1,150.0
[*]C(=O)Nc1ccc(Cc2ccc(NC(=O)c3cc([*])cc(NC(=O)CCCCCN4C(=O)c5ccccc5C4=O)c3)cc2)cc1,195.0
[*]C(=O)Nc1ccc(Cc2ccc(NC(=O)c3cc([*])cc(NC(=O)CCCN4C(=O)c5ccccc5C4=O)c3)cc2)cc1,220.0
[*]C(=O)Nc1ccc(Cc2ccc(NC(=O)c3cc([*])cc(NC(=O)CCN4C(=O)c5ccccc5C4=O)c3)cc2)cc1,235.0
[*]C(=O)Nc1ccc(Cc2ccc(NC(=O)c3cc([*])cc(NC(=O)c4ccc(NC(=O)C(CC(C)C)N5C(=O)c6ccccc6C5=O)cc4)c3)cc2)cc1,238.0
[*]C(=O)Nc1ccc(Cc2ccc(NC(=O)c3cc([*])cc(NC(=O)c4ccccc4)c3)cc2)cc1,285.0
[*]C(=O)Nc1ccc(Cc2ccc(NC(=O)c3cc([*])cc(NC(=O)c4ccncc4)c3)cc2)cc1,302.0
[*]C(=O)Nc1ccc(NC(=O)c2cc(-c3ccc(C(=O)O)c([*])c3)ccc2C(=O)O)cc1,248.39999999999998
[*]C(=O)Nc1ccc(NC(=O)c2cc(-c3ccc(C(=O)OC)c([*])c3)ccc2C(=O)OC)cc1,234.20000000000005
[*]C(=O)Nc1ccc(NC(=O)c2cc(-c3ccc(C(=O)OCC)c([*])c3)ccc2C(=O)OCC)cc1,231.70000000000005
[*]C(=O)Nc1ccc(NC(=O)c2cc([*])c(C(=O)O)cc2C(=O)O)cc1,283.4
[*]C(=O)Nc1ccc(NC(=O)c2cc([*])cc(NC(=O)c3ccccc3)c2)cc1,321.0
[*]C(=O)Nc1ccc(NC(=O)c2cc([*])cc(NC(=O)c3ccncc3)c2)cc1,327.0
[*]C(=O)Nc1ccc(OCCCCCCOc2ccc(NC(=O)c3cc([*])cc(C(C)(C)C)c3)cc2)cc1,166.0
[*]C(=O)Nc1ccc(Oc2ccc(-c3ccc(Oc4ccc(NC(=O)c5cc([*])cc(NC(=O)c6ccc(OC(C)=O)cc6)c5)cc4)cc3)cc2)cc1,252.0
[*]C(=O)Nc1ccc(Oc2ccc(-c3nnc(-c4ccc(Oc5ccc(NC(=O)c6cc([*])cc(NC(=O)c7ccc(OC(C)=O)cc7)c6)cc5)cc4)o3)cc2)cc1,270.0
[*]C(=O)Nc1ccc(Oc2ccc(C(C)(C)c3ccc(Oc4ccc(NC(=O)c5cc([*])cc(C(C)(C)C)c5)cc4)cc3)cc2)cc1,244.0
[*]C(=O)Nc1ccc(Oc2ccc(C(C)(C)c3ccc(Oc4ccc(NC(=O)c5cc([*])cc(NC(=O)c6ccc(OC(C)=O)cc6)c5)cc4)cc3)cc2)cc1,243.0
[*]C(=O)Nc1ccc(Oc2ccc(C(c3ccc(Oc4ccc(NC(=O)c5cc(C(c6ccc(C(=O)O)c([*])c6)(C(F)(F)F)C(F)(F)F)ccc5C(=O)O)cc4)cc3)(C(F)(F)F)C(F)(F)F)cc2)cc1,260.0
[*]C(=O)Nc1ccc(Oc2ccc(C(c3ccc(Oc4ccc(NC(=O)c5cc([*])cc(C(C)(C)C)c5)cc4)cc3)(C(F)(F)F)C(F)(F)F)cc2)cc1,255.5
[*]C(=O)Nc1ccc(Oc2ccc(C3(c4ccc(Oc5ccc(NC(=O)c6cc([*])cc(C(C)(C)C)c6)cc5)cc4)CC4CCC3C4)cc2)cc1,272.0
[*]C(=O)Nc1ccc(Oc2ccc(NC(=O)NC3CC(C)(C)CC(C)(CNC(=O)Nc4ccc(Oc5ccc(NC(=O)C(CC(C)C)n6c(=O)c7cc8c(=O)n(C([*])CC(C)C)c(=O)c8cc7c6=O)cc5)cc4)C3)cc2)cc1,147.5
[*]C(=O)Nc1ccc(Oc2ccc(NC(=O)Nc3ccc(Cc4ccc(NC(=O)Nc5ccc(Oc6ccc(NC(=O)C(CC(C)C)n7c(=O)c8cc9c(=O)n(C([*])CC(C)C)c(=O)c9cc8c7=O)cc6)cc5)cc4)cc3)cc2)cc1,181.40000000000003
[*]C(=O)Nc1ccc(Oc2ccc(NC(=O)c3cc([*])c(C(=O)O)cc3C(=O)O)cc2)cc1,207.40000000000003
[*]C(=O)Nc1ccc(Oc2ccc(NC(=O)c3cc([*])c(C(=O)OCC)cc3C(=O)OCC)cc2)cc1,208.05
[*]C(=O)Nc1ccc(Oc2ccc(NC(=O)c3cc([*])cc(C(C)(C)C)c3)cc2)cc1,268.0
[*]C(=O)Nc1ccc(Oc2ccc(NC(=O)c3cc([*])cc(NC(=O)CCCCCCCCCCN4C(=O)c5ccccc5C4=O)c3)cc2)cc1,160.0
[*]C(=O)Nc1ccc(Oc2ccc(NC(=O)c3cc([*])cc(NC(=O)CCCCCN4C(=O)c5ccccc5C4=O)c3)cc2)cc1,200.0
[*]C(=O)Nc1ccc(Oc2ccc(NC(=O)c3cc([*])cc(NC(=O)CCCN4C(=O)c5ccccc5C4=O)c3)cc2)cc1,225.0
[*]C(=O)Nc1ccc(Oc2ccc(NC(=O)c3cc([*])cc(NC(=O)CCN4C(=O)c5ccccc5C4=O)c3)cc2)cc1,240.0
[*]C(=O)Nc1ccc(Oc2ccc(NC(=O)c3cc([*])cc(NC(=O)c4ccc(OC(C)=O)cc4)c3)cc2)cc1,273.0
[*]C(=O)Nc1ccc(Oc2ccc(NC(=O)c3cc([*])cc(NC(=O)c4ccccc4)c3)cc2)cc1,294.5
[*]C(=O)Nc1ccc(Oc2ccc(NC(=O)c3cc([*])cc(NC(=O)c4ccncc4)c3)cc2)cc1,305.0
[*]C(=O)Nc1ccc(Oc2ccc(Oc3ccc(NC(=O)c4cc([*])cc(C(C)(C)C)c4)cc3)cc2)cc1,195.5
[*]C(=O)Nc1ccc(Oc2ccc(Oc3ccc(NC(=O)c4cc([*])cc(NC(=O)c5ccc(OC(C)=O)cc5)c4)cc3)cc2)cc1,251.0
[*]C(=O)Nc1ccc(Oc2ccc(Oc3ccc(Oc4ccc(NC(=O)c5cc([*])cc(C(C)(C)C)c5)cc4)cc3)cc2)cc1,230.0
[*]C(=O)Nc1ccc(Oc2ccc(S(=O)(=O)c3ccc(Oc4ccc(NC(=O)c5cc([*])cc(C(C)(C)C)c5)cc4)cc3)cc2)cc1,232.5
[*]C(=O)Nc1ccc(Oc2ccc(S(=O)(=O)c3ccc(Oc4ccc(NC(=O)c5cc([*])cc(NC(=O)c6ccc(OC(C)=O)cc6)c5)cc4)cc3)cc2)cc1,263.0
[*]C(=O)Nc1ccc(Oc2ccc(S(=O)(=O)c3ccc(Oc4ccc(NC(=O)c5cc([*])cc(NC(=O)c6ccncc6)c5)cc4)cc3)cc2)cc1,283.0
[*]C(=O)Nc1ccc(Oc2ccc3cccc(Oc4ccc(NC(=O)c5cc([*])cc(C(C)(C)C)c5)cc4)c3c2)cc1,263.0
[*]C(=O)Nc1ccc(Oc2cccc(NC(=O)c3cc([*])cc(NC(=O)c4ccc(OC(C)=O)cc4)c3)c2)cc1,251.0
[*]C(=O)Nc1ccc(Oc2cccc(Oc3ccc(NC(=O)c4cc([*])cc(NC(=O)c5ccc(OC(C)=O)cc5)c4)cc3)c2)cc1,230.0
[*]C(=O)Nc1ccc(S(=O)(=O)c2ccc(NC(=O)c3cc([*])cc(NC(=O)c4ccc(NC(=O)C(C)N5C(=O)c6ccccc6C5=O)cc4)c3)cc2)cc1,208.0
[*]C(=O)Nc1cccc(NC(=O)c2cc([*])cc(NC(=O)C(CCSC)N3C(=O)c4ccccc4C3=O)c2)c1,196.0
[*]C(=O)Nc1cccc(NC(=O)c2cc([*])cc(NC(=O)c3ccccc3)c2)c1,300.0
[*]C(=O)Nc1cccc(NC(=O)c2cc([*])cc(NC(=O)c3ccncc3)c2)c1,321.0
[*]C(=O)Nc1cccc(Oc2ccc(-c3nnc(-c4ccc(Oc5cccc(NC(=O)c6cc([*])cc(NC(=O)c7ccc(OC(C)=O)cc7)c6)c5)cc4)o3)cc2)c1,270.0
[*]C(=O)Nc1cccc(Oc2cccc(Oc3cccc(NC(=O)c4cc(Oc5ccc(C(=O)O)c([*])c5)ccc4C(=O)O)c3)c2)c1,176.40000000000003
[*]C(=O)Nc1cccc2c(NC(=O)c3cc([*])cc(NC(=O)C(CCSC)N4C(=O)c5ccccc5C4=O)c3)cccc12,198.0
[*]C(=O)Nc1cccc2c(NC(=O)c3ccc(C)c(N4C(=O)c5ccc(C(c6ccc7c(c6)C(=O)N(c6cc([*])ccc6C)C7=O)(C(F)(F)F)C(F)(F)F)cc5C4=O)c3)cccc12,250.0
[*]C(=O)OCC(C)(C)CS(=O)(=O)CC(C)(C)COC(=O)N1CC(C)N([*])CC1C,85.0
[*]C(=O)OCC(COc1ccc(/N=N/c2ccc(C#N)cc2)cc1)OC(=O)c1cc(C)ccc1[*],124.0
[*]C(=O)OCC(COc1ccc(/N=N/c2ccc(C#N)cc2)cc1)OC(=O)c1cc([*])cc(C(C)(C)C)c1,137.0
[*]C(=O)OCC(COc1ccc(/N=N/c2ccc(C#N)cc2)cc1)OC(=O)c1ccc([*])cc1OC,120.0
[*]C(=O)OCC(F)(F)C(F)(F)C(F)(F)COC(=O)c1cc([*])cc(OCCCCC)c1,-29.99999999999997
[*]C(=O)OCC(F)(F)C(F)(F)C(F)(F)COC(=O)c1ccc(OCCCCC)c([*])c1,9.0
[*]C(=O)OCC(F)(F)C(F)(F)C(F)(F)COC(=O)c1cccc([*])c1OCCCCC,17.0
[*]C(=O)OCC(F)(F)OC(F)(F)COC(=O)c1cc([*])cc(OCCCCC)c1,14.0
[*]C(=O)OCCCCCCCCCCCOc1ccc(-c2ccc(OCCCCCCCCCCCOC(=O)c3cc([*])cc(OCCCCCCCCCCOc4ccc(/N=N/c5ccc(OC)cc5)cc4)c3)cc2)cc1,53.0
[*]C(=O)OCCCCCCCCCCCOc1ccc(-c2ccc(OCCCCCCCCCCCOC(=O)c3cc([*])cc(OCCCCCCCCOc4ccc(/N=N/c5ccc(OC)cc5)cc4)c3)cc2)cc1,60.0
[*]C(=O)OCCCCCCN1C(=O)c2ccc(-c3ccc(-c4ccc5c(c4)C(=O)N(CCCCCCOC(=O)c4cc([*])cc(OCCCCCCOc6ccc(/N=N/c7ccc(C#N)cc7)cc6)c4)C5=O)cc3)cc2C1=O,67.0
[*]C(=O)OCCCCCCN1C(=O)c2ccc(-c3ccc4c(c3)C(=O)N(CCCCCCOC(=O)c3cc([*])cc(OCCCCCCOc5ccc(/N=N/c6ccc(C#N)cc6)cc5)c3)C4=O)cc2C1=O,93.0
[*]C(=O)OCCCCCCN1C(=O)c2ccc(Oc3ccc4c(c3)C(=O)N(CCCCCCOC(=O)c3cc([*])cc(OCCCCCCOc5ccc(/N=N/c6ccc(C#N)cc6)cc5)c3)C4=O)cc2C1=O,61.0
[*]C(=O)OCCCCCCOc1ccc(-n2on2-c2ccc(OCCCCCCOC(=O)C([*])CCCCCCCCCCP(=O)(OCC)OCC)cc2)cc1,9.0
[*]C(=O)OCCCCCCOc1ccc(-n2on2-c2ccc(OCCCCCCOC(=O)C([*])CCCCCCP(=O)(OCC)OCC)cc2)cc1,9.0
[*]C(=O)OCCCCCCOc1ccc(-n2on2-c2ccc(OCCCCCCOC(=O)C([*])CCCCCP(=O)(OCC)OCC)cc2)cc1,7.0
[*]C(=O)OCCCCCCOc1ccc(-n2on2-c2ccc(OCCCCCCOC(=O)C([*])CCCCP(=O)(OCC)OCC)cc2)cc1,4.0
[*]C(=O)OCCCCCCn1c(=O)c2cc3c(=O)n(CCCCCCOC(=O)c4cc([*])cc(OCCCCCCOc5ccc(/N=N/c6ccc(C#N)cc6)cc5)c4)c(=O)c3cc2c1=O,46.0
[*]C(=O)OCCN(CCOC(=O)c1cc([*])cc(OCCN(C)c2ccc(S(=O)(=O)C(F)(F)C(F)(F)C(F)(F)C(F)(F)C(F)(F)C(F)(F)C(F)(F)C(F)(F)F)cc2)c1)c1ccc(S(=O)(=O)C(F)(F)C(F)(F)C(F)(F)C(F)(F)C(F)(F)C(F)(F)C(F)(F)C(F)(F)F)cc1,83.0
[*]C(=O)OCCN(CCOC(=O)c1cc([*])cc(OCCN(C)c2ccc(S(=O)(=O)CCCCCCCC)cc2)c1)c1ccc(S(=O)(=O)C(F)(F)C(F)(F)C(F)(F)C(F)(F)C(F)(F)C(F)(F)C(F)(F)C(F)(F)F)cc1,80.0
[*]C(=O)OCCN(CCOC(=O)c1cc([*])cc(OCc2c(F)c(F)c(OC)c(F)c2F)c1)c1ccc(/C=C/c2ccc(/C=C/C3=C(C#N)C(=C(C#N)C#N)OC3(c3ccccc3)C(F)(F)F)s2)cc1,140.0
[*]C(=O)OCCN(CCOC(=O)c1ccc([*])cc1OCCC)c1ccc(-c2nc3ccc([N+](=O)[O-])cc3o2)cc1,119.0
[*]C(=O)OCCN(CCOC(=O)c1ccc([*])cc1OCCC)c1ccc(/N=N/c2ccc(-c3nc4cc([N+](=O)[O-])ccc4[nH]3)cc2)cc1,152.0
[*]C(=O)OCCN(CCOC(=O)c1ccc([*])cc1OCCC)c1ccc(/N=N/c2ccc(-c3nc4ccccc4o3)cc2)cc1,117.0
[*]C(=O)OCCN(CCOC(=O)c1ccc([*])cc1OCCC)c1ccc(/N=N/c2nc(C#N)c(C#N)[nH]2)cc1,152.0
[*]C(=O)OCCN(CCOC(=O)c1ccc([*])cc1OCCC)c1ccc(C=C(C#N)C#N)cc1,94.0
[*]C(=O)OCCN(CCOC(=O)c1ccc([*])cc1OCCCCC)c1ccc(/N=N/c2nc(C#N)c(C#N)[nH]2)cc1,131.0
[*]C(=O)OCCOC(=O)c1cc([*])cc(C(C)(C)C)c1,94.0
[*]C(=O)OCCOC(=O)c1ccc(-c2ccc([*])cc2C)c(C)c1,73.0
[*]C(=O)OCCOCCOC(=O)C([*])C,-28.99999999999997
[*]C(=O)OCCOCCOC(=O)C([*])CCC,-37.99999999999997
[*]C(=O)OCCOCCOC(=O)C([*])CCCCC,-46.99999999999997
[*]C(=O)OCCOCCOC(=O)C([*])CCCCCCC,-57.99999999999997
[*]C(=O)OCCOCCOC(=O)C([*])CCCCCCCCC,-58.99999999999997
[*]C(=O)OCCOCCOCCOCCOCCOCCOC(=O)c1cc([*])cc(OCCCCCCOc2ccc(-c3ccc(OC)cc3)cc2)c1,12.5
[*]C(=O)Oc1cc(OCCOC)c(OC(=O)c2ccc([*])cc2OCCOCC)cc1OCCOC,99.0
[*]C(=O)Oc1ccc(-c2ccc(OC(=O)c3cc(OCCCCCC)c([*])cc3OCCCCCC)cc2)cc1,113.0
[*]C(=O)Oc1ccc(-c2ccc(OC(=O)c3cc([*])cc(CCCCC)c3)cc2)cc1,138.0
[*]C(=O)Oc1ccc(C(c2ccc(OC(=O)c3ccc(C)c(N4C(=O)c5ccc(C(c6ccc7c(c6)C(=O)N(c6cc([*])ccc6C)C7=O)(C(F)(F)F)C(F)(F)F)cc5C4=O)c3)cc2)(C(F)(F)F)C(F)(F)F)cc1,289.0
[*]C(=O)Oc1ccc(C2(c3ccc(OC(=O)c4cc([*])cc(C(C)(C)C)c4)cc3)OC(=O)c3ccccc32)cc1,279.0
[*]C(=O)Oc1ccc(Cc2ccc(OC(=O)c3cc([*])cc(OCCCCC)c3)cc2)cc1,110.0
[*]C(=O)Oc1ccc(OC(=O)c2cc(OCCCCCCCCCCCC)c([*])cc2OCCCCCCCCCCCC)cc1-c1ccccc1,96.0
[*]C(=O)Oc1ccc(OC(=O)c2cc(OCCCCCCCCCCCC)c([*])cc2OCCCCCCCCCCCC)cc1C,112.0
[*]C(=O)Oc1ccc(OC(=O)c2ccc([*])cc2Oc2ccc(C(C)(C)c3ccccc3)cc2)cc1,93.0
[*]C(=O)Oc1ccc(OC(=O)c2ccc([*])cc2Sc2ccc(C)cc2)cc1,134.0
[*]C(=O)Oc1ccc(OCCCCOc2ccc(OC(=O)c3ccc([*])cc3C(=O)OCC=C)cc2)cc1,56.0
[*]C(=O)Oc1ccc(OCCOc2ccc(OC(=O)c3ccc([*])cc3OCCCCC)cc2)cc1,95.0
[*]C(=O)Oc1ccc(Oc2ccc(OC(=O)c3cc([*])cc(OCCCCC)c3)cc2)cc1,126.0
[*]C(=O)Oc1ccc(S(=O)(=O)c2ccc(OC(=O)c3cc([*])cc(CCCCC)c3)cc2)cc1,170.0
[*]C(=O)Oc1ccc([*])cc1CCCCC,50.0
[*]C(=O)Oc1cccc(OC(=O)c2cc([*])cc(OCCCCC)c2)c1,96.0
[*]C(=O)Oc1ccccc1C(=O)OC(=O)c1ccccc1OC(=O)C(C)C([*])C,45.0
[*]C(=O)Oc1ccccc1C(=O)OC(=O)c1ccccc1OC(=O)C(CC)C([*])CC,23.0
[*]C(=O)c1c(C(=O)c2ccc(Oc3ccc(-c4ccc(Oc5ccc([*])cc5)cc4)cc3)cc2)c(-c2ccc(F)cc2)c(-c2ccc(F)cc2)c(-c2ccc(F)cc2)c1-c1ccc(F)cc1,275.0
[*]C(=O)c1c(C(=O)c2ccc(Oc3ccc(-c4ccc(Oc5ccc([*])cc5)cc4)cc3)cc2)c(-c2ccccc2)c(-c2ccc3ccccc3c2)c(-c2ccc3ccccc3c2)c1-c1ccccc1,290.0
[*]C(=O)c1c(C(=O)c2ccc(Oc3ccc(C(c4ccc(Oc5ccc([*])cc5)cc4)(C(F)(F)F)C(F)(F)F)cc3)cc2)c(-c2ccc(F)cc2)c(-c2ccc(F)cc2)c(-c2ccc(F)cc2)c1-c1ccc(F)cc1,253.0
[*]C(=O)c1c(C(=O)c2ccc(Oc3ccc(C(c4ccc(Oc5ccc([*])cc5)cc4)(C(F)(F)F)C(F)(F)F)cc3)cc2)c(-c2ccccc2)c(-c2ccc3ccccc3c2)c(-c2ccc3ccccc3c2)c1-c1ccccc1,275.0
[*]C(=O)c1c(C(=O)c2ccc(Oc3ccc(C4(c5ccc(Oc6ccc([*])cc6)cc5)c5ccccc5-c5ccccc54)cc3)cc2)c(-c2ccc(F)cc2)c(-c2ccc(F)cc2)c(-c2ccc(F)cc2)c1-c1ccc(F)cc1,293.0
[*]C(=O)c1c(C(=O)c2ccc(Oc3ccc(C4(c5ccc(Oc6ccc([*])cc6)cc5)c5ccccc5-c5ccccc54)cc3)cc2)c(-c2ccccc2)c(-c2ccc3ccccc3c2)c(-c2ccc3ccccc3c2)c1-c1ccccc1,310.0
[*]C(=O)c1c(C(=O)c2ccc(Oc3ccc(Oc4ccc([*])cc4)cc3)cc2)c(-c2ccc(F)cc2)c(-c2ccc(F)cc2)c(-c2ccc(F)cc2)c1-c1ccc(F)cc1,266.0
[*]C(=O)c1c(F)c(F)c(Oc2ccc(C(c3ccc(Oc4c(F)c(F)c([*])c(F)c4F)cc3)(C(F)(F)F)C(F)(F)F)cc2)c(F)c1F,149.0
[*]C(=O)c1c(F)c(F)c(Oc2ccc(C3(c4ccc(Oc5c(F)c(F)c([*])c(F)c5F)cc4)c4ccccc4-c4ccccc43)cc2)c(F)c1F,223.0
[*]C(=O)c1cc(Br)cc(C(=O)c2ccc(Oc3ccc(S(=O)(=O)c4ccc(Oc5ccc([*])cc5)cc4)cc3)cc2)c1,192.0
[*]C(=O)c1cc(C(=O)c2ccc3c(c2)C(=O)N(c2ccc(C(c4ccc(N5C(=O)c6ccc([*])cc6C5=O)cc4)(C(F)(F)F)C(F)(F)F)cc2)C3=O)cc(-c2ccccc2)c1,260.5
[*]C(=O)c1cc(C(=O)c2ccc3c(c2)C(=O)N(c2ccc(Oc4ccc(N5C(=O)c6ccc([*])cc6C5=O)cc4)cc2)C3=O)cc(-c2ccccc2)c1,258.5
[*]C(=O)c1cc(C(=O)c2ccc3c(c2)C(=O)N(c2ccc(Oc4ccc(S(=O)(=O)c5ccc(Oc6ccc(N7C(=O)c8ccc([*])cc8C7=O)cc6)cc5)cc4)cc2)C3=O)cc(-c2ccccc2)c1,256.5
[*]C(=O)c1cc(C(=O)c2ccc3c(c2)C(=O)N(c2cccc(N4C(=O)c5ccc([*])cc5C4=O)c2)C3=O)cc(-c2ccccc2)c1,266.5
[*]C(=O)c1cc(I)cc(C(=O)c2ccc(Oc3ccc(S(=O)(=O)c4ccc(Oc5ccc([*])cc5)cc4)cc3)cc2)c1,203.0
[*]C(=O)c1cc2c(cc1Cl)C(=O)N(c1cc(Cl)c(N3C(=O)c4cc([*])c(Cl)cc4C3=O)cc1Cl)C2=O,367.0
[*]C(=O)c1cc2c(cc1Cl)C(=O)N(c1cc(Cl)cc(N3C(=O)c4cc([*])c(Cl)cc4C3=O)c1)C2=O,311.0
[*]C(=O)c1cc2c(cc1Cl)C(=O)N(c1cc(N3C(=O)c4cc([*])c(Cl)cc4C3=O)cc(C(F)(F)F)c1)C2=O,305.0
[*]C(=O)c1cc2c(cc1Cl)C(=O)N(c1cccc(N3C(=O)c4cc([*])c(Cl)cc4C3=O)c1)C2=O,313.0
[*]C(=O)c1ccc(-c2ccc(C(=O)c3ccc(Oc4ccc(-c5[nH]c(-c6ccccc6)nc5-c5ccc(Oc6ccc([*])cc6)cc5)cc4)cc3)cc2)cc1,258.0
[*]C(=O)c1ccc(-c2ccc(C(=O)c3ccc(Oc4ccc(-c5nc(-c6ccc(-c7nc(-c8ccc(Oc9ccc([*])cc9)cc8)c(-c8ccccc8)[nH]7)cc6)[nH]c5-c5ccccc5)cc4)cc3)cc2)cc1,273.0
[*]C(=O)c1ccc(-c2ccc(C(=O)c3ccc(Oc4ccc(-c5nc(-c6cccc(-c7nc(-c8ccc(Oc9ccc([*])cc9)cc8)c(-c8ccccc8)[nH]7)c6)[nH]c5-c5ccccc5)cc4)cc3)cc2)cc1,276.0
[*]C(=O)c1ccc(-c2ccc(C(=O)c3ccc(Oc4ccc(Oc5ccc([*])cc5)cc4-c4ccccc4)cc3)cc2)cc1,186.0
[*]C(=O)c1ccc(-c2ccc(C(=O)c3ccc(Oc4ccc(S(=O)(=O)c5ccc(Oc6ccc([*])cc6)cc5)cc4)cc3)cc2)cc1,207.0
[*]C(=O)c1ccc(-n2c(=O)c3cc4c(=O)n(-c5ccc([*])cc5)c(=O)c4cc3c2=O)cc1,424.0
[*]C(=O)c1ccc(-n2nc(-c3ccc(Oc4ccc(-c5nn(-c6ccc([*])cc6)c(=O)c6ccccc56)cc4)cc3)c3ccccc3c2=O)cc1,301.0
[*]C(=O)c1ccc(-n2nc(-c3ccc(Oc4ccc([*])cc4)c(Br)c3)c3ccccc3c2=O)cc1,254.0
[*]C(=O)c1ccc(-n2nc(-c3ccc(Oc4ccc([*])cc4)cc3)c3ccccc3c2=O)cc1,263.0
[*]C(=O)c1ccc(-n2nc(-c3ccc(Oc4ccc([*])cc4)cc3F)c3ccccc3c2=O)cc1,253.0
[*]C(=O)c1ccc(-n2nc(-c3ccc(Sc4ccc(-c5nn(-c6ccc([*])cc6)c(=O)c6ccccc56)cc4)cc3)c3ccccc3c2=O)cc1,281.0
[*]C(=O)c1ccc(-n2nc(-c3ccccc3)c3cc(Oc4ccc5c(-c6ccccc6)nn(-c6ccc([*])cc6)c(=O)c5c4)ccc3c2=O)cc1,275.5
[*]C(=O)c1ccc(C(=O)N2CC(C)N([*])CC2C)cc1,350.0
[*]C(=O)c1ccc(C(=O)Nc2ccc(NC(=O)c3ccc([*])cc3C(=O)O)cc2)c(C(=O)O)c1,317.0
[*]C(=O)c1ccc(C(=O)Nc2ccc(NC(=O)c3ccc([*])cc3C(=O)OCC)cc2)c(C(=O)OCC)c1,275.0
[*]C(=O)c1ccc(C(=O)O)c(C(=O)Nc2ccc(NC(=O)c3cc([*])ccc3C(=O)O)cc2)c1,213.20000000000005
[*]C(=O)c1ccc(C(=O)c2ccc(-n3nc(-c4ccc(Oc5ccc([*])cc5)cc4F)c4ccccc4c3=O)cc2)cc1,287.0
[*]C(=O)c1ccc(C(=O)c2ccc(C(=O)c3ccc(Oc4ccc(-c5[nH]c(-c6ccccc6)nc5-c5ccc(Oc6ccc([*])cc6)cc5)cc4)cc3)cc2)cc1,239.0
[*]C(=O)c1ccc(C(=O)c2ccc(C(=O)c3ccc(Oc4ccc(N5C(=O)c6ccc(C(=O)c7ccc8c(c7)C(=O)N(c7ccc(Oc9ccc([*])cc9)cc7)C8=O)cc6C5=O)cc4)cc3)cc2)cc1,233.0
[*]C(=O)c1ccc(C(=O)c2ccc(Nc3ccc(N=Nc4ccc(Nc5ccc([*])cc5)cc4)cc3)cc2)cc1,203.0
[*]C(=O)c1ccc(C(=O)c2ccc(Nc3ccc(Nc4ccc([*])cc4)cc3)cc2)cc1,203.5
[*]C(=O)c1ccc(C(=O)c2ccc(Nc3ccc(Oc4ccc(Nc5ccc([*])cc5)cc4)cc3)cc2)cc1,215.0
[*]C(=O)c1ccc(C(=O)c2ccc(Oc3ccc(-c4[nH]c(-c5ccccc5)nc4-c4ccc(Oc5ccc([*])cc5)cc4)cc3)cc2)cc1,248.0
[*]C(=O)c1ccc(C(=O)c2ccc(Oc3ccc(-c4cc(-c5ccc(Oc6ccc([*])cc6)cc5)[nH]n4)cc3)cc2)cc1,235.0
[*]C(=O)c1ccc(C(=O)c2ccc(Oc3ccc(-c4cc(-c5ccc(Oc6ccc([*])cc6)cc5)n(-c5ccccc5)n4)cc3)cc2)cc1,205.0
[*]C(=O)c1ccc(C(=O)c2ccc(Oc3ccc(-c4ccc(Oc5ccc([*])cc5)cc4)cc3)cc2)cc1,173.0
[*]C(=O)c1ccc(C(=O)c2ccc(Oc3ccc(-c4nc(-c5ccc(-c6nc(-c7ccc(Oc8ccc([*])cc8)cc7)c(-c7ccccc7)[nH]6)cc5)[nH]c4-c4ccccc4)cc3)cc2)cc1,278.0
[*]C(=O)c1ccc(C(=O)c2ccc(Oc3ccc(-c4nc(-c5cccc(-c6nc(-c7ccc(Oc8ccc([*])cc8)cc7)c(-c7ccccc7)[nH]6)c5)[nH]c4-c4ccccc4)cc3)cc2)cc1,262.0
[*]C(=O)c1ccc(C(=O)c2ccc(Oc3ccc(-c4nc5ccccc5n4-c4ccc(-c5ccc(-n6c(-c7ccc(Oc8ccc([*])cc8)cc7)nc7ccccc76)cc5)cc4)cc3)cc2)cc1,259.0
[*]C(=O)c1ccc(C(=O)c2ccc(Oc3ccc(-c4nc5ccccc5n4-c4ccc(-n5c(-c6ccc(Oc7ccc([*])cc7)cc6)nc6ccccc65)cc4)cc3)cc2)cc1,238.0
[*]C(=O)c1ccc(C(=O)c2ccc(Oc3ccc(C4(c5ccc(Oc6ccc([*])cc6)cc5)c5ccccc5-c5ccccc54)cc3)cc2)cc1,243.0
[*]C(=O)c1ccc(C(=O)c2ccc(Oc3ccc(Cc4ccc(Oc5ccc([*])cc5)cc4)cc3)cc2)cc1,120.0
[*]C(=O)c1ccc(C(=O)c2ccc(Oc3ccc(N4C(=O)c5ccc(-c6ccc7c(c6)C(=O)N(c6ccc(Oc8ccc([*])cc8)cc6)C7=O)cc5C4=O)cc3)cc2)cc1,245.0
[*]C(=O)c1ccc(C(=O)c2ccc(Oc3ccc(N4C(=O)c5ccc(C(=O)c6ccc7c(c6)C(=O)N(c6ccc(Oc8ccc([*])cc8)cc6)C7=O)cc5C4=O)cc3)cc2)cc1,233.0
[*]C(=O)c1ccc(C(=O)c2ccc(Oc3ccc(Oc4ccc([*])cc4)cc3)cc2)c2ccccc12,200.02500000000003
[*]C(=O)c1ccc(C(=O)c2ccc(Oc3ccc(Oc4ccc([*])cc4)cc3)cc2)cc1,152.0
[*]C(=O)c1ccc(C(=O)c2ccc(Oc3ccc(Oc4ccc([*])cc4)cc3-c3ccc(Cl)c(C(F)(F)F)c3)cc2)cc1,147.0
[*]C(=O)c1ccc(C(=O)c2ccc(Oc3ccc(Oc4ccc([*])cc4)cc3-c3ccc(S(=O)(=O)O)cc3)cc2)cc1,174.0
[*]C(=O)c1ccc(C(=O)c2ccc(Oc3ccc(Oc4ccc([*])cc4)cc3-c3ccccc3)cc2)cc1,166.0
[*]C(=O)c1ccc(C(=O)c2ccc(Oc3ccc([*])cc3)cc2)cc1,157.0
[*]C(=O)c1ccc(C(=O)c2ccc(Oc3ccc([*])cc3C)c(C(C)C)c2)cc1,149.0
[*]C(=O)c1ccc(C(=O)c2ccc(Oc3cccc(Cc4cccc(Oc5ccc([*])cc5)c4)c3)cc2)cc1,122.0
[*]C(=O)c1ccc(C(c2ccc(C(=O)c3ccc(Oc4ccc(C(c5ccc(Oc6ccc([*])cc6)cc5)(C(F)(F)F)C(F)(F)F)cc4)cc3)cc2)(C(F)(F)F)C(F)(F)F)cc1,185.0
[*]C(=O)c1ccc(C(c2ccc(C(=O)c3ccc(Sc4ccc([*])cc4)cc3)cc2)(C(F)(F)F)C(F)(F)F)cc1,175.0
[*]C(=O)c1ccc(N([*])C)cc1,197.0
[*]C(=O)c1ccc(N([*])CCC)cc1,136.0
[*]C(=O)c1ccc(N([*])CCCC)cc1,124.0
[*]C(=O)c1ccc(N([*])CCCCC)cc1,83.5
[*]C(=O)c1ccc(N([*])CCCCCCC)cc1,45.900000000000034
[*]C(=O)c1ccc(N([*])CCCCCCCC)cc1,30.0
[*]C(=O)c1ccc(N2C(=O)c3ccc(C(=O)c4ccc(C(=O)c5ccc6c(c5)C(=O)N(c5ccc(C(=O)c7ccc([*])cc7)cc5)C6=O)cc4)cc3C2=O)cc1,260.0
[*]C(=O)c1ccc(N2C(=O)c3ccc(C(=O)c4ccc5c(c4)C(=O)N(c4ccc(C(=O)c6ccc(Cc7ccc([*])cc7)cc6)cc4)C5=O)cc3C2=O)cc1,285.5
[*]C(=O)c1ccc(N2C(=O)c3ccc(C(=O)c4ccc5c(c4)C(=O)N(c4ccc(C(=O)c6ccc([*])cc6)cc4)C5=O)cc3C2=O)cc1,286.0
[*]C(=O)c1ccc(N2C(=O)c3ccc(C(=O)c4ccc5c(c4)C(=O)N(c4ccc(Cc6ccc([*])cc6)cc4)C5=O)cc3C2=O)cc1,307.0
[*]C(=O)c1ccc(N2C(=O)c3ccc(C(=O)c4ccc5c(c4)C(=O)N(c4ccc(N([*])C)cc4)C5=O)cc3C2=O)cc1,313.0
[*]C(=O)c1ccc(N2C(=O)c3ccc(C(=O)c4ccc5c(c4)C(=O)N(c4cccc(Cc6ccc([*])cc6)c4)C5=O)cc3C2=O)cc1,254.0
[*]C(=O)c1ccc(N2C(=O)c3ccc(Oc4ccc(Oc5ccc6c(c5)C(=O)N(c5ccc([*])cc5)C6=O)cc4)cc3C2=O)cc1,268.0
[*]C(=O)c1ccc(N2C(=O)c3ccc(Oc4ccc5c(c4)C(=O)N(c4ccc([*])cc4)C5=O)cc3C2=O)cc1,274.0
[*]C(=O)c1ccc(NC(=O)c2ccc(C(=O)Nc3c(C)c(C)c([*])c(C)c3C)cc2)cc1,366.0
[*]C(=O)c1ccc(NC(=O)c2ccc(C(=O)Nc3ccc(C(=O)c4c(C)c(C)c([*])c(C)c4C)cc3)cc2)cc1,345.0
[*]C(=O)c1ccc(Nc2ccc(N=Nc3ccc(Nc4ccc([*])cc4)cc3)cc2)cc1,216.42000000000002
[*]C(=O)c1ccc(OCC(O)COc2ccc([*])cc2)cc1,130.0
[*]C(=O)c1ccc(OCCCCCCOc2ccc(C(=O)N([*])c3cc(C)cc(C)c3)cc2)cc1,75.0
[*]C(=O)c1ccc(ON2C(=O)c3cccc(-c4ccc(Oc5ccc(N6C(=O)c7cccc(Oc8ccc([*])cc8)c7C6=O)cc5)cc4)c3C2=O)cc1,252.0
[*]C(=O)c1ccc(Oc2c(C)cc([*])cc2C)cc1,200.0
[*]C(=O)c1ccc(Oc2ccc(-c3[nH]c(-c4ccccc4)nc3-c3ccc(Oc4ccc([*])cc4)cc3)cc2)cc1,259.0
[*]C(=O)c1ccc(Oc2ccc(-c3c4c(c(-c5ccc(Oc6ccc([*])cc6)cc5)c5ccccc35)C(=O)N(c3ccc(C(F)(F)F)cc3)C4=O)cc2)cc1,260.0
[*]C(=O)c1ccc(Oc2ccc(-c3c4c(c(-c5ccc(Oc6ccc([*])cc6)cc5)c5ccccc35)C(=O)N(c3ccc(Cl)cc3)C4=O)cc2)cc1,272.0
[*]C(=O)c1ccc(Oc2ccc(-c3c4c(c(-c5ccc(Oc6ccc([*])cc6)cc5)c5ccccc35)C(=O)N(c3ccc(F)cc3)C4=O)cc2)cc1,290.0
[*]C(=O)c1ccc(Oc2ccc(-c3c4c(c(-c5ccc(Oc6ccc([*])cc6)cc5)c5ccccc35)C(=O)N(c3cccc(C(F)(F)F)c3)C4=O)cc2)cc1,252.0
[*]C(=O)c1ccc(Oc2ccc(-c3c4c(c(-c5ccc(Oc6ccc([*])cc6)cc5)c5ccccc35)C(=O)N(c3ccccc3)C4=O)cc2)cc1,273.5
[*]C(=O)c1ccc(Oc2ccc(-c3c4c(c(-c5ccc(Oc6ccc([*])cc6)cc5)c5ccccc35)C(=O)N(c3ccccc3-c3ccccc3)C4=O)cc2)cc1,245.0
[*]C(=O)c1ccc(Oc2ccc(-c3c4c(c(-c5ccc(Oc6ccc([*])cc6)cc5)c5ccccc35)C(=O)N(c3ccccc3C(F)(F)F)C4=O)cc2)cc1,260.0
[*]C(=O)c1ccc(Oc2ccc(-c3c4c(c(-c5ccc(Oc6ccc([*])cc6)cc5)c5ccccc35)C(=O)N(c3ccccc3F)C4=O)cc2)cc1,282.0
[*]C(=O)c1ccc(Oc2ccc(-c3cc(-c4ccc(Oc5ccc(C(=O)c6ccc(Oc7ccc([*])cc7)cc6)cc5)cc4)nn3-c3ccccc3)cc2)cc1,190.0
[*]C(=O)c1ccc(Oc2ccc(-c3cc(-c4ccc(Oc5ccc([*])cc5)cc4)[nH]n3)cc2)cc1,229.0
[*]C(=O)c1ccc(Oc2ccc(-c3cc(-c4ccc(Oc5ccc([*])cc5)cc4)n(-c4ccccc4)n3)cc2)cc1,205.0
[*]C(=O)c1ccc(Oc2ccc(-c3ccc(Oc4ccc(C(=O)c5ccc([*])cc5)cc4C(F)(F)F)cc3)cc2)c(C(F)(F)F)c1,187.0
[*]C(=O)c1ccc(Oc2ccc(-c3ccc(Oc4ccc([*])cc4)cc3)cc2)cc1,167.0
[*]C(=O)c1ccc(Oc2ccc(-c3ccc(Oc4ccc([*])cc4S(=O)(=O)O)cc3)cc2)c(S(=O)(=O)O)c1,225.0
[*]C(=O)c1ccc(Oc2ccc(-c3nc(-c4ccc(-c5nc(-c6ccc(Oc7ccc(C(=O)c8ccc(Oc9ccc([*])cc9)cc8)cc7)cc6)c(-c6ccccc6)[nH]5)cc4)[nH]c3-c3ccccc3)cc2)cc1,245.0
[*]C(=O)c1ccc(Oc2ccc(-c3nc(-c4ccc(-c5nc(-c6ccc(Oc7ccc([*])cc7)cc6)c(-c6ccccc6)[nH]5)cc4)[nH]c3-c3ccccc3)cc2)cc1,276.0
[*]C(=O)c1ccc(Oc2ccc(-c3nc(-c4cccc(-c5nc(-c6ccc(Oc7ccc([*])cc7)cc6)c(-c6ccccc6)[nH]5)c4)[nH]c3-c3ccccc3)cc2)cc1,282.0
[*]C(=O)c1ccc(Oc2ccc(-c3nc(-c4ccccc4)[nH]c3-c3ccc(Oc4ccc(C(=O)c5ccc(Cc6ccc([*])cc6)cc5)cc4)cc3)cc2)cc1,231.0
[*]C(=O)c1ccc(Oc2ccc(-c3nc(-c4ccccc4)[nH]c3-c3ccc(Oc4ccc(C(=O)c5ccc(Oc6ccc([*])cc6)cc5)cc4)cc3)cc2)cc1,230.0
[*]C(=O)c1ccc(Oc2ccc(-c3nc(-c4ccccn4)nnc3-c3ccc(Oc4ccc([*])cc4)cc3)cc2)cc1,223.0
[*]C(=O)c1ccc(Oc2ccc(-c3nc4ccccc4n3-c3ccc(-c4ccc(-n5c(-c6ccc(Oc7ccc(C(=O)c8ccc(Oc9ccc([*])cc9)cc8)cc7)cc6)nc6ccccc65)cc4)cc3)cc2)cc1,243.0
[*]C(=O)c1ccc(Oc2ccc(-c3nc4ccccc4n3-c3ccc(-c4ccc(-n5c(-c6ccc(Oc7ccc([*])cc7)cc6)nc6ccccc65)cc4)cc3)cc2)cc1,268.0
[*]C(=O)c1ccc(Oc2ccc(-c3nc4ccccc4n3-c3ccc(-n4c(-c5ccc(Oc6ccc(C(=O)c7ccc(Oc8ccc([*])cc8)cc7)cc6)cc5)nc5ccccc54)cc3)cc2)cc1,223.0
[*]C(=O)c1ccc(Oc2ccc(-c3nc4ccccc4n3-c3ccc(-n4c(-c5ccc(Oc6ccc([*])cc6)cc5)nc5ccccc54)cc3)cc2)cc1,242.0
[*]C(=O)c1ccc(Oc2ccc(-c3nnc(-c4ccc(Oc5ccc([*])cc5)cc4)c4c(-c5ccc(F)cc5)c(-c5ccc(F)cc5)c(-c5ccc(F)cc5)c(-c5ccc(F)cc5)c34)cc2)cc1,313.0
[*]C(=O)c1ccc(Oc2ccc(-c3nnc(-c4ccc(Oc5ccc([*])cc5)cc4)c4c(-c5ccccc5)c(-c5ccc6ccccc6c5)c(-c5ccc6ccccc6c5)c(-c5ccccc5)c34)cc2)cc1,312.0
[*]C(=O)c1ccc(Oc2ccc(/C=N/N=C/c3ccc(Oc4ccc([*])cc4)cc3)cc2)cc1,179.0
[*]C(=O)c1ccc(Oc2ccc(C(=O)c3c(C(=O)c4ccc(Oc5ccc([*])cc5)cc4)c(-c4ccc(F)cc4)c(-c4ccc(F)cc4)c(-c4ccc(F)cc4)c3-c3ccc(F)cc3)cc2)cc1,260.0
[*]C(=O)c1ccc(Oc2ccc(C(=O)c3c(C(=O)c4ccc(Oc5ccc([*])cc5)cc4)c(-c4ccccc4)c(-c4ccc5ccccc5c4)c(-c4ccc5ccccc5c4)c3-c3ccccc3)cc2)cc1,290.0
[*]C(=O)c1ccc(Oc2ccc(C(=O)c3ccc(C(=O)c4ccc(Oc5ccc([*])cc5)cc4)cc3)cc2)cc1,169.0
[*]C(=O)c1ccc(Oc2ccc(C(=O)c3ccc(Oc4ccc(Cc5ccc(Oc6ccc([*])cc6)cc5)cc4)cc3)cc2)cc1,128.0
[*]C(=O)c1ccc(Oc2ccc(C(=O)c3cccc(C(=O)c4ccc(Oc5ccc([*])cc5)cc4)c3)cc2)cc1,152.0
[*]C(=O)c1ccc(Oc2ccc(C(C)(C)c3ccc(Oc4ccc(C(=O)c5c(C)ccc6c([*])c(C)ccc56)cc4)cc3)cc2)cc1,222.0
[*]C(=O)c1ccc(Oc2ccc(C(c3ccc(Oc4ccc(C(=O)c5cc([*])cc(C(C)(C)C)c5)cc4)cc3)(C(F)(F)F)C(F)(F)F)cc2)cc1,181.0
[*]C(=O)c1ccc(Oc2ccc(C(c3ccc(Oc4ccc(C([*])=O)cc4)cc3)(C(F)(F)F)C(F)(F)F)cc2)cc1,162.0
[*]C(=O)c1ccc(Oc2ccc(C(c3ccc(Oc4ccc([*])cc4)cc3)(C(F)(F)F)C(F)(F)F)cc2)c2ccccc12,190.0
[*]C(=O)c1ccc(Oc2ccc(C(c3ccc(Oc4ccc([*])cc4)cc3)(C(F)(F)F)C(F)(F)F)cc2)cc1,175.0
[*]C(=O)c1ccc(Oc2ccc(C3(c4ccc(Oc5ccc(C(=O)c6ccc(Oc7ccc([*])cc7)cc6)cc5)cc4)c4ccccc4-c4ccccc43)cc2)cc1,231.0
[*]C(=O)c1ccc(Oc2ccc(C3(c4ccc(Oc5ccc(C(=O)c6ccc([*])cc6)cc5C(F)(F)F)cc4)c4ccccc4-c4ccccc43)cc2)c(C(F)(F)F)c1,229.0
[*]C(=O)c1ccc(Oc2ccc(C3(c4ccc(Oc5ccc(C([*])=O)cc5)cc4)c4ccccc4-c4ccccc43)cc2)cc1,242.0
[*]C(=O)c1ccc(Oc2ccc(C3(c4ccc(Oc5ccc([*])cc5)cc4)CCC4CCCCC4C3)cc2)cc1,214.0
[*]C(=O)c1ccc(Oc2ccc(C3(c4ccc(Oc5ccc([*])cc5)cc4)c4ccccc4-c4ccccc43)cc2)c2ccccc12,260.0
[*]C(=O)c1ccc(Oc2ccc(C3(c4ccc(Oc5ccc([*])cc5)cc4)c4ccccc4-c4ccccc43)cc2)cc1,252.0
[*]C(=O)c1ccc(Oc2ccc(C3(c4ccc(Oc5ccc([*])cc5)cc4)c4ccccc4-c4ccccc43)cc2)s1,195.0
[*]C(=O)c1ccc(Oc2ccc(N3C(=O)c4ccc(-c5ccc6c(c5)C(=O)N(c5ccc(Oc7ccc([*])cc7)cc5)C6=O)cc4C3=O)cc2)cc1,253.0
[*]C(=O)c1ccc(Oc2ccc(N3C(=O)c4ccc(C(=O)c5ccc6c(c5)C(=O)N(c5ccc(Oc7ccc(C(=O)c8ccc(Oc9ccc([*])cc9)cc8)cc7)cc5)C6=O)cc4C3=O)cc2)cc1,215.0
[*]C(=O)c1ccc(Oc2ccc(N3C(=O)c4ccc(C(=O)c5ccc6c(c5)C(=O)N(c5ccc(Oc7ccc([*])cc7)cc5)C6=O)cc4C3=O)cc2)cc1,252.0
[*]C(=O)c1ccc(Oc2ccc(N3C(=O)c4ccc(C(c5ccc6c(c5)C(=O)N(c5ccc(Oc7ccc([*])cc7)cc5)C6=O)(C(F)(F)F)C(F)(F)F)cc4C3=O)cc2)cc1,266.0
[*]C(=O)c1ccc(Oc2ccc(N3C(=O)c4ccc(Oc5ccc6c(c5)C(=O)N(c5ccc(Oc7ccc([*])cc7)cc5)C6=O)cc4C3=O)cc2)cc1,243.0
[*]C(=O)c1ccc(Oc2ccc(N3C(=O)c4ccc(Oc5cccc(Oc6ccc7c(c6)C(=O)N(c6ccc(Oc8ccc([*])cc8)cc6)C7=O)c5)cc4C3=O)cc2)cc1,201.0
[*]C(=O)c1ccc(Oc2ccc(N3C(=O)c4ccc(S(=O)(=O)c5ccc6c(c5)C(=O)N(c5ccc(Oc7ccc([*])cc7)cc5)C6=O)cc4C3=O)cc2)cc1,275.5
[*]C(=O)c1ccc(Oc2ccc(Oc3ccc(C(=O)c4ccc(Oc5ccc(Oc6ccc([*])cc6C(C)C)cc5)c(C(C)C)c4)cc3)cc2)cc1,145.0
[*]C(=O)c1ccc(Oc2ccc(Oc3ccc(Oc4ccc([*])cc4)cc3)cc2)cc1,150.5
[*]C(=O)c1ccc(Oc2ccc(Oc3ccc([*])cc3)cc2-c2cc(C(F)(F)F)cc(C(F)(F)F)c2)cc1,146.0
[*]C(=O)c1ccc(Oc2ccc(Oc3ccc([*])cc3)cc2-c2ccc(Oc3ccccc3)cc2)cc1,146.0
[*]C(=O)c1ccc(Oc2ccc(Oc3ccc([*])cc3)cc2-c2cccc(C(F)(F)F)c2)cc1,134.0
[*]C(=O)c1ccc(Oc2ccc(Oc3ccc([*])cc3)cc2-c2ccccc2)cc1,157.0
[*]C(=O)c1ccc(Oc2ccc(Oc3ccc([*])cc3)cc2S(=O)(=O)O)cc1,225.0
[*]C(=O)c1ccc(Oc2ccc(Oc3ccc([*])cc3S(=O)(=O)O)cc2)c(S(=O)(=O)O)c1,220.0
[*]C(=O)c1ccc(Oc2ccc(Oc3ccc([*])cc3S(=O)(=O)O)cc2S(=O)(=O)O)c(S(=O)(=O)O)c1,248.0
[*]C(=O)c1ccc(Oc2ccc(Oc3cccc(Oc4ccc(Oc5ccc([*])cc5)cc4)n3)cc2)cc1,124.0
[*]C(=O)c1ccc(Oc2ccc(S(=O)(=O)c3ccc(Oc4ccc(-c5ccc(Oc6ccc([*])cc6)cc5)cc4)cc3)cc2)cc1,206.0
[*]C(=O)c1ccc(Oc2ccc(S(=O)(=O)c3ccc(Oc4ccc(C(=O)c5cc([*])cc(C(C)(C)C)c5)cc4)cc3)cc2)cc1,198.0
[*]C(=O)c1ccc(Oc2ccc(S(=O)(=O)c3ccc(Oc4ccc(Oc5ccc([*])cc5)cc4)cc3)cc2)cc1,186.0
[*]C(=O)c1ccc(Oc2ccc(S(=O)(=O)c3ccc(Oc4ccc([*])cc4)cc3)cc2)cc1,205.0
[*]C(=O)c1ccc(Oc2ccc([*])cc2)cc1,154.0
[*]C(=O)c1ccc(Oc2ccc3c(=O)n4c5cc(-c6ccc7c(c6)nc6c8ccc(Oc9ccc([*])cc9)c9cccc(c(=O)n76)c98)ccc5nc4c4cccc2c34)cc1,389.0
[*]C(=O)c1ccc(Oc2ccc3c(c2)C(=O)N(c2ccc(Oc4ccc(N5C(=O)c6ccc(Oc7ccc([*])cc7)cc6C5=O)cc4)cc2)C3=O)cc1,210.0
[*]C(=O)c1ccc(Oc2ccc3c(c2)C(=O)N(c2ccc(Oc4cccc(Oc5ccc(N6C(=O)c7ccc(Oc8ccc([*])cc8)cc7C6=O)cc5)c4)cc2)C3=O)cc1,194.0
[*]C(=O)c1ccc(Oc2ccc3c(c2)C(=O)N(c2cccc(N4C(=O)c5ccc(Oc6ccc([*])cc6)cc5C4=O)c2)C3=O)cc1,239.0
[*]C(=O)c1ccc(Oc2ccc3cc(Oc4ccc(S(=O)(=O)c5ccc(Oc6ccc([*])cc6)cc5)cc4)ccc3c2)cc1,199.0
[*]C(=O)c1ccc(Oc2ccc3cc(Oc4ccc([*])cc4)ccc3c2)cc1,247.0
[*]C(=O)c1ccc(Oc2cccc(C(=O)c3ccc(Oc4ccc([*])cc4)cc3)c2)cc1,146.0
[*]C(=O)c1ccc(Oc2cccc(Cc3cccc(Oc4ccc(C(=O)c5ccc(Oc6ccc([*])cc6)cc5)cc4)c3)c2)cc1,123.0
[*]C(=O)c1ccc(Oc2cccc(N3C(=O)c4cccc(Oc5cccc6c5C(=O)N(c5cccc(Oc7ccc([*])cc7)c5)C6=O)c4C3=O)c2)cc1,198.0
[*]C(=O)c1ccc(Oc2cccc(Oc3ccc(S(=O)(=O)c4ccc(Oc5ccc([*])cc5)cc4)cc3)c2)cc1,167.0
[*]C(=O)c1ccc(Oc2cccc(Oc3ccc([*])cc3)c2)cc1,125.0
[*]C(=O)c1ccc(Oc2cccc3c2C(=O)N(c2ccc(Oc4cccc(Oc5ccc(N6C(=O)c7cccc(Oc8ccc([*])cc8)c7C6=O)cc5)c4)cc2)C3=O)cc1,216.0
[*]C(=O)c1ccc(Oc2cccc3c2C(=O)N(c2cccc(N4C(=O)c5cccc(Oc6ccc([*])cc6)c5C4=O)c2)C3=O)cc1,248.0
[*]C(=O)c1ccc(P(=O)(c2ccccc2)c2ccc(C(=O)c3ccc(Oc4ccc(C(c5ccc(Oc6ccc([*])cc6)cc5)(C(F)(F)F)C(F)(F)F)cc4)cc3)cc2)cc1,207.0
[*]C(=O)c1ccc(P(=O)(c2ccccc2)c2ccc(C(=O)c3ccc(Oc4ccc(Oc5ccc([*])cc5)cc4)cc3)cc2)cc1,207.0
[*]C(=O)c1ccc(P(=O)(c2ccccc2)c2ccc(C(=O)c3ccc(Oc4cccc(Oc5ccc([*])cc5)c4)cc3)cc2)cc1,201.0
[*]C(=O)c1ccc(S(=O)(=O)c2ccc(C(=O)c3ccc([*])cc3)cc2)cc1,213.5
[*]C(=O)c1ccc2c(c1)C(=O)N(C(=S)Nc1ccc(Oc3ccc(NC(=S)N4C(=O)c5ccc([*])cc5C4=O)cc3)cc1)C2=O,262.0
[*]C(=O)c1ccc2c(c1)C(=O)N(C1CCC(CC3CCC(N4C(=O)c5ccc([*])cc5C4=O)CC3)CC1)C2=O,254.0
[*]C(=O)c1ccc2c(c1)C(=O)N(CC1CC3CC1C1CCC(CN4C(=O)c5ccc([*])cc5C4=O)C31)C2=O,217.0
[*]C(=O)c1ccc2c(c1)C(=O)N(CC1CCCC(CN3C(=O)c4ccc([*])cc4C3=O)C1)C2=O,213.0
[*]C(=O)c1ccc2c(c1)C(=O)N(CCCCCCCCCCCCN1C(=O)c3ccc([*])cc3C1=O)C2=O,87.5
[*]C(=O)c1ccc2c(c1)C(=O)N(CCCCCCCCN1C(=O)c3ccc([*])cc3C1=O)C2=O,113.0
[*]C(=O)c1ccc2c(c1)C(=O)N(CCCCCCN1C(=O)c3ccc([*])cc3C1=O)C2=O,127.0
[*]C(=O)c1ccc2c(c1)C(=O)N(c1c(-c3ccccc3)cc(-c3ccc(-c4cc(-c5ccccc5)c(N5C(=O)c6ccc([*])cc6C5=O)c(-c5ccccc5)c4)cc3)cc1-c1ccccc1)C2=O,265.0
[*]C(=O)c1ccc2c(c1)C(=O)N(c1cc(-c3nc4ccccc4[nH]3)cc(N3C(=O)c4ccc([*])cc4C3=O)c1)C2=O,197.0
[*]C(=O)c1ccc2c(c1)C(=O)N(c1cc(/C=N/C(=S)Nc3ccc(N4C(=O)c5ccc([*])cc5C4=O)cc3)ccc1Cl)C2=O,274.0
[*]C(=O)c1ccc2c(c1)C(=O)N(c1cc(Br)c(Oc3c(Br)cc(N4C(=O)c5ccc([*])cc5C4=O)cc3Br)c(Br)c1)C2=O,323.0
[*]C(=O)c1ccc2c(c1)C(=O)N(c1cc(C(c3ccc(O)c(N4C(=O)c5ccc([*])cc5C4=O)c3)(C(F)(F)F)C(F)(F)F)ccc1O)C2=O,315.0
[*]C(=O)c1ccc2c(c1)C(=O)N(c1cc(N3C(=O)c4ccc(Cc5cccc([*])c5)cc4C3=O)cc(C(F)(F)F)c1)C2=O,253.0
[*]C(=O)c1ccc2c(c1)C(=O)N(c1cc(N3C(=O)c4ccc([*])cc4C3=O)c(O)cc1O)C2=O,324.0
[*]C(=O)c1ccc2c(c1)C(=O)N(c1cc(N3C(=O)c4ccc([*])cc4C3=O)ccc1OCC(F)(F)C(F)(F)C(F)(F)C(F)(F)C(F)(F)C(F)(F)C(F)(F)C(F)(F)C(F)(F)C(F)(F)F)C2=O,194.0
[*]C(=O)c1ccc2c(c1)C(=O)N(c1cc(N3C(=O)c4ccc([*])cc4C3=O)ccc1OCC(F)(F)C(F)(F)C(F)(F)C(F)(F)C(F)(F)C(F)(F)C(F)(F)F)C2=O,223.0
[*]C(=O)c1ccc2c(c1)C(=O)N(c1cc(N3C(=O)c4ccc([*])cc4C3=O)ccc1OCC(F)(F)C(F)(F)C(F)(F)C(F)(F)C(F)(F)C(F)(F)F)C2=O,229.0
[*]C(=O)c1ccc2c(c1)C(=O)N(c1cc(N3C(=O)c4ccc([*])cc4C3=O)ccc1OCC(F)(F)C(F)(F)C(F)(F)F)C2=O,262.0
[*]C(=O)c1ccc2c(c1)C(=O)N(c1ccc(-c3c(-c4ccc(-c5ccccc5)cc4)cc(-c4ccc(OCCCCCCCCCCOc5ccc(-c6cc(-c7ccc(-c8ccccc8)cc7)c(-c7ccc(N8C(=O)c9ccc([*])cc9C8=O)cc7)c(-c7ccc(-c8ccccc8)cc7)c6)cc5)cc4)cc3-c3ccc(-c4ccccc4)cc3)cc1)C2=O,103.5
[*]C(=O)c1ccc2c(c1)C(=O)N(c1ccc(-c3c(-c4ccc(-c5ccccc5)cc4)cc(-c4ccc(OCCCCCCOc5ccc(-c6cc(-c7ccc(-c8ccccc8)cc7)c(-c7ccc(N8C(=O)c9ccc([*])cc9C8=O)cc7)c(-c7ccc(-c8ccccc8)cc7)c6)cc5)cc4)cc3-c3ccc(-c4ccccc4)cc3)cc1)C2=O,111.5
[*]C(=O)c1ccc2c(c1)C(=O)N(c1ccc(-c3ccc(N4C(=O)c5ccc([*])cc5C4=O)c(OCCCCCCOc4ccc(/C=C/c5ccc(F)cc5)cc4)c3)cc1OCCCCCCOc1ccc(/C=C/c3ccc(F)cc3)cc1)C2=O,128.0
[*]C(=O)c1ccc2c(c1)C(=O)N(c1ccc(-c3ccc(N4C(=O)c5ccc([*])cc5C4=O)cc3)cc1)C2=O,382.0
[*]C(=O)c1ccc2c(c1)C(=O)N(c1ccc(-c3ccccc3N3C(=O)c4ccc([*])cc4C3=O)cc1)C2=O,305.0
[*]C(=O)c1ccc2c(c1)C(=O)N(c1ccc(-c3nc(-c4ccccc4)nc(-c4ccc(N5C(=O)c6ccc([*])cc6C5=O)cc4)n3)cc1)C2=O,355.0
[*]C(=O)c1ccc2c(c1)C(=O)N(c1ccc(-c3nc4cc(-c5ccc6nc(-c7ccccc7)c(-c7ccc(N8C(=O)c9ccc([*])cc9C8=O)cc7)nc6c5)ccc4nc3-c3ccccc3)cc1)C2=O,260.0
[*]C(=O)c1ccc2c(c1)C(=O)N(c1ccc(-c3nc4cc(Oc5ccc6nc(-c7ccccc7)c(-c7ccc(N8C(=O)c9ccc([*])cc9C8=O)cc7)nc6c5)ccc4nc3-c3ccccc3)cc1)C2=O,254.0
[*]C(=O)c1ccc2c(c1)C(=O)N(c1ccc(-c3nc4cc(S(=O)(=O)c5ccc6nc(-c7ccccc7)c(-c7ccc(N8C(=O)c9ccc([*])cc9C8=O)cc7)nc6c5)ccc4nc3-c3ccccc3)cc1)C2=O,240.0
[*]C(=O)c1ccc2c(c1)C(=O)N(c1ccc(/C=C/c3ccc(N4C(=O)c5ccc([*])cc5C4=O)cc3)cc1)C2=O,303.0
[*]C(=O)c1ccc2c(c1)C(=O)N(c1ccc(/C=C/c3ccc(N4C(=O)c5ccc([*])cc5C4=O)cc3S(=O)(=O)O[Na])c(S(=O)(=O)O[Na])c1)C2=O,229.0
[*]C(=O)c1ccc2c(c1)C(=O)N(c1ccc(C(=O)c3ccccc3N3C(=O)c4ccc([*])cc4C3=O)cc1)C2=O,289.0
[*]C(=O)c1ccc2c(c1)C(=O)N(c1ccc(C(c3ccc(N4C(=O)c5ccc(C(=O)c6cc([*])cc(C(C)(C)C)c6)cc5C4=O)cc3)(C(F)(F)F)C(F)(F)F)cc1)C2=O,267.5
[*]C(=O)c1ccc2c(c1)C(=O)N(c1ccc(C(c3ccc(N4C(=O)c5ccc(C(=O)c6cccc([*])c6)cc5C4=O)cc3)(C(F)(F)F)C(F)(F)F)cc1)C2=O,262.5
[*]C(=O)c1ccc2c(c1)C(=O)N(c1ccc(C(c3ccc(N4C(=O)c5ccc([*])cc5C4=O)cc3)(C(F)(F)F)C(F)(F)F)cc1)C2=O,308.03
[*]C(=O)c1ccc2c(c1)C(=O)N(c1ccc(C(c3ccccc3)(c3ccc(N4C(=O)c5ccc([*])cc5C4=O)cc3)C(F)(F)F)cc1)C2=O,311.0
[*]C(=O)c1ccc2c(c1)C(=O)N(c1ccc(C(c3ccccc3)c3ccc(N4C(=O)c5ccc([*])cc5C4=O)cc3)cc1)C2=O,282.0
[*]C(=O)c1ccc2c(c1)C(=O)N(c1ccc(C3(c4ccc(N5C(=O)c6ccc([*])cc6C5=O)cc4)c4ccccc4-c4ccccc43)cc1)C2=O,376.0
[*]C(=O)c1ccc2c(c1)C(=O)N(c1ccc(CP(=O)(OCCCl)OCCCl)c(N3C(=O)c4ccc([*])cc4C3=O)c1)C2=O,261.0
[*]C(=O)c1ccc2c(c1)C(=O)N(c1ccc(Cc3ccc(Cc4ccc(Cc5ccc(N6C(=O)c7ccc([*])cc7C6=O)cc5)cc4)cc3)cc1)C2=O,302.0
[*]C(=O)c1ccc2c(c1)C(=O)N(c1ccc(Cc3ccc(Cc4ccc(N5C(=O)c6ccc([*])cc6C5=O)cc4)cc3)cc1)C2=O,347.0
[*]C(=O)c1ccc2c(c1)C(=O)N(c1ccc(Cc3ccc(Cc4cccc(N5C(=O)c6ccc([*])cc6C5=O)c4)cc3)cc1)C2=O,317.0
[*]C(=O)c1ccc2c(c1)C(=O)N(c1ccc(Cc3ccc(N4C(=O)c5ccc(C(=O)c6ccc(Oc7ccc(-c8ccc(Oc9ccc([*])cc9)cc8)cc7)cc6)cc5C4=O)cc3)cc1)C2=O,241.0
[*]C(=O)c1ccc2c(c1)C(=O)N(c1ccc(Cc3ccc(N4C(=O)c5ccc(C(=O)c6ccc(Oc7ccc(Oc8ccc([*])cc8)cc7)cc6)cc5C4=O)cc3)cc1)C2=O,225.0
[*]C(=O)c1ccc2c(c1)C(=O)N(c1ccc(Cc3ccc(N4C(=O)c5ccc(C(=O)c6ccc(Oc7ccc(S(=O)(=O)c8ccc(Oc9ccc([*])cc9)cc8)cc7)cc6)cc5C4=O)cc3)cc1)C2=O,245.0
[*]C(=O)c1ccc2c(c1)C(=O)N(c1ccc(Cc3cccc(N4C(=O)c5ccc([*])cc5C4=O)c3)cc1)C2=O,281.0
[*]C(=O)c1ccc2c(c1)C(=O)N(c1ccc(Cc3ccccc3N3C(=O)c4ccc([*])cc4C3=O)cc1)C2=O,290.0
[*]C(=O)c1ccc2c(c1)C(=O)N(c1ccc(Cl)c(N3C(=O)c4ccc([*])cc4C3=O)c1)C2=O,305.0
[*]C(=O)c1ccc2c(c1)C(=O)N(c1ccc(N(c3ccccc3)c3ccc(N4C(=O)c5ccc([*])cc5C4=O)cc3)cc1)C2=O,270.0
[*]C(=O)c1ccc2c(c1)C(=O)N(c1ccc(N3C(=O)c4ccc(C(=O)c5ccc(Oc6ccc(-c7ccc(Oc8ccc([*])cc8)cc7)cc6)cc5)cc4C3=O)cc1)C2=O,229.0
[*]C(=O)c1ccc2c(c1)C(=O)N(c1ccc(N3C(=O)c4ccc(C(=O)c5ccc(Oc6ccc(Oc7ccc([*])cc7)cc6)cc5)cc4C3=O)cc1)C2=O,236.0
[*]C(=O)c1ccc2c(c1)C(=O)N(c1ccc(N3C(=O)c4ccc([*])cc4C3=O)c(S(=O)(=O)O[Na])c1)C2=O,214.0
[*]C(=O)c1ccc2c(c1)C(=O)N(c1ccc(OCCOCCOCCOc3ccc(N4C(=O)c5ccc([*])cc5C4=O)cc3)cc1)C2=O,200.0
[*]C(=O)c1ccc2c(c1)C(=O)N(c1ccc(OCCOCCOc3ccc(N4C(=O)c5ccc([*])cc5C4=O)cc3)cc1)C2=O,235.0
[*]C(=O)c1ccc2c(c1)C(=O)N(c1ccc(OCCOc3ccc(N4C(=O)c5ccc([*])cc5C4=O)cc3)cc1)C2=O,246.0
[*]C(=O)c1ccc2c(c1)C(=O)N(c1ccc(Oc3cc4ccccc4cc3Oc3ccc(N4C(=O)c5ccc([*])cc5C4=O)cc3)cc1)C2=O,246.0
[*]C(=O)c1ccc2c(c1)C(=O)N(c1ccc(Oc3ccc(C(=O)c4cccc(C(=O)c5ccc(Oc6ccc(N7C(=O)c8ccc([*])cc8C7=O)cc6)cc5)n4)cc3)cc1)C2=O,314.5
[*]C(=O)c1ccc2c(c1)C(=O)N(c1ccc(Oc3ccc(C(=O)c4cccc(C(=O)c5ccc(Oc6ccc(N7C(=O)c8ccc([*])cc8C7=O)cc6C(F)(F)F)cc5)n4)cc3)c(C(F)(F)F)c1)C2=O,225.20000000000005
[*]C(=O)c1ccc2c(c1)C(=O)N(c1ccc(Oc3ccc(C(=O)c4cccc(N5C(=O)c6ccc([*])cc6C5=O)c4)cc3)c(C(F)(F)F)c1)C2=O,242.0
[*]C(=O)c1ccc2c(c1)C(=O)N(c1ccc(Oc3ccc(C(c4ccc(Oc5ccc(N6C(=O)c7ccc([*])cc7C6=O)cc5C(F)(F)F)cc4)(C(F)(F)F)C(F)(F)F)cc3)c(C(F)(F)F)c1)C2=O,220.0
[*]C(=O)c1ccc2c(c1)C(=O)N(c1ccc(Oc3ccc(N4C(=O)c5ccc(C(=O)N6C(=O)N([*])C(=O)C6(C)C)cc5C4=O)cc3)cc1)C2=O,156.0
[*]C(=O)c1ccc2c(c1)C(=O)N(c1ccc(Oc3ccc(N4C(=O)c5ccc(C(=O)N6C(=O)N([*])C(=O)C6(CC)CC)cc5C4=O)cc3)cc1)C2=O,160.0
[*]C(=O)c1ccc2c(c1)C(=O)N(c1ccc(Oc3ccc(N4C(=O)c5ccc(C(=O)N6C(=S)N([*])C(C)=C(C(=O)OCC)C6c6ccc(OC)cc6OC)cc5C4=O)cc3)cc1)C2=O,165.0
[*]C(=O)c1ccc2c(c1)C(=O)N(c1ccc(Oc3ccc(N4C(=O)c5ccc(C(=O)N6C(=S)N([*])C(C)=C(C(=O)OCC)C6c6ccccc6)cc5C4=O)cc3)cc1)C2=O,155.0
[*]C(=O)c1ccc2c(c1)C(=O)N(c1ccc(Oc3ccc(N4C(=O)c5ccc(C(=O)c6cc([*])cc(C(C)(C)C)c6)cc5C4=O)cc3)cc1)C2=O,252.5
[*]C(=O)c1ccc2c(c1)C(=O)N(c1ccc(Oc3ccc(N4C(=O)c5ccc(C(=O)c6ccc(Oc7ccc(-c8ccc(Oc9ccc([*])cc9)cc8)cc7)cc6)cc5C4=O)cc3)cc1)C2=O,233.0
[*]C(=O)c1ccc2c(c1)C(=O)N(c1ccc(Oc3ccc(N4C(=O)c5ccc(C(=O)c6ccc(Oc7ccc(Oc8ccc([*])cc8)cc7)cc6)cc5C4=O)cc3)cc1)C2=O,220.0
[*]C(=O)c1ccc2c(c1)C(=O)N(c1ccc(Oc3ccc(N4C(=O)c5ccc(C(=O)c6ccc(Oc7ccc(S(=O)(=O)c8ccc(Oc9ccc([*])cc9)cc8)cc7)cc6)cc5C4=O)cc3)cc1)C2=O,241.0
[*]C(=O)c1ccc2c(c1)C(=O)N(c1ccc(Oc3ccc(N4C(=O)c5ccc(C(=O)c6cccc([*])c6)cc5C4=O)cc3)cc1)C2=O,244.0
[*]C(=O)c1ccc2c(c1)C(=O)N(c1ccc(Oc3ccc(N4C(=O)c5ccc([*])cc5C4=O)cc3Br)c(Br)c1)C2=O,296.0
[*]C(=O)c1ccc2c(c1)C(=O)N(c1ccc(Oc3ccc(Oc4ccc(N5C(=O)c6ccc([*])cc6C5=O)cc4C(F)(F)F)cc3)cc1)C2=O,237.10000000000002
[*]C(=O)c1ccc2c(c1)C(=O)N(c1ccc(Oc3ccc(S(=O)(=O)c4ccc(Oc5ccc(N6C(=O)c7ccc(C(=O)c8cc([*])cc(C(C)(C)C)c8)cc7C6=O)cc5)cc4)cc3)cc1)C2=O,254.5
[*]C(=O)c1ccc2c(c1)C(=O)N(c1ccc(Oc3ccc(S(=O)(=O)c4ccc(Oc5ccc(N6C(=O)c7ccc(C(=O)c8cccc([*])c8)cc7C6=O)cc5)cc4)cc3)cc1)C2=O,249.0
[*]C(=O)c1ccc2c(c1)C(=O)N(c1ccc(Oc3ccc([*])cc3)cc1)C2=O,297.0
[*]C(=O)c1ccc2c(c1)C(=O)N(c1ccc(Oc3cccc(-c4cc(-c5ccccc5)cc(-c5cccc(Oc6ccc(N7C(=O)c8ccc([*])cc8C7=O)cc6)c5)n4)c3)cc1)C2=O,260.0
[*]C(=O)c1ccc2c(c1)C(=O)N(c1ccc(Oc3cccc(N4C(=O)c5ccc([*])cc5C4=O)c3)cc1)C2=O,280.5
[*]C(=O)c1ccc2c(c1)C(=O)N(c1ccc(Oc3ccccc3N3C(=O)c4ccc([*])cc4C3=O)cc1)C2=O,282.5
[*]C(=O)c1ccc2c(c1)C(=O)N(c1ccc(Oc3ccccc3Oc3ccc(N4C(=O)c5ccc([*])cc5C4=O)cc3C(F)(F)F)c(C(F)(F)F)c1)C2=O,236.0
[*]C(=O)c1ccc2c(c1)C(=O)N(c1ccc(S(=O)(=O)c3ccc(N4C(=O)c5ccc([*])cc5C4=O)cc3)cc1)C2=O,307.0
[*]C(=O)c1ccc2c(c1)C(=O)N(c1ccc(Sc3ccc(N4C(=O)c5ccc([*])cc5C4=O)cc3)cc1)C2=O,276.0
[*]C(=O)c1ccc2c(c1)C(=O)N(c1ccc(Sc3ccc(N4C(=O)c5ccc([*])cc5C4=O)cn3)nc1)C2=O,246.0
[*]C(=O)c1ccc2c(c1)C(=O)N(c1ccc3[nH]c(-c4ccc(N5C(=O)c6ccc([*])cc6C5=O)cc4)nc3c1)C2=O,412.0
[*]C(=O)c1ccc2c(c1)C(=O)N(c1ccc3c(c1)C(=O)c1cc(N4C(=O)c5ccc([*])cc5C4=O)ccc1-3)C2=O,331.0
[*]C(=O)c1ccc2c(c1)C(=O)N(c1ccc3c(c1)Cc1cc(N4C(=O)c5ccc([*])cc5C4=O)ccc1-3)C2=O,341.5
[*]C(=O)c1ccc2c(c1)C(=O)N(c1cccc(C#Cc3cccc(N4C(=O)c5ccc([*])cc5C4=O)c3)c1)C2=O,294.0
[*]C(=O)c1ccc2c(c1)C(=O)N(c1cccc(C(=O)c3ccc(Cc4ccc(C(=O)c5cccc(N6C(=O)c7ccc([*])cc7C6=O)c5)cc4)cc3)c1)C2=O,260.5
[*]C(=O)c1ccc2c(c1)C(=O)N(c1cccc(C(=O)c3ccc(Oc4ccc(N5C(=O)c6ccc([*])cc6C5=O)cc4)cc3)c1)C2=O,251.0
[*]C(=O)c1ccc2c(c1)C(=O)N(c1cccc(C(=O)c3ccccc3N3C(=O)c4ccc([*])cc4C3=O)c1)C2=O,259.0
[*]C(=O)c1ccc2c(c1)C(=O)N(c1cccc(C(O)c3cccc(N4C(=O)c5ccc([*])cc5C4=O)c3)c1)C2=O,292.0
[*]C(=O)c1ccc2c(c1)C(=O)N(c1cccc(C(c3cccc(N4C(=O)c5ccc([*])cc5C4=O)c3)(C(F)(F)F)C(F)(F)F)c1)C2=O,239.0
[*]C(=O)c1ccc2c(c1)C(=O)N(c1cccc(C(c3ccccc3)(c3cccc(N4C(=O)c5ccc([*])cc5C4=O)c3)C(F)(F)F)c1)C2=O,311.0
[*]C(=O)c1ccc2c(c1)C(=O)N(c1cccc(Cc3ccc(Cc4ccc(Cc5cccc(N6C(=O)c7ccc([*])cc7C6=O)c5)cc4)cc3)c1)C2=O,235.5
[*]C(=O)c1ccc2c(c1)C(=O)N(c1cccc(Cc3ccc(Cc4cccc(N5C(=O)c6ccc([*])cc6C5=O)c4)cc3)c1)C2=O,240.0
[*]C(=O)c1ccc2c(c1)C(=O)N(c1cccc(Cc3ccc(N4C(=O)c5ccc([*])cc5C4=O)cc3)c1)C2=O,292.0
[*]C(=O)c1ccc2c(c1)C(=O)N(c1cccc(N3C(=O)c4ccc(C(=O)c5cc([*])cc(C(C)(C)C)c5)cc4C3=O)c1)C2=O,264.5
[*]C(=O)c1ccc2c(c1)C(=O)N(c1cccc(N3C(=O)c4ccc(C(=O)c5cccc([*])c5)cc4C3=O)c1)C2=O,259.5
[*]C(=O)c1ccc2c(c1)C(=O)N(c1cccc(Nc3nc(Nc4cccc(N5C(=O)c6ccc([*])cc6C5=O)c4)nc(-c4ccccc4)n3)c1)C2=O,292.0
[*]C(=O)c1ccc2c(c1)C(=O)N(c1cccc(Nc3nc(Nc4cccc(N5C(=O)c6ccc([*])cc6C5=O)c4)nc(N(c4ccccc4)c4ccccc4)n3)c1)C2=O,290.0
[*]C(=O)c1ccc2c(c1)C(=O)N(c1cccc(Nc3ncnc(Nc4cccc(N5C(=O)c6ccc([*])cc6C5=O)c4)n3)c1)C2=O,290.0
[*]C(=O)c1ccc2c(c1)C(=O)N(c1cccc(OCCOCCOc3cccc(N4C(=O)c5ccc([*])cc5C4=O)c3)c1)C2=O,155.0
[*]C(=O)c1ccc2c(c1)C(=O)N(c1cccc(OCCOc3cccc(N4C(=O)c5ccc([*])cc5C4=O)c3)c1)C2=O,191.0
[*]C(=O)c1ccc2c(c1)C(=O)N(c1cccc(OP(=O)(Oc3cccc(N4C(=O)c5ccc([*])cc5C4=O)c3)c3ccccc3)c1)C2=O,176.5
[*]C(=O)c1ccc2c(c1)C(=O)N(c1cccc(Oc3ccc(N4C(=O)c5ccc([*])cc5C4=O)cc3)c1)C2=O,252.0
[*]C(=O)c1ccc2c(c1)C(=O)N(c1cccc(Oc3ccc(P(=O)(c4ccccc4)c4ccc(Oc5ccc(N6C(=O)c7ccc([*])cc7C6=O)cc5)cc4)cc3)c1)C2=O,232.0
[*]C(=O)c1ccc2c(c1)C(=O)N(c1cccc(Oc3cccc(N4C(=O)c5ccc([*])cc5C4=O)c3)c1)C2=O,221.0
[*]C(=O)c1ccc2c(c1)C(=O)N(c1cccc(Oc3cccc(Oc4cccc(N5C(=O)c6ccc([*])cc6C5=O)c4)c3)c1)C2=O,211.0
[*]C(=O)c1ccc2c(c1)C(=O)N(c1cccc(P(=O)(c3ccc(C(F)(F)F)cc3)c3cccc(N4C(=O)c5ccc([*])cc5C4=O)c3)c1)C2=O,264.0
[*]C(=O)c1ccc2c(c1)C(=O)N(c1cccc(P(=O)(c3ccc(Oc4ccc(C56CC7CC(CC(C7)C5)C6)cc4)cc3)c3cccc(N4C(=O)c5ccc([*])cc5C4=O)c3)c1)C2=O,305.0
[*]C(=O)c1ccc2c(c1)C(=O)N(c1cccc(P(=O)(c3cccc(N4C(=O)c5ccc([*])cc5C4=O)c3)c3cc(C(F)(F)F)cc(C(F)(F)F)c3)c1)C2=O,243.0
[*]C(=O)c1ccc2c(c1)C(=O)N(c1cccc(P(=O)(c3ccccc3)c3cccc(N4C(=O)c5ccc([*])cc5C4=O)c3)c1)C2=O,273.0
[*]C(=O)c1ccc2c(c1)C(=O)N(c1ccccc1C(=O)c1ccc(N3C(=O)c4ccc([*])cc4C3=O)cc1)C2=O,289.0
[*]C(=O)c1ccc2c(c1)C(=O)N(c1ccccc1C(=O)c1cccc(N3C(=O)c4ccc([*])cc4C3=O)c1)C2=O,259.0
[*]C(=O)c1ccc2c(c1)C(=O)N(c1ccccc1C(=O)c1ccccc1N1C(=O)c3ccc([*])cc3C1=O)C2=O,289.0
[*]C(=O)c1ccc2c(c1)C(=O)N(c1ccccc1Cc1ccc(N3C(=O)c4ccc([*])cc4C3=O)cc1)C2=O,290.0
[*]C(=O)c1ccc2c(c1)C(=O)N(c1ccccc1Cc1cccc(N3C(=O)c4ccc([*])cc4C3=O)c1)C2=O,258.0
[*]C(=O)c1ccc2c(c1)C(=O)N(c1ccccc1Cc1ccccc1N1C(=O)c3ccc([*])cc3C1=O)C2=O,285.0
[*]C(=O)c1ccc2c(c1)C(=O)N(c1ccccc1Oc1ccc(N3C(=O)c4ccc([*])cc4C3=O)cc1)C2=O,287.0
[*]C(=O)c1ccc2c(c1)C(=O)N(c1ccccc1Oc1cccc(N3C(=O)c4ccc([*])cc4C3=O)c1)C2=O,259.0
[*]C(=O)c1ccc2c(c1)C(=O)N(c1ccccc1Oc1ccccc1N1C(=O)c3ccc([*])cc3C1=O)C2=O,289.0
[*]C(=O)c1ccc2c(c1)C(=O)N(c1ncc(-c3ccc(Oc4ccc(N5C(=O)c6ccc([*])cc6C5=O)cc4)cc3)s1)C2=O,320.20000000000005
[*]C(=O)c1ccc2c(c1OCc1ccccc1[N+](=O)[O-])C(=O)N(c1ccc(Oc3ccc(N4C(=O)c5ccc([*])c(OCc6ccccc6[N+](=O)[O-])c5C4=O)cc3)cc1)C2=O,198.0
[*]C(=O)c1ccc2cc(C(=O)c3ccc(Oc4ccc(-c5ccc(Oc6ccc([*])cc6)cc5)cc4)cc3)ccc2c1,195.0
[*]C(=O)c1ccc2cc(C(=O)c3ccc(Oc4ccc(-c5nc(-c6ccc(-c7nc(-c8ccc(Oc9ccc([*])cc9)cc8)c(-c8ccccc8)[nH]7)cc6)[nH]c5-c5ccccc5)cc4)cc3)ccc2c1,281.0
[*]C(=O)c1ccc2cc(C(=O)c3ccc(Oc4ccc(-c5nc(-c6ccccc6)[nH]c5-c5ccc(Oc6ccc([*])cc6)cc5)cc4)cc3)ccc2c1,248.0
[*]C(=O)c1ccc2cc(C(=O)c3ccc(Oc4ccc(N5C(=O)c6ccc(C(=O)c7ccc8c(c7)C(=O)N(c7ccc(Oc9ccc([*])cc9)cc7)C8=O)cc6C5=O)cc4)cc3)ccc2c1,246.0
[*]C(=O)c1ccc2nc(-c3ccc(-c4cnc5cc([*])ccc5n4)cc3)cnc2c1,318.0
[*]C(=O)c1ccc2nc(-c3ccc(-c4nc5ccc([*])cc5nc4-c4ccccc4)cc3)c(-c3ccccc3)nc2c1,325.0
[*]C(=O)c1ccc2nc(-c3ccccc3)c(-c3ccc(-c4nc5cc([*])ccc5nc4-c4ccccc4)cc3)nc2c1,325.0
[*]C(=O)c1ccc2nc(-c3ccccc3)c(-c3ccc(-c4nc5ccc([*])cc5nc4-c4ccccc4)cc3)nc2c1,320.0
[*]C(=O)c1ccc2nc(-c3ccccc3)c(-c3ccc(-n4c(=O)c5cc6c(=O)n(-c7ccc(-c8nc9cc([*])ccc9nc8-c8ccccc8)cc7)c(=O)c6cc5c4=O)cc3)nc2c1,240.0
[*]C(=O)c1ccc2nc(-c3ccccc3)c(-c3ccc(N4C(=O)C5OC6C(=O)N(c7ccc(-c8nc9cc([*])ccc9nc8-c8ccccc8)cc7)C(=O)C6C5C4=O)cc3)nc2c1,255.0
[*]C(=O)c1ccc2nc(-c3ccccc3)c(-c3ccc(N4C(=O)c5ccc(C(=O)c6ccc7c(c6)C(=O)N(c6ccc(-c8nc9cc([*])ccc9nc8-c8ccccc8)cc6)C7=O)cc5C4=O)cc3)nc2c1,255.0
[*]C(=O)c1ccc2nc(-c3ccccc3)c(-c3ccc(Oc4ccc(-c5nc6cc([*])ccc6nc5-c5ccccc5)cc4)cc3)nc2c1,271.0
[*]C(=O)c1ccc2nc(C(=O)c3ccc(Oc4ccc(-c5ccc(Oc6ccc([*])cc6)cc5)cc4)cc3)ccc2c1,155.0
[*]C(=O)c1ccc2ncc(-c3ccc(-c4cnc5ccc([*])cc5n4)cc3)nc2c1,318.0
[*]C(=O)c1cccc(-c2cccc(C(=O)c3ccc(Oc4ccc(-c5nc(-c6cccc(-c7nc(-c8ccc(Oc9ccc([*])cc9)cc8)c(-c8ccccc8)[nH]7)c6)[nH]c5-c5ccccc5)cc4)cc3)c2)c1,250.0
[*]C(=O)c1cccc(-c2cccc(C(=O)c3ccc(Oc4ccc(C(c5ccc(Oc6ccc([*])cc6)cc5)(C(F)(F)F)C(F)(F)F)cc4)cc3)c2)c1,159.0
[*]C(=O)c1cccc(-c2cccc(C(=O)c3ccc(Oc4ccc(C5(c6ccc(Oc7ccc([*])cc7)cc6)c6ccccc6-c6ccccc65)cc4)cc3)c2)c1,212.0
[*]C(=O)c1cccc(-c2cccc(C(=O)c3ccc(Oc4ccc(Oc5ccc([*])cc5)cc4)cc3)c2)c1,154.0
[*]C(=O)c1cccc(-c2cccc(C(=O)c3ccc(Oc4ccc([*])cc4)cc3)c2)c1,123.0
[*]C(=O)c1cccc(-n2c(=O)c3cc4c(=O)n(-c5cccc([*])c5)c(=O)c4cc3c2=O)c1,321.0
[*]C(=O)c1cccc(C(=O)c2ccc(N3C(=O)c4ccc(C(=O)c5ccc6c(c5)C(=O)N(c5ccc([*])cc5)C6=O)cc4C3=O)cc2)c1,276.0
[*]C(=O)c1cccc(C(=O)c2ccc(Oc3c(C(C)C)cc([*])cc3C(C)C)cc2)c1,132.0
[*]C(=O)c1cccc(C(=O)c2ccc(Oc3ccc(-c4[nH]c(-c5ccccc5)nc4-c4ccc(Oc5ccc([*])cc5)cc4)cc3)cc2)c1,230.0
[*]C(=O)c1cccc(C(=O)c2ccc(Oc3ccc(-c4c5c(c(-c6ccc(Oc7ccc([*])cc7)cc6)c6ccccc46)C(=O)N(c4ccc(F)cc4)C5=O)cc3)cc2)c1,243.0
[*]C(=O)c1cccc(C(=O)c2ccc(Oc3ccc(-c4cc(-c5ccc(Oc6ccc([*])cc6)cc5)n[nH]4)cc3)cc2)c1,205.0
[*]C(=O)c1cccc(C(=O)c2ccc(Oc3ccc(-c4cc(-c5ccc(Oc6ccc([*])cc6)cc5)nn4-c4ccccc4)cc3)cc2)c1,190.0
[*]C(=O)c1cccc(C(=O)c2ccc(Oc3ccc(-c4ccc(-c5ccc(Oc6ccc([*])cc6)cc5)cc4)cc3)cc2)c1,174.0
[*]C(=O)c1cccc(C(=O)c2ccc(Oc3ccc(-c4ccc(Oc5ccc([*])cc5)cc4)cc3)cc2)c1,159.0
[*]C(=O)c1cccc(C(=O)c2ccc(Oc3ccc(-c4nc(-c5ccc(-c6nc(-c7ccc(Oc8ccc([*])cc8)cc7)c(-c7ccccc7)[nH]6)cc5)[nH]c4-c4ccccc4)cc3)cc2)c1,270.0
[*]C(=O)c1cccc(C(=O)c2ccc(Oc3ccc(-c4nc(-c5cccc(-c6nc(-c7ccc(Oc8ccc([*])cc8)cc7)c(-c7ccccc7)[nH]6)c5)[nH]c4-c4ccccc4)cc3)cc2)c1,256.5
[*]C(=O)c1cccc(C(=O)c2ccc(Oc3ccc(-c4nc5ccccc5n4-c4ccc(-c5ccc(-n6c(-c7ccc(Oc8ccc([*])cc8)cc7)nc7ccccc76)cc5)cc4)cc3)cc2)c1,244.0
[*]C(=O)c1cccc(C(=O)c2ccc(Oc3ccc(-c4nc5ccccc5n4-c4ccc(-n5c(-c6ccc(Oc7ccc([*])cc7)cc6)nc6ccccc65)cc4)cc3)cc2)c1,219.0
[*]C(=O)c1cccc(C(=O)c2ccc(Oc3ccc(-c4nnc(-c5ccccn5)nc4-c4ccc(Oc5ccc([*])cc5)cc4)cc3)cc2)c1,202.0
[*]C(=O)c1cccc(C(=O)c2ccc(Oc3ccc(-n4c(=O)c5cc6c(=O)n(-c7ccc(Oc8ccc([*])cc8)c(C(F)(F)F)c7)c(=O)c6cc5c4=O)cc3C(F)(F)F)cc2)n1,227.10000000000002
[*]C(=O)c1cccc(C(=O)c2ccc(Oc3ccc(-n4c(=O)c5cc6c(=O)n(-c7ccc(Oc8ccc([*])cc8)cc7)c(=O)c6cc5c4=O)cc3)cc2)c1,247.0
[*]C(=O)c1cccc(C(=O)c2ccc(Oc3ccc(-n4c(=O)c5cc6c(=O)n(-c7ccc(Oc8ccc([*])cc8)cc7)c(=O)c6cc5c4=O)cc3)cc2)n1,324.6
[*]C(=O)c1cccc(C(=O)c2ccc(Oc3ccc(C(c4ccc(Oc5ccc([*])cc5)cc4)(C(F)(F)F)C(F)(F)F)cc3)cc2)c1,168.10000000000002
[*]C(=O)c1cccc(C(=O)c2ccc(Oc3ccc(C4(c5ccc(Oc6ccc([*])cc6)cc5)CCC5CCCCC5C4)cc3)cc2)c1,194.0
[*]C(=O)c1cccc(C(=O)c2ccc(Oc3ccc(C4(c5ccc(Oc6ccc([*])cc6)cc5)c5ccccc5-c5ccccc54)cc3)cc2)c1,223.0
[*]C(=O)c1cccc(C(=O)c2ccc(Oc3ccc(Cc4ccc(Oc5ccc([*])cc5)cc4)cc3)cc2)c1,145.0
[*]C(=O)c1cccc(C(=O)c2ccc(Oc3ccc(N4C(=O)c5ccc(-c6ccc7c(c6)C(=O)N(c6ccc(Oc8ccc([*])cc8)cc6)C7=O)cc5C4=O)cc3)cc2)c1,222.0
[*]C(=O)c1cccc(C(=O)c2ccc(Oc3ccc(N4C(=O)c5ccc(C(=O)c6ccc7c(c6)C(=O)N(c6ccc(Oc8ccc([*])cc8)cc6)C7=O)cc5C4=O)cc3)cc2)c1,222.0
[*]C(=O)c1cccc(C(=O)c2ccc(Oc3ccc(N4C(=O)c5ccc(C(c6ccc7c(c6)C(=O)N(c6ccc(Oc8ccc([*])cc8)c(C(F)(F)F)c6)C7=O)(C(F)(F)F)C(F)(F)F)cc5C4=O)cc3C(F)(F)F)cc2)n1,206.40000000000003
[*]C(=O)c1cccc(C(=O)c2ccc(Oc3ccc(N4C(=O)c5ccc(C(c6ccc7c(c6)C(=O)N(c6ccc(Oc8ccc([*])cc8)cc6)C7=O)(C(F)(F)F)C(F)(F)F)cc5C4=O)cc3)cc2)c1,236.0
[*]C(=O)c1cccc(C(=O)c2ccc(Oc3ccc(N4C(=O)c5ccc(C(c6ccc7c(c6)C(=O)N(c6ccc(Oc8ccc([*])cc8)cc6)C7=O)(C(F)(F)F)C(F)(F)F)cc5C4=O)cc3)cc2)n1,226.90000000000003
[*]C(=O)c1cccc(C(=O)c2ccc(Oc3ccc(N4C(=O)c5ccc(Oc6ccc(Oc7ccc(Oc8ccc9c(c8)C(=O)N(c8ccc(Oc%10ccc([*])cc%10)cc8)C9=O)cc7)cc6)cc5C4=O)cc3)cc2)c1,192.0
[*]C(=O)c1cccc(C(=O)c2ccc(Oc3ccc(N4C(=O)c5ccc(Oc6ccc(Sc7ccc(Oc8ccc9c(c8)C(=O)N(c8ccc(Oc%10ccc([*])cc%10)cc8)C9=O)cc7)cc6)cc5C4=O)cc3)cc2)c1,192.0
[*]C(=O)c1cccc(C(=O)c2ccc(Oc3ccc(N4C(=O)c5ccc(Oc6ccc7c(c6)C(=O)N(c6ccc(Oc8ccc([*])cc8)c(C(F)(F)F)c6)C7=O)cc5C4=O)cc3C(F)(F)F)cc2)n1,212.20000000000005
[*]C(=O)c1cccc(C(=O)c2ccc(Oc3ccc(N4C(=O)c5ccc(Oc6ccc7c(c6)C(=O)N(c6ccc(Oc8ccc([*])cc8)cc6)C7=O)cc5C4=O)cc3)cc2)c1,208.0
[*]C(=O)c1cccc(C(=O)c2ccc(Oc3ccc(N4C(=O)c5ccc(Oc6ccc7c(c6)C(=O)N(c6ccc(Oc8ccc([*])cc8)cc6)C7=O)cc5C4=O)cc3)cc2)n1,208.60000000000002
[*]C(=O)c1cccc(C(=O)c2ccc(Oc3ccc(Oc4ccc([*])cc4)cc3)cc2)c1,148.0
[*]C(=O)c1cccc(C(=O)c2ccc(Oc3ccc(Oc4ccc([*])cc4)cc3S(=O)(=O)O)cc2)c1,195.0
[*]C(=O)c1cccc(C(=O)c2ccc(Oc3ccc(S(=O)(=O)c4ccc(Oc5ccc([*])cc5)cc4)cc3)cc2)c1,178.0
[*]C(=O)c1cccc(C(=O)c2ccc(Oc3ccc([*])cc3)cc2)c1,139.0
[*]C(=O)c1cccc(C(=O)c2ccc(Oc3ccc([*])cc3C)c(C(C)C)c2)c1,147.0
[*]C(=O)c1cccc(C(=O)c2ccc(Oc3ccc([*])cc3CC)c(C(C)C)c2)c1,136.0
[*]C(=O)c1cccc(C(=O)c2ccc(Oc3ccc([*])cc3CC)c(CC)c2)c1,126.0
[*]C(=O)c1cccc(C(=O)c2ccc(Oc3cccc(Cc4cccc(Oc5ccc([*])cc5)c4)c3)cc2)c1,114.0
[*]C(=O)c1cccc(C(=O)c2ccc(S(=O)(=O)c3ccc([*])cc3)cc2)c1,198.0
[*]C(=O)c1cccc(N2C(=O)c3ccc(C(=O)c4ccc5c(c4)C(=O)N(c4ccc(Cc6ccc([*])cc6)cc4)C5=O)cc3C2=O)c1,290.0
[*]C(=O)c1cccc(N2C(=O)c3ccc(C(=O)c4ccc5c(c4)C(=O)N(c4ccc(N([*])C)cc4)C5=O)cc3C2=O)c1,260.5
[*]C(=O)c1cccc(N2C(=O)c3ccc(C(=O)c4ccc5c(c4)C(=O)N(c4cccc(C(=O)c6ccc([*])cc6)c4)C5=O)cc3C2=O)c1,240.0
[*]C(=O)c1cccc(N2C(=O)c3ccc(C(=O)c4ccc5c(c4)C(=O)N(c4cccc(Cc6ccc([*])cc6)c4)C5=O)cc3C2=O)c1,265.5
[*]C(=O)c1cccc(N2C(=O)c3ccc(C(=O)c4ccc5c(c4)C(=O)N(c4cccc([*])c4)C5=O)cc3C2=O)c1,242.0
[*]C(=O)c1cccc(N2C(=O)c3ccc(C(c4ccc5c(c4)C(=O)N(c4ccc(Oc6ccc([*])cc6)c(C(F)(F)F)c4)C5=O)(C(F)(F)F)C(F)(F)F)cc3C2=O)c1,222.0
[*]C(=O)c1cccc(N2C(=O)c3ccc(C(c4ccc5c(c4)C(=O)N(c4ccc(Oc6ccc([*])cc6)cc4)C5=O)(C(F)(F)F)C(F)(F)F)cc3C2=O)c1,242.0
[*]C(=O)c1cccc(N2C(=O)c3ccc(Oc4ccc5c(c4)C(=O)N(c4c(C)cc(C)c([*])c4C)C5=O)cc3C2=O)c1,287.0
[*]C(=O)c1cccc(N2C(=O)c3ccc(Oc4ccc5c(c4)C(=O)N(c4ccc(Oc6ccc([*])cc6)c(C(F)(F)F)c4)C5=O)cc3C2=O)c1,224.0
[*]C(=O)c1cccc(N2C(=O)c3ccc(Oc4ccc5c(c4)C(=O)N(c4ccc(Oc6ccc([*])cc6)cc4)C5=O)cc3C2=O)c1,232.0
[*]C(=O)c1cccc(N2C(=O)c3cccc(Oc4cccc5c4C(=O)N(c4cccc([*])c4)C5=O)c3C2=O)c1,234.0
[*]C(=O)c1cccc(Oc2ccc([*])cc2)c1,137.0
[*]C(=O)c1cccc(Oc2ccc3c(c2)C(=O)N(c2ccc(Oc4ccc(N5C(=O)c6ccc(Oc7ccc([*])cc7)cc6C5=O)cc4)cc2)C3=O)c1,210.0
[*]C(=O)c1cccc(Oc2ccc3c(c2)C(=O)N(c2cccc(N4C(=O)c5ccc(Oc6ccc([*])cc6)cc5C4=O)c2)C3=O)c1,239.0
[*]C(=O)c1cccc(Oc2cccc3c2C(=O)N(c2ccc(Oc4ccc(N5C(=O)c6cccc(Oc7ccc([*])cc7)c6C5=O)cc4)cc2)C3=O)c1,252.0
[*]C(=O)c1cccc(Oc2cccc3c2C(=O)N(c2cccc(N4C(=O)c5cccc(Oc6ccc([*])cc6)c5C4=O)c2)C3=O)c1,248.0
[*]C(=O)c1cccc2cccc(C(=O)c3ccc(Oc4ccc(-c5ccc(Oc6ccc([*])cc6)cc5)cc4)cc3)c12,226.5
[*]C(=O)c1cccc2cccc(C(=O)c3ccc(Oc4ccc(C(c5ccc(Oc6ccc([*])cc6)cc5)(C(F)(F)F)C(F)(F)F)cc4)cc3)c12,213.0
[*]C(=O)c1cccc2cccc(C(=O)c3ccc(Oc4ccc(C5(c6ccc(Oc7ccc([*])cc7)cc6)c6ccccc6-c6ccccc65)cc4)cc3)c12,269.0
[*]C(=O)c1cccc2cccc(C(=O)c3ccc(Oc4ccc(Oc5ccc([*])cc5)cc4)cc3)c12,202.0
[*]C(=O)c1ccccc1-c1ccccc1C(=O)c1ccc(Oc2ccc(-c3ccc(Oc4ccc([*])cc4)cc3)cc2)cc1,193.0
[*]C(=O)c1ccccc1-c1ccccc1C(=O)c1ccc(Oc2ccc(C(c3ccc(Oc4ccc([*])cc4)cc3)(C(F)(F)F)C(F)(F)F)cc2)cc1,178.5
[*]C(=O)c1ccccc1-c1ccccc1C(=O)c1ccc(Oc2ccc(C3(c4ccc(Oc5ccc([*])cc5)cc4)c4ccccc4-c4ccccc43)cc2)cc1,229.0
[*]C(=O)c1ccccc1-c1ccccc1C(=O)c1ccc(Oc2ccc(Oc3ccc([*])cc3)cc2)cc1,175.0
[*]C(=O)c1ccccc1-n1c(=O)c2cc3c(=O)n(-c4ccc([*])cc4)c(=O)c3cc2c1=O,321.0
[*]C(=S)Nc1ccc(Oc2ccc(NC(=S)n3c(=O)c4cc5c(=O)n([*])c(=O)c5cc4c3=O)cc2)cc1,265.0
[*]C(C#N)=Cc1ccc(N(c2ccccc2)c2ccc(C=C(C#N)c3cc(OCCCCCCCC)c([*])cc3OCCCCCCCC)cc2)cc1,78.0
[*]C(C#N)CC(C)(C)C([*])CCC(C)(O)C=C,50.0
[*]C(C(=O)OC)C([*])C(=O)OC(C)(C)C,84.0
[*]C(C)C([*])C(=O)OC(C)C,149.0
[*]C(C)C([*])C(=O)OC12CC3CC(C)(CC(C)(C3)C1)C2,194.5
[*]C(C)C([*])C(=O)OC12CC3CC(CC(C3)C1)C2,236.5
[*]C(C)C([*])C(=O)OCC,157.0
[*]C(C)C([*])C(=O)OCCC,116.0
[*]C(C)C([*])C(=O)OCCCC,90.0
[*]C(CC(C)(C)C([*])CCC(C)(O)C=C)OC(C)=O,85.0
[*]C(CC(c1ccccn1)C([*])c1ccccc1)c1ccccn1,150.0
[*]C(CC1C(=O)NC(=O)C1[*])c1ccccc1,246.0
[*]C(CC1C(=O)OC(=O)C1[*])OC1CCCCC1,201.0
[*]C(CC1C(=O)OC(=O)C1[*])c1ccccc1,212.0
[*]C(Cn1c(=O)c2cc3c(=O)n([*])c(=O)c3cc2c1=O)N1C(=O)c2ccccc2C1=O,190.0
[*]C(F)(F)C([*])(F)C(F)(F)C(F)(F)C(F)(F)C(F)(F)C(F)(F)F,232.5
[*]C(F)(F)C([*])(F)C(F)(F)F,158.5
[*]C(F)(F)C([*])(F)OC(F)(F)C(F)(F)C(F)(F)C(F)(F)F,-10.0
[*]C(F)(F)C([*])(F)OC(F)(F)C(F)(F)F,29.0
[*]C(F)(F)C([*])(F)OC(F)(F)F,-5.0
[*]C(F)(F)C([*])(F)OC(F)C(F)F,35.0
[*]C(F)(F)C([*])(F)c1c(F)c(F)c(F)c(F)c1F,194.0
[*]C(F)(F)C([*])(F)c1ccccc1,206.0
[*]C(F)(F)C([*])(OC(F)(F)F)OC(F)(F)F,-59.99999999999997
[*]C(F)(F)C1(F)C(F)(F)C([*])(F)C(F)(F)C(F)(Cl)C1(F)F,147.0
[*]C(F)(F)C1(F)C(F)(F)C([*])(F)C(F)(F)C(F)(F)C(F)(F)C1(F)F,198.0
[*]C(F)(F)C1(F)C(F)(F)C([*])(F)C(F)(F)C(F)(F)C1(F)F,101.0
[*]C(F)(F)C1(F)C(F)(F)C([*])(F)C1(F)F,122.0
[*]C(F)(F)C1([*])OC(F)(C(F)(F)F)C(F)(C(F)(F)F)O1,165.0
[*]C(F)(F)C1([*])OC(F)(F)C(F)(C(F)(F)F)O1,135.0
[*]C(F)(F)C1([*])OC(F)(F)C(F)(F)O1,108.0
[*]C(F)C([*])(F)F,31.450000000000045
[*]C(F)C([*])(F)OC(F)(F)F,-10.0
[*]C(F)C([*])C(F)(F)F,87.0
[*]C(OC(F)(F)F)C([*])(F)F,-10.0
[*]C([*])(F)Cl,77.0
[*]C([*])C(=O)OC,85.75
[*]C([*])C(=O)OC(C)C,70.0
[*]C([*])C(=O)OC1CCCCC1,140.0
[*]C([*])C(=O)OCC,13.5
[*]C([*])C(=O)OCCC,-15.0
[*]C([*])F,102.0
[*]C([*])O,134.0
[*]C([2H])([2H])C([*])(C(=O)OC([2H])([2H])C([2H])([2H])[2H])C([2H])([2H])[2H],94.0
[*]C([2H])([2H])C([*])(C(=O)OC([2H])([2H])[2H])C([2H])([2H])[2H],115.0
[*]C([2H])([2H])C([*])([2H])C([2H])([2H])[2H],0.0
[*]C([2H])([2H])C([*])([2H])C([2H])=C([2H])[2H],1.0
[*]C([2H])([2H])C([*])([2H])Cl,85.0
[*]C([2H])([2H])C([*])([2H])c1c([2H])c([2H])c([2H])c([2H])c1[2H],97.0
[*]C(c1ccc(N(C)C)cc1)C([*])c1ccc([N+](=O)[O-])cc1,139.0
[*]C/C=C/CC(=O)OCCCCCCCCCCCCCCCCOC([*])=O,-21.99999999999997
[*]C/C=C/N(/C=C/CC1CC(=O)N(c2ccc(Cc3ccc(N4C(=O)CC([*])C4=O)cc3)cc2)C1=O)c1ccc(/N=N/c2ccc([N+](=O)[O-])cc2)cc1,277.0
[*]C1(C)CC([*])(C)C(=O)N(C)C1=O,170.0
[*]C1(F)OC(C(F)(F)F)(C(F)(F)Cl)OC1([*])F,330.0
[*]C1=C(c2ccc(-c3ccc4c(c3)C(CCCCCC)(CCCCCC)c3cc(-c5ccc([*])cc5)ccc3-4)cc2)C(=O)N(CCCCCCCC)C1=O,122.0
[*]C1=C(c2ccc(-c3ccc4c(c3)C(CCCCCC)(CCCCCC)c3cc(-c5ccc([*])cc5)ccc3-4)cc2)C(=O)N(CCCCCCCCCCCC)C1=O,100.0
[*]C1=C(c2ccccc2)C(=O)N(c2ccc(C3(c4ccc(N5C(=O)C(c6ccccc6)=C(c6ccc([*])cc6)C5=O)cc4)c4ccccc4-c4ccccc43)cc2)C1=O,340.0
[*]C1=C(c2ccccc2)C(=O)N(c2ccc(Oc3ccc(-c4ccc(Oc5ccc(N6C(=O)C(c7ccccc7)=C(c7ccc([*])cc7)C6=O)cc5)cc4)cc3)cc2)C1=O,282.0
[*]C1=C(c2ccccc2)C(=O)N(c2ccc(Oc3ccc(N4C(=O)C(c5ccccc5)=C(c5ccc([*])cc5)C4=O)cc3)cc2)C1=O,293.0
[*]C1=C(c2ccccc2)C(=O)N(c2ccc(Oc3ccc(Oc4ccc(N5C(=O)C(c6ccccc6)=C(c6ccc([*])cc6)C5=O)cc4)cc3)cc2)C1=O,267.0
[*]C1C(=O)N(C(C)(C)C)C(=O)C1[*],195.0
[*]C1C(=O)N(C(C)CC)C(=O)C1[*],205.0
[*]C1C(=O)N(C2CCCCC2)C(=O)C1[*],232.0
[*]C1C(=O)N(CCCCCCCCOc2ccc(-c3ccc(C#N)cc3)cc2)C(=O)C1[*],43.0
[*]C1C(=O)N(CCCCCCCOc2ccc(-c3ccc(C#N)cc3)cc2)C(=O)C1[*],61.0
[*]C1C(=O)N(CCCCCCOc2ccc(-c3ccc(C#N)cc3)cc2)C(=O)C1[*],76.0
[*]C1C(=O)N(CCCCCOc2ccc(-c3ccc(C#N)cc3)cc2)C(=O)C1[*],75.0
[*]C1C(=O)N(CCCCOc2ccc(-c3ccc(C#N)cc3)cc2)C(=O)C1[*],115.0
[*]C1C(=O)N(CCCOc2ccc(-c3ccc(C#N)cc3)cc2)C(=O)C1[*],130.0
[*]C1C(=O)N(CCOc2ccc(-c3ccc(C#N)cc3)cc2)C(=O)C1[*],150.0
[*]C1C(=O)N(c2c(CC)cccc2CC)C(=O)C1[*],288.0
[*]C1C(=O)N(c2cc(Br)c(O[Si](C)(C)C(C)(C)C)c(Br)c2)C(=O)C1[*],164.0
[*]C1C(=O)N(c2cc(Br)c(O[Si](C)(C)C)c(Br)c2)C(=O)C1[*],167.0
[*]C1C(=O)N(c2cc(Br)c(O[Si](CC)(CC)CC)c(Br)c2)C(=O)C1[*],160.0
[*]C1C(=O)N(c2cc(Br)c(O[Si](c3ccccc3)(c3ccccc3)c3ccccc3)c(Br)c2)C(=O)C1[*],179.0
[*]C1C(=O)N(c2ccc(O[Si](C)(C)C(C)(C)C)cc2)C(=O)C1[*],169.0
[*]C1C(=O)N(c2ccc(O[Si](C)(C)C)cc2)C(=O)C1[*],172.0
[*]C1C(=O)N(c2ccc(O[Si](CC)(CC)CC)cc2)C(=O)C1[*],165.0
[*]C1C(=O)N(c2ccc(O[Si](c3ccccc3)(c3ccccc3)c3ccccc3)cc2)C(=O)C1[*],183.0
[*]C1C(=O)N(c2ccccc2C(=O)OC)C(=O)C1[*],259.0
[*]C1C(=O)N(c2ccccc2C(=O)OCC)C(=O)C1[*],230.0
[*]C1C(=O)N(c2ccccc2C(=O)OCCCC)C(=O)C1[*],181.0
[*]C1C(=O)N(c2ccccc2C)C(=O)C1[*],335.0
[*]C1C(=O)OC(=O)C1C1C2CC(C(=O)OC(C)CC)C(C2)C1[*],175.0
[*]C1C(=O)OC(=O)C1C1C2CC(C(=O)OC3CCCCC3)C(C2)C1[*],195.0
[*]C1C(=O)OC(=O)C1C1C2CC(C(=O)OCCOCC)C(C2)C1[*],155.0
[*]C1C(=O)OC(=O)C1C1C2CC(COCCC)C(C2)C1[*],209.0
[*]C1C([*])C2CC1C(C(=O)OCC13CC4CC(CC(C4)C1)C3)C2C(=O)OCC12CC3CC(CC(C3)C1)C2,328.0
[*]C1C([*])C2CC1C(C(=O)OCC1CC3CCC1C3)C2C(=O)OCC1CC2CCC1C2,320.0
[*]C1C([*])C2CC1C(C(=O)OCCC13CC4CC(CC(C4)C1)C3)C2C(=O)OCCC12CC3CC(CC(C3)C1)C2,300.0
[*]C1C([*])C2CC1C(C(=O)OCCC1CC3CCC1C3)C2C(=O)OCCC1CC2CCC1C2,260.0
[*]C1C([*])C2CC1C(C(=O)OCCCc1ccccc1)C2C(=O)OCCCc1ccccc1,200.0
[*]C1C([*])C2CC1C(C(=O)OCCc1ccccc1)C2C(=O)OCCc1ccccc1,254.0
[*]C1C([*])C2CC1C(C(=O)OCc1ccccc1)C2C(=O)OCc1ccccc1,277.0
[*]C1C([*])C2CC1C(COCc1ccccc1)C2COCc1ccccc1,176.0
[*]C1C([*])C2CC1C1C=CCC12,145.0
[*]C1C2C/C(=C\C)C(C2)C1[*],61.400000000000034
[*]C1C2CC(C(=O)OCCc3ccc(N(c4ccccc4)c4cccc(C)c4)cc3)C(C2)C1[*],305.0
[*]C1C2CC(C(=O)OCCc3ccc(N(c4ccccc4)c4cccc5ccccc45)cc3)C(C2)C1[*],333.0
[*]C1C2CC(C(=O)OCCc3ccc(N(c4ccccc4)c4ccccc4)cc3)C(C2)C1[*],307.0
[*]C1C2CC(C)C(C2)C1[*],350.0
[*]C1C2CC(C1[*])C([Si](C)(C)C)C2,303.0
[*]C1C2CC(CCCCCCCCC(=O)OCC)C(C2)C1[*],134.0
[*]C1C2CC(CCCCc3ccccc3)C(C2)C1[*],148.0
[*]C1C2CCC(C2)C1S([*])(=O)=O,33.0
[*]C1C2CCC(C2)C1[*],240.0
[*]C1C=C(C)C2C(=O)N(c3ccc(N4C(=O)CC([*])C4=O)cc3)C(=O)C2C1,327.0
[*]C1C=C(C)C2C(=O)N(c3ccc(Oc4ccc(N5C(=O)CC([*])C5=O)cc4)cc3)C(=O)C2C1,278.0
[*]C1C=C(CCCCCC)C([*])S1,58.05000000000001
[*]C1C=CC([*])CC1,125.5
[*]C1CC(C)(C)CC(C)(CN2C(=O)c3ccc(-c4ccc5c(c4)C(=O)N([*])C5=O)cc3C2=O)C1,311.0
[*]C1CC(C)(C)CC(C)(CN2C(=O)c3ccc(C(=O)c4ccc5c(c4)C(=O)N([*])C5=O)cc3C2=O)C1,275.0
[*]C1CC(C)(C)CC(C)(CN2C(=O)c3ccc(C(c4ccc5c(c4)C(=O)N([*])C5=O)(C(F)(F)F)C(F)(F)F)cc3C2=O)C1,278.0
[*]C1CC(C)(C)CC(C)(CN2C(=O)c3ccc(Oc4ccc5c(c4)C(=O)N([*])C5=O)cc3C2=O)C1,266.0
[*]C1CC([*])(C#N)C1,220.0
[*]C1CC2CC1C([*])C2CCCC,235.0
[*]C1CC2CC1C([*])C2CCCCCC,252.0
[*]C1CCC(CC2CCC(N3C(=O)C4C5C=CC(C6C(=O)N([*])C(=O)C56)C4C3=O)CC2)CC1,239.0
[*]C1CCC([*])C1,65.10000000000002
[*]C1CCC2C(=O)N(c3ccc(Cc4ccc(N5C(=O)C6CCC([*])CC6C5=O)cc4)cc3)C(=O)C2C1,260.0
[*]C1CCC2C(=O)N(c3ccc(Oc4ccc(N5C(=O)C6CCC([*])CC6C5=O)cc4)cc3)C(=O)C2C1,257.0
[*]C1CCC2C(=O)N(c3ccc(Oc4ccc(Oc5ccc(N6C(=O)C7CCC([*])CC7C6=O)cc5)cc4)cc3)C(=O)C2C1,238.0
[*]C1CCC2C(=O)N(c3ccc(Oc4ccc(Oc5ccc(Oc6ccc(N7C(=O)C8CCC([*])CC8C7=O)cc6)cc5)cc4)cc3)C(=O)C2C1,217.0
[*]C1CCC2C(=O)N(c3ccc(Oc4ccc(S(=O)(=O)c5ccc(Oc6ccc(N7C(=O)C8CCC([*])CC8C7=O)cc6)cc5)cc4)cc3)C(=O)C2C1,256.5
[*]C1CCC2C(=O)N(c3ccc(Oc4cccc(Oc5ccc(N6C(=O)C7CCC([*])CC7C6=O)cc5)c4)cc3)C(=O)C2C1,215.0
[*]C1CCC2C(=O)N(c3cccc(N4C(=O)C5CCC([*])CC5C4=O)c3)C(=O)C2C1,263.0
[*]C1CCCC(S([*])(=O)=O)C1,108.0
[*]C1CCCCC1S([*])(=O)=O,77.0
[*]C1CCOC1[*],131.0
[*]C1Cc2ccccc2C1[*],188.5
[*]C1OC(C(F)(F)F)(C(F)(F)F)OC1([*])F,256.0
[*]C1OCCCC1C1C(=O)OC(=O)C1[*],210.0
[*]C1OCOC(C([*])(F)F)C1(F)F,125.0
[*]C1Oc2ccccc2C1[*],65.20000000000005
[*]C1c2cccc3cccc(c23)C1[*],250.0
[*]C=C(C#N)C(=O)OCCCCCCCCCCOC(=O)/C(C#N)=C/c1ccc2c(c1)c1cc([*])ccc1n2CCCCCCC,59.0
[*]C=C(C#N)C(=O)OCCCCCCCCCCOC(=O)/C(C#N)=C/c1ccc2c(c1)c1cc([*])ccc1n2CCCCCCCCCCCCCC,35.0
[*]C=C(C#N)C(=O)OCCCCCCOC(=O)/C(C#N)=C/c1ccc2c(c1)c1cc([*])ccc1n2CCCCCCC,87.0
[*]C=C(C#N)C(=O)OCCCCCCOC(=O)/C(C#N)=C/c1ccc2c(c1)c1cc([*])ccc1n2CCCCCCCCCCCCCC,53.0
[*]C=C(C#N)c1cc(OCCCCCCCC)c(C(C#N)=Cc2cc(OCCCCCCCC)c([*])cc2OC)cc1OC,174.0
[*]C=C(C#N)c1cc(OCCCCCCCCCC)c(C(C#N)=Cc2cc(OCCCCCCCCCC)c([*])cc2OC)cc1OC,198.0
[*]C=C(C#N)c1cc(OCCCCCCCCCCCC)c(C(C#N)=Cc2cc(OCCCCCCCCCCCC)c([*])cc2OC)cc1OC,181.0
[*]C=C(C#N)c1cc(OCCCCCCCCCCCCCCCC)c(C(C#N)=Cc2cc(OCCCCCCCCCCCCCCCC)c([*])cc2OC)cc1OC,190.0
[*]C=C(C#N)c1ccc2c3ccc(C(C#N)=Cc4cc(OCC(CC)CCCC)c([*])cc4OCC(CC)CCCC)cc3n(CC(CC)CCCC)c2c1,72.0
[*]C=C(C)CC([*])(C)C(=O)OC,24.0
[*]C=C([*])c1ccccc1,50.85000000000002
[*]C=C(c1ccc(C(=Cc2cc(OC)c([*])cc2OC)c2ccc(C(F)(F)F)cc2)cc1)c1ccc(C(F)(F)F)cc1,208.0
[*]C=C(c1ccc(F)cc1)c1ccc(-c2ccc(C(=Cc3cc(OC)c([*])cc3OC)c3ccc(F)cc3)cc2)cc1,201.0
[*]C=C(c1ccc(F)cc1)c1ccc(C(=Cc2cc(OC)c([*])cc2OC)c2ccc(F)cc2)cc1,193.0
[*]C=C(c1ccc(F)cc1)c1ccc(Oc2ccc(C(=Cc3cc(OC)c([*])cc3OC)c3ccc(F)cc3)cc2)cc1,187.0
[*]C=C(c1ccc(F)cc1)c1ccc2cc(C(=Cc3cc(OC)c([*])cc3OC)c3ccc(F)cc3)ccc2c1,208.0
[*]C=C(c1ccc(Oc2ccc(C(=Cc3cc(OC)c([*])cc3OC)c3ccc(C(F)(F)F)cc3)cc2)cc1)c1ccc(C(F)(F)F)cc1,194.0
[*]C=C(c1ccccc1)c1ccc(-c2ccc(C(=Cc3cc(OC)c([*])cc3OC)c3ccccc3)cc2)cc1,223.0
[*]C=C(c1ccccc1)c1ccc2c(c1)Sc1ccc(C(=Cc3cc(OCCCCCCCC)c([*])cc3OCCCCCCCC)c3ccccc3)cc1S2,93.0
[*]C=C(c1ccccc1)c1ccc2cc(C(=Cc3cc(OC)c([*])cc3OC)c3ccccc3)ccc2c1,198.0
[*]C=C1CC/C(=C\c2ccc(OC(=O)c3ccc(/N=C/c4ccc(/C=N/c5ccc(C(=O)Oc6ccc([*])cc6OC)cc5)cc4)cc3)c(OC)c2)C1=O,140.0
[*]C=C1CC/C(=C\c2ccc(OCCCCCCCCCCOP(=O)(OC)OCCCCCCCCCCOc3ccc([*])cc3OC)c(OC)c2)C1=O,48.0
[*]C=C1CC/C(=C\c2ccc(OCCCCCCCCOP(=O)(OC)OCCCCCCCCOc3ccc([*])cc3OC)c(OC)c2)C1=O,73.0
[*]C=C1CC/C(=C\c2ccc(OCCCCCCOP(=O)(OC)OCCCCCCOc3ccc([*])cc3OC)c(OC)c2)C1=O,74.0
[*]C=C1CC/C(=C\c2ccc(OCCCCOP(=O)(OC)OCCCCOc3ccc([*])cc3OC)c(OC)c2)C1=O,75.0
[*]C=C1CC/C(=C\c2ccc(OCCOP(=O)(OC)OCCOc3ccc([*])cc3OC)c(OC)c2)C1=O,99.0
[*]C=C1CCC/C(=C\c2cc(OC)c(OCCCCCCCCCCOc3c(OC)cc([*])cc3OC)c(OC)c2)C1=O,49.0
[*]C=C1CCC/C(=C\c2cc(OC)c(OCCCCCCCCOc3c(OC)cc([*])cc3OC)c(OC)c2)C1=O,62.0
[*]C=C1CCC/C(=C\c2cc(OC)c(OCCCCCCOc3c(OC)cc([*])cc3OC)c(OC)c2)C1=O,71.0
[*]C=C1CCC/C(=C\c2ccc(OC(=O)CCCCCCCCC(=O)Oc3ccc([*])cc3OC)c(OC)c2)C1=O,48.05000000000001
[*]C=C1CCC/C(=C\c2ccc(OC(=O)c3cccc(C(=O)Oc4ccc([*])cc4OC)c3)c(OC)c2)C1=O,57.860000000000014
[*]C=C1CCC/C(=C\c2ccc(OCC(=O)c3ccc(Oc4ccc(C(=O)COc5ccc([*])cc5OC)cc4)cc3)c(OC)c2)C1=O,211.75
[*]C=C1CCC/C(=C\c2ccc(OCCCCCCCCCCOc3ccc([*])cc3OC)c(OC)c2)C1=O,60.0
[*]C=C1CCC/C(=C\c2ccc(OCCCCCCCCOc3ccc([*])cc3OC)c(OC)c2)C1=O,72.0
[*]C=C1CCC/C(=C\c2ccc(OCCCCCCOc3ccc([*])cc3OC)c(OC)c2)C1=O,80.0
[*]C=CC(=O)NC(Cc1ccccc1)C(=O)OC/C=C/COC(=O)C(Cc1ccccc1)NC([*])=O,109.0
[*]C=CC(=O)NC(Cc1ccccc1)C(=O)OCCCCCCOC(=O)C(Cc1ccccc1)NC([*])=O,92.0
[*]C=CC(=O)NC(Cc1ccccc1)C(=O)OCCCCOC(=O)C(Cc1ccccc1)NC([*])=O,103.0
[*]C=CC(=O)NNC(=O)/C=C/C(=O)NCCCCCCNC([*])=O,102.40000000000003
[*]C=CC(=O)Nc1ccc(OC(=O)/C=C/C(=O)NNC(=O)/C=C/C(=O)Oc2ccc(NC(=O)/C=C/C(=O)NNC([*])=O)cc2)cc1,265.0
[*]C=CC(=O)Nc1ccc(OC(=O)c2ccccc2C(=O)NNC(=O)c2ccccc2C(=O)Oc2ccc(NC(=O)/C=C/C(=O)NNC([*])=O)cc2)cc1,240.0
[*]C=CC(=O)Nc1cccc(C=C2CCC(=Cc3cccc(NC(=O)C=CC(=O)NNC([*])=O)c3)C2=O)c1,104.60000000000002
[*]C=CC(=O)Nc1cccc(C=C2CCCC(=Cc3cccc(NC(=O)C=CC(=O)NNC([*])=O)c3)C2=O)c1,238.40000000000003
[*]C=CC(=O)OC1COC2C(OC([*])=O)COC12,60.0
[*]C=CC(=O)OCCCCOC([*])=O,93.0
[*]C=CC(=O)OCCOC(=O)/C=C/C(=O)NCCCCCCNC([*])=O,89.0
[*]C=CC(=O)OCCOC([*])=O,-10.0
[*]C=CC(=O)OCCOCCOC(=O)/C=C/C(=O)NCCCCCCNC([*])=O,76.0
[*]C=CC(=O)OCCOCCOC([*])=O,-8.199999999999989
[*]C=CC(=O)OCCOCCOCCOC(=O)/C=C/C(=O)NCCCCCCNC([*])=O,65.0
[*]C=CC(=O)OCCOCCOCCOCCOC(=O)/C=C/C(=O)NCCCCCCNC([*])=O,52.0
[*]C=CC(C(=O)OC12CC3CC(CC(C3)C1)C2)C([*])C,115.0
[*]C=CC(C(=O)OCC)C([*])C(=O)OCC,6.0
[*]C=CC(C(=O)OCCCCCCN(C)c1ccc(N(C)C)cc1)C([*])C,2.0
[*]C=CC(C(=O)OCCCN(C)c1ccc(N(C)C)cc1)C([*])C,11.5
[*]C=CC(C(=O)OCCN(C)c1ccc(N(C)C)cc1)C([*])C,20.5
[*]C=CC(C(=O)OCc1ccccc1)C([*])C(=O)OCc1ccccc1,21.0
[*]C=CC(C)C([*])(C)C(=O)OC,34.0
[*]C=CC(C)C([*])C(=O)OC,53.0
[*]C=CC(COCc1ccccc1)C([*])COCc1ccccc1,-4.0
[*]C=CC([*])(C)C,-9.0
[*]C=CC([*])(C)c1ccccc1,52.0
[*]C=CC1=C([*])CC(C(=O)OCC)(C(=O)OCC)C1,27.650000000000034
[*]C=CC1=CC(=C(C#N)C#N)C=C(/C=C/c2sc(-c3ccc(-c4ccc(-c5ccc(-c6sc([*])c(CCCCCC)c6CCCCCC)s5)s4)s3)c(CCCCCC)c2CCCCCC)O1,134.0
[*]C=CC1=CC(=C(C#N)C#N)C=C(/C=C/c2sc(-c3ccc(-c4ccc(-c5sc([*])c(CCCCCC)c5CCCCCC)s4)s3)c(CCCCCC)c2CCCCCC)O1,112.0
[*]C=CC1=CC(=C(C#N)C#N)C=C(/C=C/c2sc(-c3ccc(-c4sc([*])c(CCCCCC)c4CCCCCC)s3)c(CCCCCC)c2CCCCCC)O1,114.0
[*]C=CC1=CC(=C(C#N)C#N)C=C(/C=C/c2sc(-c3ccc4c(c3)C(CCCCCC)(CCCCCC)c3cc(-c5sc([*])c(CCCCCC)c5CCCCCC)ccc3-4)c(CCCCCC)c2CCCCCC)O1,115.0
[*]C=CC1=CC(=C(C#N)C#N)C=C(/C=C/c2sc(-c3ccc4c(c3)Sc3cc(-c5sc([*])c(CCCCCC)c5CCCCCC)ccc3N4CCCCCC)c(CCCCCC)c2CCCCCC)O1,130.0
[*]C=CC1CC([*])C(C(=O)OC(C)(C)C)C1C(=O)OC(C)(C)C,83.40000000000003
[*]C=CC1CC([*])C(C(=O)OC)C1C(=O)OC,77.30000000000001
[*]C=CC1CC([*])C(C(=O)OCCCCCCCCCCCOc2ccc(-c3ccc(C#N)cc3)cc2)C1C(=O)OCCCCCCCCCCCOc1ccc(-c2ccc(C#N)cc2)cc1,23.100000000000023
[*]C=CC1CC([*])C(C(=O)OCCCCCCOc2ccc(-c3ccc(C#N)cc3)cc2)C1C(=O)OCCCCCCOc1ccc(-c2ccc(C#N)cc2)cc1,55.80000000000001
[*]C=CC1CC([*])C(C(=O)Oc2ccccc2)C1C(=O)Oc1ccccc1,96.5
[*]C=CC1CC([*])C(F)(OC(F)(F)C(F)(F)C(F)(F)F)C1(F)F,77.0
[*]C=CC1CC([*])C/C1=C\C,121.0
[*]C=CC1CC([*])C2C(=O)N(CCC)C(=O)C12,139.0
[*]C=CC1CC([*])C2C(=O)N(CCCC)C(=O)C12,131.0
[*]C=CC1CC([*])C2C(=O)N(CCCCC)C(=O)C12,99.0
[*]C=CC1CC([*])C2C(=O)N(CCCCCC)C(=O)C12,87.0
[*]C=CC1CC([*])C2C(=O)N(CCCCCCC)C(=O)C12,59.0
[*]C=CC1CC([*])C2C(=O)N(CCCCCCCC)C(=O)C12,56.5
[*]C=CC1CC([*])C2C(=O)N(CCCCCCCCC)C(=O)C12,52.0
[*]C=CC1CC([*])C2C(=O)N(CCCCCCCCCC)C(=O)C12,46.0
[*]C=CC1CC([*])C2C(=O)N(CCCCCCCCCCCC)C(=O)C12,50.0
[*]C=CC1CC([*])C2C(=O)N(c3cc(C(F)(F)F)cc(C(F)(F)F)c3)C(=O)C12,162.0
[*]C=CC1CC([*])C2C(=O)N(c3ccc(C)cc3)C(=O)C12,222.0
[*]C=CC1CC([*])C2C(=O)N(c3cccc(C)c3)C(=O)C12,206.0
[*]C=CC1CC([*])C2C(=O)N(c3ccccc3)C(=O)C12,220.0
[*]C=CC1CC([*])C2C(=O)N(c3ccccc3C)C(=O)C12,248.0
[*]C=CC1CC([*])C2C=CCC12,53.0
[*]C=CC1CC([*])CC1(C#N)CC,134.0
[*]C=CC1CC([*])CC1(C#N)CCC,108.0
[*]C=CC1CC([*])CC1(C#N)CCCC,87.0
[*]C=CC1CC([*])CC1(C#N)C[Si](C)(C)C,128.0
[*]C=CC1CC([*])CC1(C#N)C[Si](C)(C)O[Si](C)(C)C,68.0
[*]C=CC1CC([*])CC1(C#N)[Si](C)(C)C,211.0
[*]C=CC1CC([*])CC1(C#N)[Si](C)(C)O[Si](C)(C)C,88.0
[*]C=CC1CC([*])CC1(C#N)[Si](C)(C)O[Si](C)(C)O[Si](C)(C)C,47.0
[*]C=CC1CC([*])CC1(C#N)[Si](C)(C)[Si](C)(C)C,120.0
[*]C=CC1CC([*])CC1C#N,140.0
[*]C=CC1CC([*])CC1C(=O)OC,65.0
[*]C=CC1CC([*])CC1C(=O)OCCCCCCCCOc1ccc(/C=C/c2ccc([N+](=O)[O-])cc2)cc1,51.0
[*]C=CC1CC([*])CC1C(=O)OCCNC(C)(C)C,29.0
[*]C=CC1CC([*])CC1C(=O)Oc1ccccc1,72.60000000000002
[*]C=CC1CC([*])CC1C1CC=CCC1,105.0
[*]C=CC1CC([*])CC1[Si](C)(C)C,113.0
[*]C=CC1CC([*])CC1[Si](C)(C)C[Si](C)(C)C,24.0
[*]C=CCC([*])C,-34.99999999999997
[*]C=CCC([*])COCC(=O)OCCCCCCCCOc1ccc(/C=C/c2ccc([N+](=O)[O-])cc2)cc1,23.0
[*]C=CCC([*])OC,-10.5
[*]C=CCS(=O)(=O)C([*])C,71.0
[*]C=CCS(=O)(=O)C([*])CC,70.10000000000002
[*]C=CNc1cccc(S(=O)(=O)c2cccc(N/C=C/C(=O)c3cccc(C([*])=O)c3)c2)c1,215.0
[*]C=C[Ge](C=C[Si]([*])(c1ccccc1)c1ccccc1)(c1ccccc1)c1ccccc1,28.0
[*]C=C[Ge]([*])(c1ccccc1)c1ccccc1,-35.99999999999997
[*]C=C[Si]([*])(c1ccccc1)c1ccccc1,-9.0
[*]C=Cc1cc(C(C)C)c(/C=C/c2cc(OC)c(OCCCCCCCCOc3c(OC)cc([*])cc3OC)c(OC)c2)cc1C(C)C,85.0
[*]C=Cc1cc(OC)c(C=Cc2cc(OC)c([*])cc2OCC(CC)CCCC)cc1OC,113.0
[*]C=Cc1cc(OC)c(C=Cc2cc(OCC(CC)CCCC)c([*])cc2OC)cc1OC,110.0
[*]C=Cc1cc(OC)c(OCCCCCCCCOc2c(OC)cc(/C=C/c3cc(CCCCCC)c([*])cc3CCCCCC)cc2OC)c(OC)c1,21.0
[*]C=Cc1cc(OC)c([*])cc1OCC(CC)CCCC,66.0
[*]C=Cc1cc(OC)c([*])cc1OCCC(C)CCCC(C)C,50.0
[*]C=Cc1cc(OCC(CC)CCCC)c([*])cc1-c1ccc(F)c(C(F)(F)F)c1,122.0
[*]C=Cc1cc(OCC(CC)CCCC)c([*])cc1-c1ccc(N(c2ccc(OC)cc2)c2ccc(OC)cc2)cc1,163.0
[*]C=Cc1cc(OCC(CC)CCCC)c([*])cc1OC,79.0
[*]C=Cc1cc(OCC2CC3CC2C2CCCC32)c([*])cc1OC,174.0
[*]C=Cc1cc(OCCC(C)CCCC(C)C)c([*])cc1OC,54.5
[*]C=Cc1cc(OCCCC)c([*])cc1OC,65.0
[*]C=Cc1cc(OCCCCCC)c(/C=N/c2ccc(C(=O)OCCCCOCCCCOCCCCOC(=O)c3ccc(/N=C/c4cc(OCCCCCC)c(/C=C/c5cc(OCCCCCC)c([*])cc5OCCCCCC)cc4OCCCCCC)cc3)cc2)cc1OCCCCCC,14.300000000000011
[*]C=Cc1cc(OCCCCCC)c([*])cc1OC,60.0
[*]C=Cc1cc(OCCCCCCCC)c([*])cc1OC,58.0
[*]C=Cc1cc(OCCCCCCCCCCCC)c([*])cc1OC,36.0
[*]C=Cc1cc(OCCc2ccccc2)c([*])cc1OC,121.0
[*]C=Cc1ccc(-c2ccc(C=Cc3cc(CCCCCCCCCC)c([*])cc3CCCCCCCCCC)nc2)cn1,68.0
[*]C=Cc1ccc(-c2nnc(-c3ccc(/C=C/c4ccc5c(c4)c4cc(-c6ccc7c(c6)c6cc([*])ccc6n7CCCCCCCC)ccc4n5CCCCCCCC)cc3)n2-c2ccccc2)cc1,157.0
[*]C=Cc1ccc(-c2nnc(-c3ccc(C=Cc4ccc5c(c4)c4cc([*])ccc4n5CCCCCCCC)cc3)n2-c2ccccc2)cc1,147.0
[*]C=Cc1ccc(/C=C(\Oc2ccccc2)c2ccc(/C(=C/c3ccc(C=Cc4cc(OC)c([*])cc4OC)cc3)c3ccc(Oc4ccccc4)cc3)cc2)cc1,175.0
[*]C=Cc1ccc(/C=C/C(=O)Nc2ccc(Cc3ccc(NC([*])=O)cc3)cc2)cc1,230.0
[*]C=Cc1ccc(/C=C/C(=O)OCCN(CCOC([*])=O)c2ccc(/N=N/c3ccc([N+](=O)[O-])cc3)cc2)cc1,120.0
[*]C=Cc1ccc(/C=C/C(=O)Oc2ccc(-c3ccc(OC([*])=O)cc3)cc2)cc1,243.0
[*]C=Cc1ccc(/C=C/C(=O)Oc2ccc(OC([*])=O)cc2)cc1,210.0
[*]C=Cc1ccc(/C=C/[Si](C)(C)c2ccc([Si]([*])(C)C)cc2)cc1,63.0
[*]C=Cc1ccc(/C=C/[Si](C)(C)c2cccc([Si]([*])(C)C)c2)cc1,33.0
[*]C=Cc1ccc(/C=C/[Si](C)(CCC(F)(F)F)c2ccc([Si]([*])(C)CCC(F)(F)F)cc2)cc1,55.700000000000045
[*]C=Cc1ccc(/C=C/[Si](C)(CCC(F)(F)F)c2cccc([Si]([*])(C)CCC(F)(F)F)c2)cc1,23.400000000000034
[*]C=Cc1ccc(/C=C/c2cc(OC)c(OCCCCCCCCCCCCOc3c(OC)cc([*])cc3OC)c(OC)c2)cc1,61.10000000000002
[*]C=Cc1ccc(/C=C/c2cc(OC)c(OCCCCCCCCCCOc3c(OC)cc([*])cc3OC)c(OC)c2)cc1,68.5
[*]C=Cc1ccc(/C=C/c2cc(OC)c(OCCCCCCCCOc3c(OC)cc([*])cc3OC)c(OC)c2)cc1,69.40000000000003
[*]C=Cc1ccc(/C=C/c2cc(OC)c(OCCCCCCOc3c(OC)cc([*])cc3OC)c(OC)c2)cc1,90.0
[*]C=Cc1ccc(/C=C/c2cc(OCCCCCCCC)c([*])cc2OCCCCCCCC)c2nsnc12,153.0
[*]C=Cc1ccc(/C=C/c2ccc(/C=C/c3cc(OC)c(OCCCCCCCCOc4c(OC)cc([*])cc4OC)c(OC)c3)cc2)cc1,78.70000000000005
[*]C=Cc1ccc(/C=C/c2ccc3c(c2)C(CCCCCCOc2ccc4ccc(=O)oc4c2)(CCCCCCOc2ccc4ccc(=O)oc4c2)c2cc([*])ccc2-3)cc1,104.0
[*]C=Cc1ccc(/C=C/c2ccc3c(c2)Sc2cc([*])ccc2N3c2ccc(OCCCCCCCCCCCC)cc2)cc1,167.0
[*]C=Cc1ccc(/C=C/c2ccc3c(c2)Sc2cc([*])ccc2N3c2ccc(OCCCCCCCCCCCC)cc2)s1,155.0
[*]C=Cc1ccc(C=CC(=O)Nc2ccc(Oc3ccc(NC([*])=O)cc3)cc2)cc1,205.0
[*]C=Cc1ccc(C=Cc2cc(OCCCCCCC)c([*])cc2OCCCCCCC)cc1,46.0
[*]C=Cc1ccc(C=Cc2cc(OCCCCCCCCC)c([*])cc2OCCCCCCCCC)cc1,44.0
[*]C=Cc1ccc(C=Cc2cc(OCCCCCCCCCCCC)c([*])cc2OCCCCCCCCCCCC)cc1,38.0
[*]C=Cc1ccc(C=Cc2cc(OCCCCCCCCCCCCCCCC)c([*])cc2OCCCCCCCCCCCCCCCC)cc1,33.0
[*]C=Cc1ccc(N(c2ccccc2)c2ccc(C=Cc3cc(OCC(CC)CCCC)c([*])cc3OC)cc2)cc1,147.0
[*]C=Cc1ccc(N(c2ccccc2)c2ccc(C=Cc3cc(OCCCCCCCC)c([*])cc3OCCCCCCCC)cc2)cc1,74.0
[*]C=Cc1ccc(OCCCCCCCCCCOC(=O)c2ccc(-c3nnc(-c4ccc(C(=O)OCCCCCCCCCCOc5ccc(/C=C/C([*])=O)cc5)cc4)o3)cc2)cc1,58.0
[*]C=Cc1ccc(OCCCCCCCCOC(=O)c2ccc(-c3nnc(-c4ccc(C(=O)OCCCCCCCCOc5ccc(/C=C/C([*])=O)cc5)cc4)o3)cc2)cc1,59.0
[*]C=Cc1ccc(OCCCCCCCCOc2ccc(/C=C/c3cc(OCCCCCCCC)c([*])cc3OCCCCCCCC)cc2)cc1,130.0
[*]C=Cc1ccc(OCCCCCCOC(=O)c2ccc(-c3nnc(-c4ccc(C(=O)OCCCCCCOc5ccc(/C=C/C([*])=O)cc5)cc4)o3)cc2)cc1,62.0
[*]C=Cc1ccc(OCCCCCOc2ccc(/C=C/C(=O)OCCN(CCOC([*])=O)c3ccc(/N=N/c4ccc([N+](=O)[O-])cc4)cc3)cc2)cc1,92.0
[*]C=Cc1ccc(OCCOCCOCCOc2ccc(/C=C/c3cc(OC)c([*])cc3OC)c3ccccc23)c2ccccc12,79.5
[*]C=Cc1ccc(Oc2cc3c4c(ccc5c6c(Oc7ccc(C=Cc8cc(OCCCCCCCC)c([*])cc8OCCCCCCCC)cc7)cc7c8c(ccc(c2c45)c86)C(=O)N(CCCCCCCC)C7=O)C(=O)N(CCCCCCCC)C3=O)cc1,103.0
[*]C=Cc1ccc(Oc2ccc(-c3nnc(-c4ccc(Oc5ccc([*])c6ccccc56)cc4)o3)cc2)cc1,213.0
[*]C=Cc1ccc(Oc2ccc(C3(c4ccc(Oc5ccc(C([*])=O)cc5)cc4)c4ccccc4-c4ccccc43)cc2)cc1,195.0
[*]C=Cc1ccc([*])cc1-c1c(OCC(CC)CCCC)ccc2cc(-c3ccccc3)ccc12,141.0
[*]C=Cc1ccc([*])cc1-c1c(OCC(CC)CCCC)ccc2ccccc12,118.0
[*]C=Cc1ccc([*])cc1-c1cc(OCCC(C)C)c(OCCC(C)C)cc1-c1ccccc1,164.0
[*]C=Cc1ccc([*])cc1-c1ccc(OCC(CC)CCCC)c2ccccc12,135.0
[*]C=Cc1ccc([*])cc1OCc1cc(OCCC(C)CCCC(C)C)cc(OCC(CC)CCCC)c1,227.0
[*]C=Cc1ccc([*])cc1OCc1cc(OCc2cc(OCCC(C)CCCC(C)C)cc(OCCC(C)CCCC(C)C)c2)cc(OCc2cc(OCC(CC)CCCC)cc(OCC(CC)CCCC)c2)c1,223.0
[*]C=Cc1ccc2c(c1)C(CC(CC)CCCC)(CC(CC)CCCC)c1cc([*])ccc1-2,165.0
[*]C=Cc1ccc2c(c1)C(CCCCCCOc1ccc3ccc(=O)oc3c1)(CCCCCCOc1ccc3ccc(=O)oc3c1)c1cc(C=Cc3ccc4c(c3)C(CCCCCC)(CCCCCC)c3cc([*])ccc3-4)ccc1-2,115.0
[*]C=Cc1ccc2c(c1)Sc1cc([*])ccc1N2c1ccc(OCCCCCCCCCCCC)cc1,129.0
[*]C=Cc1ccc2c3ccc(/C=C/c4sc([*])c(CC(CC)CCCC)c4CC(CC)CCCC)cc3n(CC(CC)CCCC)c2c1,60.0
[*]C=Cc1ccc2c3ccc(C=Cc4cc(OCC(CC)CCCC)c([*])cc4OCC(CC)CCCC)cc3n(CC(CC)CCCC)c2c1,61.0
[*]C=Cc1ccc2c3ccc([*])cc3n(-c3ccc(OCCCCCCCCCC)c(OCCCCCCCCCC)c3)c2c1,95.0
[*]C=Cc1cccc(/C=C/[Si](C)(C)c2ccc([Si]([*])(C)C)cc2)c1,38.10000000000002
[*]C=Cc1cccc(/C=C/[Si](C)(C)c2cccc([Si]([*])(C)C)c2)c1,28.700000000000045
[*]C=Cc1cccc(/C=C/[Si](C)(CCC(F)(F)F)c2ccc([Si]([*])(C)CCC(F)(F)F)cc2)c1,34.5
[*]C=Cc1cccc(/C=C/[Si](C)(CCC(F)(F)F)c2cccc([Si]([*])(C)CCC(F)(F)F)c2)c1,9.5
[*]C=Cc1cccc(N2C(=O)c3ccc(C(=O)Nc4cccc(NC([*])=O)c4)cc3C2=O)c1,257.5
[*]C=Cc1nc(/C=C/c2ccc3c(c2)C(CCCCCC)(CCCCCC)c2cc([*])ccc2-3)c(C#N)c(/C=C/c2ccc(N(c3ccccc3)c3ccccc3)cc2)c1C#N,178.0
[*]C=Cc1nc(C=Cc2cc(CCCCCCCCCCCCCCCC)c([*])cc2CCCCCCCCCCCCCCCC)c(C#N)c(/C=C/c2ccc(N(c3ccccc3)c3ccccc3)cc2)c1C#N,165.0
[*]C=Cc1nc(C=Cc2ccc3c(c2)c2cc([*])ccc2n3CCCCCC)c(C#N)c(/C=C/c2ccc(N(c3ccccc3)c3ccccc3)cc2)c1C#N,134.0
[*]C=NNC(=O)CSc1nnc(SCC(=O)N/N=C/c2ccc(OCCCCCCCCCCOc3ccc([*])cc3OC)c(OC)c2)s1,156.0
[*]C=Nc1cc(C)c(N2C(=O)c3ccc4c5ccc6c7c(ccc(c8ccc(c3c48)C2=O)c75)C(=O)N(c2cc(C)c(/N=C/c3ccc(OCc4ccc(COc5ccc([*])cc5OC)cc4)c(OC)c3)cc2C)C6=O)cc1C,145.0
[*]C=Nc1cc(C)c(N2C(=O)c3ccc4c5ccc6c7c(ccc(c8ccc(c3c48)C2=O)c75)C(=O)N(c2cc(C)c(/N=C/c3ccc(OCc4ccccc4COc4ccc([*])cc4OC)c(OC)c3)cc2C)C6=O)cc1C,143.0
[*]C=Nc1ccc(C(=O)OCCCCOCCCCOCCCCOC(=O)c2ccc(/N=C/c3cc(OCCC(C)CCCC(C)C)c([*])cc3OCCC(C)CCCC(C)C)cc2)cc1,-4.7999999999999545
[*]C=Nc1ccc(C(=O)OCCCCOCCCCOCCCCOC(=O)c2ccc(/N=C/c3ccc4c(c3)c3cc([*])ccc3n4CC(CC)CCCC)cc2)cc1,5.2000000000000455
[*]C=Nc1ccc(N=Cc2cc(OCCCCCCCC)c([*])cc2OCCCCCCCC)cc1,32.700000000000045
[*]CC(=O)C([*])C,23.0
[*]CC(=O)C([*])c1ccc(C(C)(C)C)cc1,158.0
[*]CC(=O)C([*])c1ccccc1,110.0
[*]CC(=O)N1CCC(C)(CCCC2(C)CCN(C(=O)C([*])C)CC2)CC1,72.0
[*]CC(=O)NC([*])C,125.0
[*]CC(=O)NCCCCCCCCNC([*])=O,55.0
[*]CC(=O)NCCCCCCNC(=O)CC(C)(C)c1ccc(C([*])(C)C)cc1,91.0
[*]CC(=O)NCCCCCCNC(=O)CC(C)c1ccc(C([*])C)cc1,88.0
[*]CC(=O)NCCCCCCNC(=O)CCc1ccc(C([*])C)cc1,77.0
[*]CC(=O)NCCCCCCNC([*])=O,50.0
[*]CC(=O)NCCCCCNC([*])=O,65.0
[*]CC(=O)NCCCCNC([*])=O,73.0
[*]CC(=O)Nc1ccc(-c2ccc(NC(=O)Cc3cc(C)c([*])cc3C)cc2)cc1,171.0
[*]CC(=O)Nc1ccc(-c2ccc(NC(=O)Cc3cc([*])c(C)cc3C)cc2)cc1,230.0
[*]CC(=O)Nc1ccc(NC(=O)Cc2cc(C)c([*])cc2C)cc1,175.0
[*]CC(=O)Nc1ccc(NC(=O)Cc2cc([*])c(C)cc2C)cc1,208.0
[*]CC(=O)Nc1cccc(NC(=O)Cc2cc(C)c([*])cc2C)c1,249.0
[*]CC(=O)Nc1cccc(NC(=O)Cc2cc([*])c(C)cc2C)c1,222.0
[*]CC(=O)OC([*])(C)C(F)(F)F,27.0
[*]CC(=O)OC([*])C,3.400000000000034
[*]CC(=O)OC([*])C(C)(Cl)Cl,109.0
[*]CC(=O)OC([*])CC,-15.399999999999977
[*]CC(=O)OC([*])CCCCC,-32.99999999999997
[*]CC(=O)OC([*])CCCCCC,-46.99999999999997
[*]CC(=O)OC([*])CCCCCCC=C,-49.99999999999997
[*]CC(=O)OCCCCCCCCCCCCCCCCCCCCOC([*])=O,-35.099999999999966
[*]CC(=O)OCCCCCCOc1ccc(-n2on2-c2ccc(OCCCCCCOC([*])=O)cc2)cc1,16.0
[*]CC(=O)OCCCS(=O)(=O)c1ccc(/N=N/c2ccc(N([*])CCCC)cc2)cc1,92.40000000000003
[*]CC(=O)OCCOC([*])C,-37.099999999999966
[*]CC(=O)OCCOCCOC([*])=O,-41.49999999999997
[*]CC(=O)O[*],45.0
[*]CC(C#N)(C#N)CC([*])c1ccc(OC(C)=O)cc1,180.0
[*]CC(C(=O)O)C(C(=O)O)C([*])OC,144.0
[*]CC(C(=O)OC)C(C(=O)OC)C([*])OCC,50.0
[*]CC(C(=O)OC)C(C(=O)OC)C([*])OCCCC,32.5
[*]CC(C)(C(=O)OC)C(C)(C(=O)OC)C([*])OCC,131.0
[*]CC(C)(C(=O)OC)C(C)(C(=O)OC)C([*])OCCCC,97.5
[*]CC(C)(C)C1C(=O)N(C(C)C)C(=O)C1[*],145.0
[*]CC(C)(C)C1C(=O)N(C)C(=O)C1[*],156.5
[*]CC(C)(C)C1C(=O)N(CCCC)C(=O)C1[*],80.0
[*]CC(C)(C)C1C(=O)N(c2c(C)cccc2C)C(=O)C1[*],237.0
[*]CC(C)(C)C1C(=O)N(c2c(CC)cccc2CC)C(=O)C1[*],210.0
[*]CC(C)(C)C1C(=O)N(c2ccccc2C)C(=O)C1[*],207.0
[*]CC(C)(C)CC(=O)NCc1ccc(CNC(=O)C([*])C)cc1,125.0
[*]CC(C)(C)O[*],40.5
[*]CC(C)(C)S[*],-14.0
[*]CC(C)(C)c1ccc(OCC(O)COc2ccc(C([*])C)cc2)cc1,75.0
[*]CC(C)C([*])(C)C,37.0
[*]CC(C)CC([*])(C)C(=O)OC,16.0
[*]CC(CBr)O[*],-14.0
[*]CC(CC(C)C)S([*])(=O)=O,23.0
[*]CC(CC(Cl)(Cl)Cl)O[*],-35.99999999999997
[*]CC(CC([*])(C#N)C#N)c1ccc(CCl)cc1,180.0
[*]CC(CC([*])(C#N)C#N)c1ccc(Cl)cc1,180.0
[*]CC(CC([*])(C#N)C#N)c1ccc(F)cc1,180.0
[*]CC(CC([*])(F)F)(C(F)(F)F)C(F)(F)F,132.0
[*]CC(CC)C(=O)NCCCCCCNC(=O)C([*])CC,94.0
[*]CC(CC)N([*])C(=O)CCCC,52.0
[*]CC(CC)O[*],-71.49999999999997
[*]CC(CC)S[*],-46.99999999999997
[*]CC(CCCC)O[*],-68.99999999999997
[*]CC(CCCCCC)O[*],-66.99999999999997
[*]CC(CCCCCCCCCC)O[*],-40.99999999999997
[*]CC(CCOc1ccccc1)OC([*])=O,20.0
[*]CC(CCc1ccccc1)OC([*])=O,18.0
[*]CC(CN1C(=O)C2C3C=CC(C3)C2C1=O)O[*],87.5
[*]CC(COC(=O)CCCCCCCCCCN1C(=O)C2C3C=CC(C3)C2C1=O)O[*],-30.99999999999997
[*]CC(COC(=O)CCCCCN1C(=O)C2C3C=CC(C3)C2C1=O)O[*],1.0
[*]CC(COC(=O)c1ccc(N2C(=O)C3C4C=CC(C4)C3C2=O)cc1)O[*],62.5
[*]CC(COC(C)(C)C)O[*],-23.99999999999997
[*]CC(COC(C)C)O[*],-66.99999999999997
[*]CC(COC(F)(C(F)(F)F)C(F)(F)F)O[*],-42.99999999999997
[*]CC(COCC)O[*],-60.99999999999997
[*]CC(COCC=C)S[*],-58.99999999999997
[*]CC(COCCCC)O[*],-78.99999999999997
[*]CC(COCCCCCC)O[*],-85.49999999999997
[*]CC(COCCOCCOC)O[*],-56.99999999999997
[*]CC(COCOCC(C)([N+](=O)[O-])[N+](=O)[O-])O[*],-15.0
[*]CC(COc1ccc(-c2ccc(C#N)cc2)cc1)O[*],94.15000000000003
[*]CC(COc1ccc(-c2ccc(OC)cc2)cc1)O[*],111.0
[*]CC(COc1ccccc1)OC([*])=O,20.0
[*]CC(COc1ccccc1)O[*],42.0
[*]CC(CS(=O)(=O)C(C)C)O[*],64.0
[*]CC(CS(=O)(=O)CC)O[*],57.0
[*]CC(CS(=O)(=O)CCC)O[*],43.0
[*]CC(CS(=O)(=O)CCCC)O[*],37.0
[*]CC(CS(=O)(=O)CCCCC)O[*],39.0
[*]CC(CS(C)(=O)=O)O[*],85.0
[*]CC(CSC(C)C)O[*],-43.99999999999997
[*]CC(CSC)O[*],-36.99999999999997
[*]CC(CSCC)O[*],-56.99999999999997
[*]CC(CSCCC)O[*],-60.99999999999997
[*]CC(CSCCCC)O[*],-64.99999999999997
[*]CC(CSCCCCC)O[*],-67.99999999999997
[*]CC(C[N-][N+]#N)O[*],-34.99999999999997
[*]CC(C[Si]([*])(C)C)c1cccc2ccccc12,39.0
[*]CC(C[Si]([*])(C)C)c1ccccc1,-5.0
[*]CC(Cc1ccc(-c2ccccc2)cc1)C[Si]([*])(C)C,28.0
[*]CC(Cc1cccc2ccccc12)C[Si]([*])(C)C,17.0
[*]CC(F)(F)C1(F)C([*])CC(O)(C(F)(F)F)C1(F)F,152.0
[*]CC(F)(F)C1(F)CC(C(O)(C(F)(F)F)C(F)(F)F)CC1[*],118.0
[*]CC(F)(F)C1(F)CC(CC(O)(C(F)(F)F)C(F)(F)F)CC1[*],98.0
[*]CC(O)C(O)CN([*])c1ccc(N(C)C)cc1,72.0
[*]CC(O)CCCCC(O)CN([*])c1ccc(N(C)C)cc1,72.0
[*]CC(O)CCCS(=O)(=O)c1ccc(C#Cc2ccc(N([*])CCCC)cc2)cc1,48.0
[*]CC(O)CN(CC(O)CN([*])c1ccc(/N=N/c2ccc([N+](=O)[O-])cc2)cc1)c1ccccc1,70.0
[*]CC(O)CN([*])c1cc(C)c(/N=N/c2ccc(C#N)cc2)c(C)c1,150.0
[*]CC(O)CN([*])c1cc(C)c(/N=N/c2ccc(Cl)cc2)c(C)c1,150.0
[*]CC(O)CN([*])c1cc(C)c(/N=N/c2ccc([N+](=O)[O-])cc2)c(C)c1,152.0
[*]CC(O)CN([*])c1cc(C)c(/N=N/c2ccc([N+](=O)[O-])cc2C)c(C)c1,149.0
[*]CC(O)CN([*])c1cc(C)cc(C)c1,80.0
[*]CC(O)CN([*])c1ccc(/N=N/c2ccc(C(=O)O)cc2)cc1,99.0
[*]CC(O)CN([*])c1ccc(/N=N/c2ccc([N+](=O)[O-])cc2C)cc1,156.0
[*]CC(O)COCCCCOCC(O)CN([*])c1ccc(N(C)C)cc1,31.0
[*]CC(O)COc1ccc(-c2ccc(OCC(O)CN(C)S(=O)(=O)c3cccc(S(=O)(=O)N([*])C)c3)cc2)cc1,58.0
[*]CC(O)COc1ccc(C(C)(C)c2ccc(OCC(O)CN(C)S(=O)(=O)c3ccc(-c4ccc(S(=O)(=O)N([*])C)cc4)cc3)cc2)cc1,101.0
[*]CC(O)COc1ccc(C(C)(C)c2ccc(OCC(O)CN(C)S(=O)(=O)c3cccc(S(=O)(=O)N([*])C)c3)cc2)cc1,76.0
[*]CC(O)COc1ccc(C2(c3ccc(OCC(O)CN(C)S(=O)(=O)c4cccc(S(=O)(=O)N([*])C)c4)cc3)c3ccccc3-c3ccccc32)cc1,127.0
[*]CC(O)COc1ccc(OCC(O)CN(C)S(=O)(=O)c2ccc(-c3ccc(S(=O)(=O)N([*])C)cc3)cc2)cc1,84.0
[*]CC(O)COc1ccc(OCC(O)CN(C)S(=O)(=O)c2cccc(S(=O)(=O)N([*])C)c2)cc1,66.0
[*]CC(O)COc1ccc(S(=O)(=O)c2ccc(OCC(O)CN(C)S(=O)(=O)c3cccc(S(=O)(=O)N([*])C)c3)cc2)cc1,100.0
[*]CC(O)COc1ccc(Sc2ccc(OCC(O)CN(C)S(=O)(=O)c3cccc(S(=O)(=O)N([*])C)c3)cc2)cc1,90.0
[*]CC(OC([*])=O)C(Cl)(Cl)Cl,163.5
[*]CC(OC)C(C(=O)OC)C([*])C(=O)OC,59.5
[*]CC(OC)C(C)(C(=O)OC)C([*])(C)C(=O)OC,134.0
[*]CC(OCC(C)C)C(C(=O)OC)C([*])C(=O)OC,44.5
[*]CC(OCC(C)C)C(C)(C(=O)OC)C([*])(C)C(=O)OC,125.5
[*]CC(O[*])C(C)(C)C,41.0
[*]CC(O[*])C1CC(F)(F)C1(F)F,-24.99999999999997
[*]CC(O[*])c1ccccc1,34.0
[*]CC(O[*])c1ccco1,12.5
[*]CC(S[*])c1ccccc1,-2.5
[*]CC([*])(C#N)C(=O)OC,147.5
[*]CC([*])(C#N)C(=O)OC(C)C,66.0
[*]CC([*])(C#N)C(=O)OCC,115.0
[*]CC([*])(C#N)C(=O)OCC(C)C,51.0
[*]CC([*])(C#N)C(=O)OCCCC,117.0
[*]CC([*])(C#N)C(=O)OCCCCCCC,102.0
[*]CC([*])(C(=O)OC)c1ccccc1,121.0
[*]CC([*])(C)C(=O)NC(=O)OC(C)COc1c(Br)cc(S(=O)(=O)c2cc(Br)c(OCC(C)O)c(Br)c2)cc1Br,45.0
[*]CC([*])(C)C(=O)NC(=O)OC(C)COc1ccc(S(=O)(=O)c2ccc(OCC(C)O)cc2)cc1,73.0
[*]CC([*])(C)C(=O)NC(=O)OCCOc1c(Br)cc(S(=O)(=O)c2cc(Br)c(OCCO)c(Br)c2)cc1Br,110.0
[*]CC([*])(C)C(=O)NC(=O)OCCOc1ccc(S(=O)(=O)c2ccc(OCCO)cc2)cc1,131.0
[*]CC([*])(C)C(=O)NC(=O)Oc1c(Br)cc(S(=O)(=O)c2cc(Br)c(O)c(Br)c2)cc1Br,116.0
[*]CC([*])(C)C(=O)NC(=O)Oc1ccc(S(=O)(=O)c2ccc(O)cc2)cc1,182.0
[*]CC([*])(C)C(=O)NC(C)c1cccc2ccccc12,171.0
[*]CC([*])(C)C(=O)NC(C)c1ccccc1,156.5
[*]CC([*])(C)C(=O)NC1C(O)OC(CO)C(O)C1O,90.5
[*]CC([*])(C)C(=O)Nc1ccc(C(=O)/C=C/c2ccc(OC)cc2)cc1,35.0
[*]CC([*])(C)C(=O)Nc1cccc(-c2nnc(-c3ccccc3)o2)c1,65.0
[*]CC([*])(C)C(=O)O,161.70000000000005
[*]CC([*])(C)C(=O)OC(C(F)(F)F)C(F)(F)F,75.0
[*]CC([*])(C)C(=O)OC(C)C(C)(C)C,108.0
[*]CC([*])(C)C(=O)OC(COc1cc2ccccc2c2ccccc12)COc1cc2ccccc2c2ccccc12,112.0
[*]CC([*])(C)C(=O)OC(COc1ccc(-c2ccccc2)cc1)COc1ccc(-c2ccccc2)cc1,85.0
[*]CC([*])(C)C(=O)OC(COc1cccc2ccccc12)COc1cccc2ccccc12,80.0
[*]CC([*])(C)C(=O)OC(F)(F)C(F)(F)C(F)(F)C(F)(F)C(F)(F)C(F)(F)C(F)(F)C(F)(F)F,49.0
[*]CC([*])(C)C(=O)OC(OCC)C(F)(F)F,60.0
[*]CC([*])(C)C(=O)OC1(C)C2CC3CC(C2)CC1C3,165.0
[*]CC([*])(C)C(=O)OC1(C)CCCN(c2ccc(/N=N/c3ccc(/C=C(\C#N)S(C)(=O)=O)cc3)cc2)C1,196.0
[*]CC([*])(C)C(=O)OC1(C)CCOC(=O)C1,110.0
[*]CC([*])(C)C(=O)OC12CC3CC(C)(CC(C)(C3)C1)C2,194.0
[*]CC([*])(C)C(=O)OC12CC3CC(CC(C3)C1)C2,183.0
[*]CC([*])(C)C(=O)OC1CC(C)CC(C)(C)C1,125.0
[*]CC([*])(C)C(=O)OC1CC(C)CCC1C(C)C,147.0
[*]CC([*])(C)C(=O)OC1CC2CC1C1C3CCC(C3)C21,199.0
[*]CC([*])(C)C(=O)OC1CC2CCC1(C)C2(C)C,180.5
[*]CC([*])(C)C(=O)OC1CCC(C(C)(C)C)CC1,100.0
[*]CC([*])(C)C(=O)OC1CCC(C)CC1,109.0
[*]CC([*])(C)C(=O)OC1CCC1,119.0
[*]CC([*])(C)C(=O)OC1CCC2CCCCC2C1,145.0
[*]CC([*])(C)C(=O)OC1CCCC(C)C1,89.0
[*]CC([*])(C)C(=O)OC1CCCC1,75.0
[*]CC([*])(C)C(=O)OC1CCCCC1C,85.0
[*]CC([*])(C)C(=O)OC1CCCCC1C(C)(C)C,185.0
[*]CC([*])(C)C(=O)OC1CCOCC1,153.5
[*]CC([*])(C)C(=O)OC1COC(CP(=O)(OCC)OCC)OC1,101.5
[*]CC([*])(C)C(=O)OCC#C,58.0
[*]CC([*])(C)C(=O)OCC#CO[Si](C)(C)C,57.0
[*]CC([*])(C)C(=O)OCC#N,91.0
[*]CC([*])(C)C(=O)OCC(=O)N1CCCC1,144.0
[*]CC([*])(C)C(=O)OCC(=O)N1CCOCC1,128.0
[*]CC([*])(C)C(=O)OCC(=O)Nc1cc(C)on1,128.0
[*]CC([*])(C)C(=O)OCC(=O)c1ccccc1,92.5
[*]CC([*])(C)C(=O)OCC(C)(C)C1OCC(C)(C)CO1,118.0
[*]CC([*])(C)C(=O)OCC(C)Oc1ccc(-c2ccc(-c3ccc(C#N)cc3)cc2)cc1,140.0
[*]CC([*])(C)C(=O)OCC(CC)CCCC,-10.0
[*]CC([*])(C)C(=O)OCC(F)(F)C(F)(F)C(F)(F)C(F)(F)C(F)(F)C(F)(F)C(F)(F)C(F)F,-15.0
[*]CC([*])(C)C(=O)OCC(F)(F)C(F)(F)C(F)(F)C(F)(F)C(F)(F)C(F)F,12.5
[*]CC([*])(C)C(=O)OCC(F)(F)C(F)(F)C(F)(F)C(F)F,47.0
[*]CC([*])(C)C(=O)OCC(F)(F)C(F)(F)F,77.0
[*]CC([*])(C)C(=O)OCC(O)C1CC(C)(c2ccccc2)C1,105.0
[*]CC([*])(C)C(=O)OCC(O)CO,84.40000000000003
[*]CC([*])(C)C(=O)OCC1(C)COC(C)(C)OC1,108.0
[*]CC([*])(C)C(=O)OCC1(C)COCOC1,142.0
[*]CC([*])(C)C(=O)OCC1(CC)COC1,105.0
[*]CC([*])(C)C(=O)OCC1CC(NC(=O)C2CC(NC(=O)OC(C)(C)C)CN2C(=O)OC(C)(C)C)CN1C(=O)C1CC(NC(=O)OC(C)(C)C)CN1C(=O)OC(C)(C)C,200.0
[*]CC([*])(C)C(=O)OCC1CC(NC(=O)OC(C)(C)C)CN1C(=O)OC(C)(C)C,127.0
[*]CC([*])(C)C(=O)OCC1CCC1,114.0
[*]CC([*])(C)C(=O)OCC1CCCO1,105.0
[*]CC([*])(C)C(=O)OCC1CO1,68.5
[*]CC([*])(C)C(=O)OCC1COC(=O)O1,124.0
[*]CC([*])(C)C(=O)OCC1COC(CP(=O)(OCC)OCC)O1,115.0
[*]CC([*])(C)C(=O)OCC1COC(c2ccccc2)O1,130.0
[*]CC([*])(C)C(=O)OCC1COCCOCCOCCO1,35.0
[*]CC([*])(C)C(=O)OCC1COCCOCCOCCOCCOC1,31.0
[*]CC([*])(C)C(=O)OCC1OC(n2ccc(=O)[nH]c2=O)C(O)C1O,143.5
[*]CC([*])(C)C(=O)OCC=C,94.0
[*]CC([*])(C)C(=O)OCCBr,52.0
[*]CC([*])(C)C(=O)OCCC#N,91.0
[*]CC([*])(C)C(=O)OCCC(C)CC(C)(C)C,1.0
[*]CC([*])(C)C(=O)OCCC(F)(F)C(F)(F)C(F)(F)C(F)(F)C(F)(F)C(F)(F)C(F)(F)C(F)(F)F,47.0
[*]CC([*])(C)C(=O)OCCC(F)(F)C(F)(F)C(F)(F)C(F)(F)F,23.0
[*]CC([*])(C)C(=O)OCCC1CCCCC1,110.0
[*]CC([*])(C)C(=O)OCCC1CCN(CCCCCCOc2ccc(/N=N/c3ccc([N+](=O)[O-])cc3)cc2)CC1,27.0
[*]CC([*])(C)C(=O)OCCC1CC[N+](C)(CCCCCCOc2ccc(/N=N/c3ccc([N+](=O)[O-])cc3)cc2)CC1,57.80000000000001
[*]CC([*])(C)C(=O)OCCCC1CCCCC1,60.0
[*]CC([*])(C)C(=O)OCCCCC,10.0
[*]CC([*])(C)C(=O)OCCCCC(F)(F)C(F)(F)C(F)(F)C(F)(F)C(F)(F)C(F)(F)F,23.0
[*]CC([*])(C)C(=O)OCCCCC(F)(F)C(F)(F)C(F)(F)C(F)(F)F,23.0
[*]CC([*])(C)C(=O)OCCCCC1CCCCC1,43.0
[*]CC([*])(C)C(=O)OCCCCCC(=O)Oc1ccc(OC(=O)c2ccc(OC)cc2)cc1,40.0
[*]CC([*])(C)C(=O)OCCCCCC(=O)Oc1ccc(OC(=O)c2ccc(OCC)cc2)cc1,43.0
[*]CC([*])(C)C(=O)OCCCCCC(=O)Oc1ccc(OC(=O)c2ccc(OCCC)cc2)cc1,45.0
[*]CC([*])(C)C(=O)OCCCCCC(=O)Oc1ccc(OC(=O)c2ccc(OCCCC)cc2)cc1,40.0
[*]CC([*])(C)C(=O)OCCCCCC(=O)Oc1ccc(OC(=O)c2ccc(OCCCCC)cc2)cc1,50.0
[*]CC([*])(C)C(=O)OCCCCCC(=O)Oc1ccc(OC(=O)c2ccc(OCCCCCC)cc2)cc1,44.0
[*]CC([*])(C)C(=O)OCCCCCCC(F)(F)C(F)(F)C(F)(F)C(F)(F)C(F)(F)C(F)(F)C(F)(F)C(F)(F)C(F)(F)C(F)(F)C(F)(F)C(F)(F)F,84.0
[*]CC([*])(C)C(=O)OCCCCCCC(F)(F)C(F)(F)C(F)(F)C(F)(F)F,23.0
[*]CC([*])(C)C(=O)OCCCCCCCC,-11.0
[*]CC([*])(C)C(=O)OCCCCCCCC(C)C,-41.14999999999998
[*]CC([*])(C)C(=O)OCCCCCCCC/C=C/CCCCCCCC,-39.99999999999997
[*]CC([*])(C)C(=O)OCCCCCCCCCCCC,-47.89999999999998
[*]CC([*])(C)C(=O)OCCCCCCCCCCCCCC,-71.99999999999997
[*]CC([*])(C)C(=O)OCCCCCCCCCCCCCCC(=O)NC1OC(CO)C(OC2OC(CO)C(O)C(O)C2O)C(O)C1O,133.0
[*]CC([*])(C)C(=O)OCCCCCCCCCCCCCCC(=O)NC1OC(COC(C)=O)C(OC2OC(COC(C)=O)C(OC(C)=O)C(OC(C)=O)C2OC(C)=O)C(OC(C)=O)C1OC(C)=O,95.20000000000005
[*]CC([*])(C)C(=O)OCCCCCCCCCCCCCCCCCC,-99.99999999999997
[*]CC([*])(C)C(=O)OCCCCCCCCCCCCOc1ccc(C(=O)Oc2ccc(-c3cccc(OC(=O)c4ccc(OC(=O)c5ccc(OCCCCCCCCCCCC)cc5)cc4)c3)cc2)cc1,74.5
[*]CC([*])(C)C(=O)OCCCCCCCCCCCCOc1ccc2cc(C(=O)Oc3ccccc3)ccc2c1,12.0
[*]CC([*])(C)C(=O)OCCCCCCCCCCCOc1ccc(/C=N/c2ccc(C#N)cc2)cc1,23.0
[*]CC([*])(C)C(=O)OCCCCCCCCCCCOc1ccc(/N=N/c2ccc(OC(=O)c3ccc4c(c3)OCCOCCOCCOCCO4)cc2)cc1,59.0
[*]CC([*])(C)C(=O)OCCCCCCCCCCCOc1ccc(C(=O)Oc2ccc(C#N)cc2)cc1,10.0
[*]CC([*])(C)C(=O)OCCCCCCCCCCCOc1ccc2cc(C(=O)Oc3ccccc3)ccc2c1,10.0
[*]CC([*])(C)C(=O)OCCCCCCCCCCCn1c2ccccc2c2ccccc21,31.0
[*]CC([*])(C)C(=O)OCCCCCCCCCCOc1ccc(/N=N/c2ccc(C#N)cc2)cc1,51.0
[*]CC([*])(C)C(=O)OCCCCCCCCCCOc1ccc(/N=N/c2ccc(C3OCC4(CO3)CC3C=CC4C3)cc2)cc1,103.20000000000005
[*]CC([*])(C)C(=O)OCCCCCCCCCCOc1ccc(/N=N/c2ccc(Cl)cc2)cc1,54.0
[*]CC([*])(C)C(=O)OCCCCCCCCCCOc1ccc(/N=N/c2ccc(F)cc2)cc1,49.0
[*]CC([*])(C)C(=O)OCCCCCCCCCCOc1ccc(/N=N/c2ccc(OC)cc2)cc1,62.0
[*]CC([*])(C)C(=O)OCCCCCCCCCCOc1ccc(/N=N/c2ccc([N+](=O)[O-])cc2)cc1,55.0
[*]CC([*])(C)C(=O)OCCCCCCCCCCOc1ccc(/N=N/c2ccccc2)cc1,56.0
[*]CC([*])(C)C(=O)OCCCCCCCCCCOc1ccc(C#Cc2cc(C)c(/C=C/c3ccncc3)cc2C)cc1,65.40000000000003
[*]CC([*])(C)C(=O)OCCCCCCCCCCOc1ccc(C#Cc2cc(OC)c(/C=C/c3ccncc3)cc2OC)cc1,87.10000000000002
[*]CC([*])(C)C(=O)OCCCCCCCCCCOc1ccc(C(=O)Oc2ccc(C(=O)/C=C/c3c(C)c4ccccc4n3C)cc2)cc1,72.0
[*]CC([*])(C)C(=O)OCCCCCCCCCCOc1ccc(C(=O)Oc2ccc(C(=O)/C=C/c3c(C)c4ccccc4n3CCCC)cc2)cc1,57.0
[*]CC([*])(C)C(=O)OCCCCCCCCCCOc1ccc(OC(=O)c2ccc(-c3ccc(OC)cc3)cc2)cc1,57.0
[*]CC([*])(C)C(=O)OCCCCCCCCCCOc1ccc(OC(=O)c2ccc(OC)c(Br)c2)cc1,29.0
[*]CC([*])(C)C(=O)OCCCCCCCCCCOc1ccc(OC(=O)c2ccc(OC)cc2)cc1,21.0
[*]CC([*])(C)C(=O)OCCCCCCCCCCOc1ccc(OC(=O)c2ccc(OCCCC)cc2)cc1,31.0
[*]CC([*])(C)C(=O)OCCCCCCCCCCOc1ccc(OC(=O)c2ccc(OCCCCCC)cc2)cc1,41.0
[*]CC([*])(C)C(=O)OCCCCCCCCCCOc1ccc(OC(=O)c2ccc(OCCCCCCCC)cc2)cc1,12.0
[*]CC([*])(C)C(=O)OCCCCCCCCCCOc1ccc2cc(C(=O)Oc3ccccc3)ccc2c1,24.0
[*]CC([*])(C)C(=O)OCCCCCCCCCCn1c2ccccc2c2cc(/C=C(\C#N)C(=O)OC)ccc21,58.0
[*]CC([*])(C)C(=O)OCCCCCCCCCCn1c2ccccc2c2cc(/C=C(\C#N)c3ccc([N+](=O)[O-])cc3)ccc21,40.0
[*]CC([*])(C)C(=O)OCCCCCCCCCCn1c2ccccc2c2cc(/C=C/C3=C(C#N)C(=C(C#N)C#N)OC3(C)C)ccc21,55.0
[*]CC([*])(C)C(=O)OCCCCCCCCCCn1c2ccccc2c2cc(/N=N/c3ccc([N+](=O)[O-])cc3)ccc21,36.0
[*]CC([*])(C)C(=O)OCCCCCCCCCCn1c2ccccc2c2cc(/N=N/c3ccc([N+](=O)[O-])cc3[N+](=O)[O-])ccc21,60.0
[*]CC([*])(C)C(=O)OCCCCCCCCCOc1ccc2cc(C(=O)Oc3ccccc3)ccc2c1,18.0
[*]CC([*])(C)C(=O)OCCCCCCCCOc1ccc(/N=N/c2ccc(C#N)cc2)cc1,35.0
[*]CC([*])(C)C(=O)OCCCCCCCCOc1ccc(/N=N/c2ccc(C3OCC4(CO3)CC3C=CC4C3)cc2)cc1,106.20000000000005
[*]CC([*])(C)C(=O)OCCCCCCCCOc1ccc(C(=O)Oc2ccc(C(=O)/C=C/c3c(C)c4ccccc4n3C)cc2)cc1,75.0
[*]CC([*])(C)C(=O)OCCCCCCCCOc1ccc(C(=O)Oc2ccc(C(=O)/C=C/c3c(C)c4ccccc4n3CCCC)cc2)cc1,69.0
[*]CC([*])(C)C(=O)OCCCCCCCCOc1ccc2cc(C(=O)Oc3ccccc3)ccc2c1,34.0
[*]CC([*])(C)C(=O)OCCCCCCCOc1ccc2cc(C(=O)Oc3ccccc3)ccc2c1,40.0
[*]CC([*])(C)C(=O)OCCCCCCN(C)c1ccc(/N=N/c2ccc(S(C)(=O)=O)cc2)cc1,100.0
[*]CC([*])(C)C(=O)OCCCCCCN(C)c1ccc(N(C)C)cc1,8.5
[*]CC([*])(C)C(=O)OCCCCCCN1CCN(c2ccc(/N=N/c3ccc(C#N)cc3)cc2)CC1,77.0
[*]CC([*])(C)C(=O)OCCCCCCN1CCN(c2ccc(/N=N/c3ccc(C=C(C#N)C#N)cc3)cc2)CC1,83.0
[*]CC([*])(C)C(=O)OCCCCCCN1CCN(c2ccc(/N=N/c3ccc([N+](=O)[O-])cc3)cc2)CC1,60.0
[*]CC([*])(C)C(=O)OCCCCCCOc1ccc(-c2ccc(C#N)cc2)cc1,63.0
[*]CC([*])(C)C(=O)OCCCCCCOc1ccc(/C=N/c2ccc(C#N)cc2)cc1,35.0
[*]CC([*])(C)C(=O)OCCCCCCOc1ccc(/N=N/c2ccc(C#N)cc2)cc1,61.0
[*]CC([*])(C)C(=O)OCCCCCCOc1ccc(/N=N/c2ccc(C3OCC4(CO3)CC3C=CC4C3)cc2)cc1,118.5
[*]CC([*])(C)C(=O)OCCCCCCOc1ccc(/N=N/c2ccc(OC)cc2)cc1,91.0
[*]CC([*])(C)C(=O)OCCCCCCOc1ccc(/N=N/c2ccc(OCCCC)cc2)cc1,79.0
[*]CC([*])(C)C(=O)OCCCCCCOc1ccc(/N=N/c2ccc(OCCCCCCCCCC)cc2)cc1,110.0
[*]CC([*])(C)C(=O)OCCCCCCOc1ccc(/N=N/c2ccc([N+](=O)[O-])cc2)cc1,108.0
[*]CC([*])(C)C(=O)OCCCCCCOc1ccc(/N=N/c2ccncc2)cc1,42.0
[*]CC([*])(C)C(=O)OCCCCCCOc1ccc(C(=O)Oc2ccc(-c3cccc(OC(=O)c4ccc(OC(=O)c5ccc(OCCCCCCCCCCCC)cc5)cc4)c3)cc2)cc1,73.0
[*]CC([*])(C)C(=O)OCCCCCCOc1ccc(C(=O)Oc2ccc(/N=N/c3ccc(Br)cc3)c3ccccc23)cc1,46.0
[*]CC([*])(C)C(=O)OCCCCCCOc1ccc(C(=O)Oc2ccc(/N=N/c3ccc(C#N)cc3)c3ccccc23)cc1,41.0
[*]CC([*])(C)C(=O)OCCCCCCOc1ccc(C(=O)Oc2ccc(/N=N/c3ccc(C)cc3)c3ccccc23)cc1,40.0
[*]CC([*])(C)C(=O)OCCCCCCOc1ccc(C(=O)Oc2ccc(/N=N/c3ccc(Cl)cc3)c3ccccc23)cc1,50.0
[*]CC([*])(C)C(=O)OCCCCCCOc1ccc(C(=O)Oc2ccc(/N=N/c3ccc(F)cc3)c3ccccc23)cc1,42.0
[*]CC([*])(C)C(=O)OCCCCCCOc1ccc(C(=O)Oc2ccc(/N=N/c3ccc(I)cc3)c3ccccc23)cc1,40.0
[*]CC([*])(C)C(=O)OCCCCCCOc1ccc(C(=O)Oc2ccc(/N=N/c3ccccc3)c3ccccc23)cc1,46.0
[*]CC([*])(C)C(=O)OCCCCCCOc1ccc(C(=O)Oc2ccc(C#N)cc2)cc1,43.0
[*]CC([*])(C)C(=O)OCCCCCCOc1ccc(C(=O)Oc2ccc(C(=O)/C=C/c3c(C)c4ccccc4n3C)cc2)cc1,98.0
[*]CC([*])(C)C(=O)OCCCCCCOc1ccc(C(=O)Oc2ccc(C(=O)/C=C/c3c(C)c4ccccc4n3CCCC)cc2)cc1,85.0
[*]CC([*])(C)C(=O)OCCCCCCOc1ccc(C(=O)Oc2ccc(C)cc2)cc1,45.0
[*]CC([*])(C)C(=O)OCCCCCCOc1ccc(C(=O)Oc2ccc(OC)cc2)cc1,46.0
[*]CC([*])(C)C(=O)OCCCCCCOc1ccc(C(=O)Oc2ccc(OC)cc2)cc1OC,49.0
[*]CC([*])(C)C(=O)OCCCCCCOc1ccc(C(=O)Oc2ccc(OCCCC)cc2)cc1,49.0
[*]CC([*])(C)C(=O)OCCCCCCOc1ccc(C(=O)Oc2ccc3ccc(=O)oc3c2)cc1,102.0
[*]CC([*])(C)C(=O)OCCCCCCOc1ccc(OC(=O)c2ccc(-c3ccc(OC)cc3)cc2)cc1,57.0
[*]CC([*])(C)C(=O)OCCCCCCOc1ccc(OC(=O)c2ccc(OC)c(Br)c2)cc1,51.0
[*]CC([*])(C)C(=O)OCCCCCCOc1ccc(OC(=O)c2ccc(OC)cc2)cc1,38.0
[*]CC([*])(C)C(=O)OCCCCCCOc1ccc(OC(=O)c2ccc(OCCCC)cc2)cc1,36.0
[*]CC([*])(C)C(=O)OCCCCCCOc1ccc(OC(=O)c2ccc(OCCCCCC)cc2)cc1,16.0
[*]CC([*])(C)C(=O)OCCCCCCOc1ccc(OC(=O)c2ccc(OCCCCCCCC)cc2)cc1,-1.0
[*]CC([*])(C)C(=O)OCCCCCCOc1ccc2cc(C(=O)Oc3ccccc3)ccc2c1,39.0
[*]CC([*])(C)C(=O)OCCCCCCOc1cccc(C(=O)Oc2ccc(C#N)cc2)c1,38.0
[*]CC([*])(C)C(=O)OCCCCCCc1ccc(/C(C)=C/c2ccc(OC)cc2)cc1,31.0
[*]CC([*])(C)C(=O)OCCCCCCc1ccc(/N=N/c2ccc(OC(F)(F)F)cc2)cc1,194.5
[*]CC([*])(C)C(=O)OCCCCCCn1c2ccccc2c2ccccc21,73.0
[*]CC([*])(C)C(=O)OCCCCCOc1ccc(-c2ccc(C#N)cc2)cc1,60.0
[*]CC([*])(C)C(=O)OCCCCCOc1ccc(OC(=O)c2ccc(OC)cc2)cc1,38.0
[*]CC([*])(C)C(=O)OCCCCCOc1ccc2cc(C(=O)Oc3ccccc3)ccc2c1,48.0
[*]CC([*])(C)C(=O)OCCCCCc1ccc(/N=N/c2ccc(OC(F)(F)F)cc2)cc1,202.5
[*]CC([*])(C)C(=O)OCCCCCn1c2ccccc2c2ccccc21,91.0
[*]CC([*])(C)C(=O)OCCCCOc1ccc(/N=N/c2ccc(C#N)cc2)cc1,80.0
[*]CC([*])(C)C(=O)OCCCCOc1ccc(C(=O)Oc2ccc(OC)cc2)cc1,45.0
[*]CC([*])(C)C(=O)OCCCCOc1ccc(OC(=O)c2ccc(-c3ccc(OC)cc3)cc2)cc1,77.0
[*]CC([*])(C)C(=O)OCCCCOc1ccc(OC(=O)c2ccc(OC)c(Br)c2)cc1,69.0
[*]CC([*])(C)C(=O)OCCCCOc1ccc(OC(=O)c2ccc(OC)cc2)cc1,57.0
[*]CC([*])(C)C(=O)OCCCCOc1ccc(OC(=O)c2ccc(OCCCC)cc2)cc1,51.0
[*]CC([*])(C)C(=O)OCCCCOc1ccc(OC(=O)c2ccc(OCCCCCC)cc2)cc1,34.0
[*]CC([*])(C)C(=O)OCCCCOc1ccc(OC(=O)c2ccc(OCCCCCCCC)cc2)cc1,10.0
[*]CC([*])(C)C(=O)OCCCCOc1ccc2cc(C(=O)Oc3ccccc3)ccc2c1,88.0
[*]CC([*])(C)C(=O)OCCCCc1ccc(/N=N/c2ccc(OC(F)(F)F)cc2)cc1,203.5
[*]CC([*])(C)C(=O)OCCCCc1ccccc1,9.0
[*]CC([*])(C)C(=O)OCCCCl,50.0
[*]CC([*])(C)C(=O)OCCCCn1c2ccccc2c2cc(/N=N/c3ccc([N+](=O)[O-])cc3[N+](=O)[O-])ccc21,132.0
[*]CC([*])(C)C(=O)OCCCCn1c2ccccc2c2ccccc21,59.200000000000045
[*]CC([*])(C)C(=O)OCCCN(C)c1ccc(N(C)C)cc1,12.5
[*]CC([*])(C)C(=O)OCCCN(CCO)c1ccc(/N=N/c2ccc([N+](=O)[O-])cc2)cc1,131.0
[*]CC([*])(C)C(=O)OCCCOc1ccc(-c2ccc(C#N)cc2)cc1,97.0
[*]CC([*])(C)C(=O)OCCCOc1ccc(C(=O)Oc2ccc3ccc(=O)oc3c2)cc1,68.0
[*]CC([*])(C)C(=O)OCCCOc1ccc2cc(C(=O)Oc3ccccc3)ccc2c1,84.0
[*]CC([*])(C)C(=O)OCCC[Si](OC)(OC)OC,9.0
[*]CC([*])(C)C(=O)OCCC[Si](O[Si](C)(C)C)(O[Si](C)(C)C)O[Si](C)(C)C,72.35000000000002
[*]CC([*])(C)C(=O)OCCC[Si]12O[Si]3(CC(C)C)O[Si]4(CC(C)C)O[Si](CC(C)C)(O1)O[Si]1(CC(C)C)O[Si](CC(C)C)(O2)O[Si](CC(C)C)(O3)O[Si](CC(C)C)(O4)O1,85.0
[*]CC([*])(C)C(=O)OCCCc1ccc(/N=N/c2ccc(OC(F)(F)F)cc2)cc1,211.5
[*]CC([*])(C)C(=O)OCCCn1c2ccccc2c2ccccc21,113.0
[*]CC([*])(C)C(=O)OCCF,90.0
[*]CC([*])(C)C(=O)OCCN(C)C,28.620000000000005
[*]CC([*])(C)C(=O)OCCN(C)c1ccc(/C=C/c2ccc([N+](=O)[O-])cc2)cc1,107.0
[*]CC([*])(C)C(=O)OCCN(C)c1ccc(/N=N/c2ccc(/N=N/c3ccc(C#N)cc3)cc2C)cc1,120.0
[*]CC([*])(C)C(=O)OCCN(C)c1ccc(/N=N/c2ccc(S(=O)(=O)Nc3cc(C)on3)cc2)cc1,123.0
[*]CC([*])(C)C(=O)OCCN(C)c1ccc(/N=N/c2ccc([N+](=O)[O-])cc2)cc1,110.0
[*]CC([*])(C)C(=O)OCCN(C)c1ccc(N(C)C)cc1,43.0
[*]CC([*])(C)C(=O)OCCN(CC)CC,26.0
[*]CC([*])(C)C(=O)OCCN(CC)c1ccc(/N=N/c2ccc(C#N)cc2)cc1,119.0
[*]CC([*])(C)C(=O)OCCN(CC)c1ccc(/N=N/c2ccc(OC)cc2)c(C)c1,95.0
[*]CC([*])(C)C(=O)OCCN(CC)c1ccc(/N=N/c2ccc(S(C)(=O)=O)cc2)cc1,144.0
[*]CC([*])(C)C(=O)OCCN(CC)c1ccc(/N=N/c2ccc([N+](=O)[O-])c3ccccc23)cc1,116.0
[*]CC([*])(C)C(=O)OCCN(CC)c1ccc(/N=N/c2ccc([N+](=O)[O-])cc2)cc1,126.0
[*]CC([*])(C)C(=O)OCCN(CC)c1ccc(/N=N/c2nc3ccc([N+](=O)[O-])cc3s2)cc1,140.0
[*]CC([*])(C)C(=O)OCCN(CC)c1ccc([N+](=O)[O-])cc1,98.0
[*]CC([*])(C)C(=O)OCCN(CC)c1ccccc1,37.5
[*]CC([*])(C)C(=O)OCCN(CCCC)c1ccc(/N=N/c2ccc(S(=O)(=O)Nc3cc(C)on3)cc2)cc1,105.0
[*]CC([*])(C)C(=O)OCCN(CCCC)c1ccc(/N=N/c2ccc(S(=O)(=O)Nc3nccs3)cc2)cc1,53.0
[*]CC([*])(C)C(=O)OCCNC(C)(C)C,41.0
[*]CC([*])(C)C(=O)OCCOC,24.0
[*]CC([*])(C)C(=O)OCCOC(=O)c1cc([N+](=O)[O-])cc([N+](=O)[O-])c1,92.0
[*]CC([*])(C)C(=O)OCCOCC,-16.0
[*]CC([*])(C)C(=O)OCCOCCO,20.0
[*]CC([*])(C)C(=O)OCCOCCOC,57.0
[*]CC([*])(C)C(=O)OCCOCCOCC1(C)COCCOCCOCCOC1,10.0
[*]CC([*])(C)C(=O)OCCOCCOCC1COCCOCCOCCO1,10.0
[*]CC([*])(C)C(=O)OCCOCCOCCOCCOCCOCCOCCOCCOC,-57.99999999999997
[*]CC([*])(C)C(=O)OCCOCCOCCOCCOc1ccc(/N=N/c2ccc(C#N)cc2)cc1,20.0
[*]CC([*])(C)C(=O)OCCOCCOCCOc1ccc(/N=N/c2ccc(C#N)cc2)cc1,37.0
[*]CC([*])(C)C(=O)OCCOCCOCC[N+](CC)(CC)CCCCS(=O)(=O)O,27.0
[*]CC([*])(C)C(=O)OCCOCCOc1ccc(/N=N/c2ccc(C#N)cc2)cc1,57.0
[*]CC([*])(C)C(=O)OCCOCC[N+](CC)(CC)CCCCS(=O)(=O)O,95.0
[*]CC([*])(C)C(=O)OCCO[N+](=O)[O-],55.0
[*]CC([*])(C)C(=O)OCCO[Si](C)(C)C,89.0
[*]CC([*])(C)C(=O)OCCOc1ccc(-c2ccc(-c3ccc(C#N)cc3)cc2)cc1,115.0
[*]CC([*])(C)C(=O)OCCOc1ccc(/N=N/c2ccc(C#N)cc2)cc1,109.0
[*]CC([*])(C)C(=O)OCCOc1ccc(/N=N/c2ccc(OC)cc2)cc1,109.0
[*]CC([*])(C)C(=O)OCCOc1ccc(/N=N/c2ccc([N+](=O)[O-])cc2)cc1,112.0
[*]CC([*])(C)C(=O)OCCOc1ccc(C(=O)Oc2ccc(OCCCC)cc2)cc1,137.0
[*]CC([*])(C)C(=O)OCCS(=O)(=O)c1ccc(/N=N/c2ccc(N(CC)CC)cc2)cc1,142.0
[*]CC([*])(C)C(=O)OCCS(=O)CC,25.0
[*]CC([*])(C)C(=O)OCC[N+](C)(C)CCCCCCC,-43.99999999999997
[*]CC([*])(C)C(=O)OCC[N+](C)(C)CCCCS(=O)(=O)O,261.0
[*]CC([*])(C)C(=O)OCCc1ccc(/N=N/c2ccc(OC(F)(F)F)cc2)cc1,209.5
[*]CC([*])(C)C(=O)OCCc1ccc(/N=N/c2ccccc2)cc1,80.0
[*]CC([*])(C)C(=O)OCCn1c2ccccc2c2cc(/N=N/c3ccc([N+](=O)[O-])cc3)ccc21,164.0
[*]CC([*])(C)C(=O)OCCn1c2ccccc2c2cc(/N=N/c3ccc([N+](=O)[O-])cc3[N+](=O)[O-])ccc21,182.0
[*]CC([*])(C)C(=O)OCCn1c2ccccc2c2ccccc21,148.0
[*]CC([*])(C)C(=O)OCSC,60.0
[*]CC([*])(C)C(=O)OCc1c(Cl)cccc1Cl,58.900000000000034
[*]CC([*])(C)C(=O)OCc1c(F)cccc1F,82.0
[*]CC([*])(C)C(=O)OCc1cc(Cl)cc(Cl)c1,29.950000000000045
[*]CC([*])(C)C(=O)OCc1cc(Cl)ccc1Cl,27.80000000000001
[*]CC([*])(C)C(=O)OCc1ccc(/C=C/C(=O)C2c3ccccc3C(=O)c3ccccc32)cc1,163.0
[*]CC([*])(C)C(=O)OCc1ccc(/C=C/C(=O)Oc2ccc3oc(=O)ccc3c2)cc1,140.0
[*]CC([*])(C)C(=O)OCc1ccc(Cl)c(Cl)c1,34.450000000000045
[*]CC([*])(C)C(=O)OCc1ccc(Cl)cc1,43.60000000000002
[*]CC([*])(C)C(=O)OCc1ccc(Cl)cc1Cl,19.400000000000034
[*]CC([*])(C)C(=O)OCc1ccc(F)cc1F,46.0
[*]CC([*])(C)C(=O)OCc1ccc(OCCOCC)c(OCCOCC)c1,-2.0
[*]CC([*])(C)C(=O)OCc1ccc(OCCOCCOCC)c(OCCOCCOCC)c1,-32.99999999999997
[*]CC([*])(C)C(=O)OCc1ccc(OCCOCCOCCOCC)c(OCCOCCOCCOCC)c1,-91.99999999999997
[*]CC([*])(C)C(=O)OCc1ccc2c(c1)OCCOCCOCCOCCO2,38.0
[*]CC([*])(C)C(=O)OCc1ccc2c(c1)c1ccccc1n2CC,136.0
[*]CC([*])(C)C(=O)OCc1ccc2c(c1)c1ccccc1n2CCCC,87.0
[*]CC([*])(C)C(=O)OCc1ccc2c(c1)c1ccccc1n2CCCCCC,73.0
[*]CC([*])(C)C(=O)OCc1ccc2c(c1)c1ccccc1n2CCCCCCCC,45.0
[*]CC([*])(C)C(=O)OCc1ccc2c(c1)c1ccccc1n2CCCCCCCCCC,29.0
[*]CC([*])(C)C(=O)OCc1ccc2c(c1)c1ccccc1n2CCCCCCCCCCCC,25.0
[*]CC([*])(C)C(=O)OCc1ccc2c(c1)c1ccccc1n2CCCCCCCCCCCCCC,26.0
[*]CC([*])(C)C(=O)OCc1ccc2c(c1)c1ccccc1n2CCCCCCCCCCCCCCCC,23.0
[*]CC([*])(C)C(=O)OCc1ccc[se]1,56.0
[*]CC([*])(C)C(=O)OCc1cccc(Cl)c1,18.25
[*]CC([*])(C)C(=O)OCc1cccc(Cl)c1Cl,42.60000000000002
[*]CC([*])(C)C(=O)OCc1ccccc1Cl,54.10000000000002
[*]CC([*])(C)C(=O)OCc1ccco1,111.0
[*]CC([*])(C)C(=O)OCc1cccs1,66.0
[*]CC([*])(C)C(=O)OCc1ccsc1,83.5
[*]CC([*])(C)C(=O)O[Si](C)(C)C,97.5
[*]CC([*])(C)C(=O)Oc1c(C(C)C)cccc1C(C)C,198.0
[*]CC([*])(C)C(=O)Oc1c(C)cccc1C,167.0
[*]CC([*])(C)C(=O)Oc1c(Cl)c(Cl)c(Cl)c(Cl)c1Cl,110.0
[*]CC([*])(C)C(=O)Oc1c(OC)cc(/C=C/c2ccccc2)cc1OC,140.0
[*]CC([*])(C)C(=O)Oc1cc(C)cc(C)c1,106.0
[*]CC([*])(C)C(=O)Oc1cc(C)ccc1C,111.0
[*]CC([*])(C)C(=O)Oc1ccc(-c2nnc(-c3ccc(C(C)(C)C)cc3)o2)cc1,156.0
[*]CC([*])(C)C(=O)Oc1ccc(/C=C/c2ccccc2)cc1,143.0
[*]CC([*])(C)C(=O)Oc1ccc(/N=N/c2ccc(C#N)cc2)cc1,185.0
[*]CC([*])(C)C(=O)Oc1ccc(/N=N/c2ccc(OC)cc2)cc1,120.0
[*]CC([*])(C)C(=O)Oc1ccc(/N=N/c2ccc(OCCCCCCCCCCCOC(=O)c3ccc4c(c3)OCCOCCOCCOCCO4)cc2)cc1,19.0
[*]CC([*])(C)C(=O)Oc1ccc(/N=N/c2ccc([N+](=O)[O-])cc2)cc1,145.0
[*]CC([*])(C)C(=O)Oc1ccc(C#N)cc1,155.0
[*]CC([*])(C)C(=O)Oc1ccc(C(=O)/C=C/c2ccc(Cl)cc2)cc1,127.0
[*]CC([*])(C)C(=O)Oc1ccc(C(=O)/C=C/c2ccc(OC)c(OC)c2)cc1,137.0
[*]CC([*])(C)C(=O)Oc1ccc(C(=O)/C=C/c2ccc(OCc3ccccc3)cc2)cc1,152.0
[*]CC([*])(C)C(=O)Oc1ccc(C(=O)O)cc1,110.0
[*]CC([*])(C)C(=O)Oc1ccc(C(=O)OC)cc1,109.0
[*]CC([*])(C)C(=O)Oc1ccc(C(=O)Oc2ccc(-c3ccccc3)cc2)cc1,100.0
[*]CC([*])(C)C(=O)Oc1ccc(C(=O)Oc2ccc(C(=O)c3ccccc3)cc2)cc1,72.0
[*]CC([*])(C)C(=O)Oc1ccc(C(=O)Oc2ccc(C)cc2)cc1,98.0
[*]CC([*])(C)C(=O)Oc1ccc(C(=O)Oc2ccc(OC)cc2)cc1,77.0
[*]CC([*])(C)C(=O)Oc1ccc(C(=O)Oc2ccc(Oc3ccccc3)cc2)cc1,74.0
[*]CC([*])(C)C(=O)Oc1ccc(C(=O)Oc2ccccc2)cc1,99.0
[*]CC([*])(C)C(=O)Oc1ccc(C(=O)c2ccccc2)c(O)c1,270.0
[*]CC([*])(C)C(=O)Oc1ccc(C(=O)c2ccccc2)cc1,118.0
[*]CC([*])(C)C(=O)Oc1ccc(C(C)(C)C)cc1,91.0
[*]CC([*])(C)C(=O)Oc1ccc(C)cc1C,109.0
[*]CC([*])(C)C(=O)Oc1ccc(CC#N)cc1,131.0
[*]CC([*])(C)C(=O)Oc1ccc(OCc2ccccc2)cc1,95.30000000000001
[*]CC([*])(C)C(=O)Oc1ccc([N+](=O)[O-])c(C)c1,101.0
[*]CC([*])(C)C(=O)Oc1ccc2c(c1)CCC2,113.5
[*]CC([*])(C)C(=O)Oc1cccc(C)c1C,120.0
[*]CC([*])(C)C(=O)Oc1ccccc1,110.0
[*]CC([*])(C)C(N)=O,88.70000000000005
[*]CC([*])(C)CCC,27.0
[*]CC([*])(C)OC,67.0
[*]CC([*])(C)c1ccc(C(C)C)cc1,140.0
[*]CC([*])(C)c1ccc(C(O)C(F)(F)F)cc1,199.0
[*]CC([*])(C)c1ccc(C)cc1,176.0
[*]CC([*])(C)c1ccc2ccccc2c1,208.0
[*]CC([*])(C)c1ccc2ccccc2n1,193.0
[*]CC([*])(C)c1nc(N(CCOCCOCCOC)CCOCCOCCOC)nc(N(CCOCCOCCOC)c2ccccc2)n1,-74.99999999999997
[*]CC([*])(CC(=O)O)C(=O)O,141.0
[*]CC([*])(CC(=O)OC(C)C)C(=O)OC(C)C,100.0
[*]CC([*])(CC(=O)OC(C)C)C(=O)OC12CC3CC(C)(CC(C)(C3)C1)C2,158.0
[*]CC([*])(CC(=O)OC(C)C)C(=O)OC12CC3CC(CC(C3)C1)C2,180.0
[*]CC([*])(CC(=O)OC)C(=O)O,159.0
[*]CC([*])(CC(=O)OC)C(=O)OC,95.0
[*]CC([*])(CC(=O)OC)C(=O)OC12CC3CC(C)(CC(C)(C3)C1)C2,144.0
[*]CC([*])(CC(=O)OC)C(=O)OC12CC3CC(CC(C3)C1)C2,197.0
[*]CC([*])(CC(=O)OC1CCC1)C(=O)OC1CCC1,60.0
[*]CC([*])(CC(=O)OC1CCCCC1)C(=O)OC1CCCCC1,142.0
[*]CC([*])(CC(=O)OC1CCCCCC1)C(=O)OC1CCCCCC1,105.0
[*]CC([*])(CC(=O)OC1CCCCCCC1)C(=O)OC1CCCCCCC1,124.0
[*]CC([*])(CC(=O)OCC(C)C)C(=O)OCC(C)C,125.0
[*]CC([*])(CC(=O)OCC)C(=O)O,135.0
[*]CC([*])(CC(=O)OCC)C(=O)OCC,65.5
[*]CC([*])(CC(=O)OCC1CCCCC1)C(=O)OCC1CCCCC1,83.0
[*]CC([*])(CC(=O)OCCC)C(=O)OCCC,46.5
[*]CC([*])(CC(=O)OCCC1CCCCC1)C(=O)OCCC1CCCCC1,48.0
[*]CC([*])(CC(=O)OCCCC)C(=O)OCCCC,24.0
[*]CC([*])(CC(=O)OCCCC1CCCCC1)C(=O)OCCCC1CCCCC1,7.0
[*]CC([*])(CC(=O)OCCCCC)C(=O)OCCCCC,2.0
[*]CC([*])(CC(=O)OCCCCCC)C(=O)OCCCCCC,-7.0
[*]CC([*])(CC(=O)OCCCCCCC)C(=O)OCCCCCCC,-22.99999999999997
[*]CC([*])(CC(=O)OCCCCCCCC)C(=O)OCCCCCCCC,-18.99999999999997
[*]CC([*])(CC(=O)OCCCCCCCCC)C(=O)OCCCCCCCCC,-13.0
[*]CC([*])(CC(=O)OCCCCl)C(=O)OCCCCl,47.0
[*]CC([*])(CC(=O)OCCCc1ccccc1)C(=O)OCCCc1ccccc1,-8.0
[*]CC([*])(CC(=O)OCCCl)C(=O)OCCCl,43.0
[*]CC([*])(CC(=O)OCCOC)C(=O)OCCOC,34.0
[*]CC([*])(CC(=O)OCCOCCOC)C(=O)OCCOCCOC,-40.49999999999997
[*]CC([*])(CC(=O)OCCOCCOCCOC)C(=O)OCCOCCOCCOC,-18.99999999999997
[*]CC([*])(CC(=O)OCCOCCOCCOCCOCCOCCOCCOC)C(=O)OCCOCCOCCOCCOCCOCCOCCOC,-40.49999999999997
[*]CC([*])(CC(=O)OCCc1ccccc1)C(=O)OCCc1ccccc1,45.0
[*]CC([*])(CC(=O)OCc1ccccc1)C(=O)OCc1ccccc1,55.0
[*]CC([*])(CC(=O)Oc1ccc(OC)cc1)C(=O)Oc1ccc(OC)cc1,119.5
[*]CC([*])(CC(=O)Oc1ccc(OCC)cc1)C(=O)Oc1ccc(OCC)cc1,110.5
[*]CC([*])(CC(=O)Oc1ccc(OCCC)cc1)C(=O)Oc1ccc(OCCC)cc1,94.5
[*]CC([*])(CC(=O)Oc1ccc(OCCCCC)cc1)C(=O)Oc1ccc(OCCCCC)cc1,73.5
[*]CC([*])(CC(=O)Oc1ccc(OCCCCCCC)cc1)C(=O)Oc1ccc(OCCCCCCC)cc1,111.0
[*]CC([*])(CC(=O)Oc1ccccc1)C(=O)Oc1ccccc1,132.0
[*]CC([*])(CC)C(=O)OCC,27.0
[*]CC([*])(CCC(C)C(=O)OC)C(=O)OC,34.0
[*]CC([*])(CCC)C(=O)OC,83.5
[*]CC([*])(CCCCC)C(=O)OC,53.0
[*]CC([*])(CCCCCCCC)C(=O)OC,34.0
[*]CC([*])(CF)C(=O)OCC,43.0
[*]CC([*])(Cl)C(=O)OC,125.0
[*]CC([*])(Cl)C(=O)OCCC,66.0
[*]CC([*])(Cl)C(=O)OCCC(F)(F)C(F)(F)C(F)(F)C(F)(F)C(F)(F)C(F)(F)C(F)(F)C(F)(F)F,61.0
[*]CC([*])(Cl)C(=O)OCCCC,42.0
[*]CC([*])(Cl)C(=O)OCCCCCCOc1ccc(C(=O)Oc2ccc(OCCCC)cc2)cc1,112.5
[*]CC([*])(Cl)C(=O)OCCOc1ccc(C(=O)Oc2ccc(OCCCC)cc2)cc1,153.0
[*]CC([*])(F)C(=O)OC,142.0
[*]CC([*])(F)C(=O)OC(C(F)(F)F)C(F)(F)F,102.0
[*]CC([*])(F)C(=O)OCC,94.0
[*]CC([*])(F)C(=O)OCC(Cl)(Cl)Cl,127.0
[*]CC([*])(F)C(=O)OCC(F)(F)C(F)(F)C(F)(F)C(F)(F)F,63.0
[*]CC([*])(F)C(=O)OCC(F)(F)C(F)(F)C(F)(F)C(F)F,60.0
[*]CC([*])(F)C(=O)OCC(F)(F)C(F)(F)C(F)(F)F,75.0
[*]CC([*])(F)C(=O)OCC(F)(F)C(F)(F)F,99.0
[*]CC([*])(F)C(=O)OCC(F)(F)C(F)F,90.5
[*]CC([*])(F)C(=O)OCC(F)(F)F,124.0
[*]CC([*])(F)C(=O)OCCC,62.0
[*]CC([*])(F)C(=O)OCCC(F)(F)C(F)(F)C(F)(F)C(F)(F)C(F)(F)C(F)(F)C(F)(F)C(F)(F)C(F)(F)C(F)(F)F,53.0
[*]CC([*])(F)C(=O)OCCC(F)(F)C(F)(F)C(F)(F)C(F)(F)C(F)(F)C(F)(F)C(F)(F)C(F)(F)F,87.5
[*]CC([*])(F)C(=O)OCCC(F)(F)C(F)(F)C(F)(F)C(F)(F)C(F)(F)C(F)(F)F,53.0
[*]CC([*])(F)C(=O)OCCC(F)(F)C(F)(F)C(F)(F)C(F)(F)F,6.0
[*]CC([*])(F)C(C)=O,142.0
[*]CC([*])(F)C(F)(F)F,49.0
[*]CC([*])Br,99.85000000000002
[*]CC([*])C(=O)CC,-60.14999999999998
[*]CC([*])C(=O)N(C)C,114.0
[*]CC([*])C(=O)N1CCCCC1,108.0
[*]CC([*])C(=O)N1CCOCC1,150.0
[*]CC([*])C(=O)N1CC[NH+](CC)CC1,72.5
[*]CC([*])C(=O)NC,171.0
[*]CC([*])C(=O)NC(C)(C)CC(C)=O,72.5
[*]CC([*])C(=O)NC(C)(C)CS(=O)(=O)O,85.0
[*]CC([*])C(=O)NC(C)CC,116.85000000000002
[*]CC([*])C(=O)NCCCCCC(=O)O,68.0
[*]CC([*])C(=O)NCCCCCCCC,-53.14999999999998
[*]CC([*])C(=O)NCCC[N+](C)(C)C,57.0
[*]CC([*])C(=O)NCCC[N+](C)(C)CCCS(=O)(=O)O,141.5
[*]CC([*])C(=O)NCP(=O)(O)O,26.0
[*]CC([*])C(=O)Nc1ccc(C(=O)/C=C/c2ccc(Br)cc2)cc1,64.0
[*]CC([*])C(=O)Nc1ccc(C(=O)/C=C/c2cccc(Br)c2)cc1,55.0
[*]CC([*])C(=O)Nc1ccc(Cl)cc1,76.0
[*]CC([*])C(=O)Nc1ccc2c(c1)C(=O)c1ccccc1C2=O,128.0
[*]CC([*])C(=O)Nc1cccc(Cl)c1,70.0
[*]CC([*])C(=O)Nc1ccccc1Cl,63.0
[*]CC([*])C(=O)OC(C(F)(F)F)C(F)(F)F,42.30000000000001
[*]CC([*])C(=O)OC(C)C,-5.0
[*]CC([*])C(=O)OC(CC)CC,-6.0
[*]CC([*])C(=O)OC(Cl)C(Cl)(Cl)Cl,70.5
[*]CC([*])C(=O)OC(F)(C(F)(F)F)C(F)(F)F,10.0
[*]CC([*])C(=O)OC(F)(F)C(F)(F)C(F)(F)C(F)(F)C(F)(F)C(F)(F)C(F)(F)C(F)(F)F,9.0
[*]CC([*])C(=O)OC(OCC)C(F)(F)F,5.0
[*]CC([*])C(=O)OC([2H])([2H])[2H],35.0
[*]CC([*])C(=O)OC12CC3CC(C)(CC(C)(C3)C1)C2,104.0
[*]CC([*])C(=O)OC12CC3CC(CC(C3)C1)C2,183.0
[*]CC([*])C(=O)OC1CC(C)CC(C)(C)C1,15.0
[*]CC([*])C(=O)OC1CC2CCC1(C)C2(C)C,100.0
[*]CC([*])C(=O)OC1CCCCCCCCCCC1,37.0
[*]CC([*])C(=O)OCC#N,22.850000000000023
[*]CC([*])C(=O)OCC(C)(C)C,22.0
[*]CC([*])C(=O)OCC(C)CC,-31.99999999999997
[*]CC([*])C(=O)OCC(C)O,-7.0
[*]CC([*])C(=O)OCC(COC(=O)c1ccccc1)(COC(=O)c1ccccc1)COC(=O)c1ccccc1,48.0
[*]CC([*])C(=O)OCC(F)(F)C(F)(F)C(F)(F)C(F)(F)C(F)(F)C(F)(F)C(F)(F)F,-17.0
[*]CC([*])C(=O)OCC(F)(F)C(F)(F)C(F)(F)C(F)(F)C(F)(F)F,-38.99999999999997
[*]CC([*])C(=O)OCC(F)(F)C(F)(F)C(F)(F)C(F)(F)F,-36.99999999999997
[*]CC([*])C(=O)OCC(F)(F)C(F)(F)C(F)(F)C(F)F,-34.99999999999997
[*]CC([*])C(=O)OCC(F)(F)C(F)(F)C(F)(F)F,-29.99999999999997
[*]CC([*])C(=O)OCC(F)(F)C(F)(F)F,-25.99999999999997
[*]CC([*])C(=O)OCC(F)(F)C(F)(F)OC(F)(F)C(F)(F)C(F)(F)C(F)(F)F,-67.99999999999997
[*]CC([*])C(=O)OCC(F)(F)C(F)(F)OC(F)(F)C(F)(F)C(F)(F)F,-67.99999999999997
[*]CC([*])C(=O)OCC(F)(F)C(F)(F)OC(F)(F)C(F)(F)F,-48.99999999999997
[*]CC([*])C(=O)OCC(F)(F)C(F)(F)OC(F)(F)F,-54.99999999999997
[*]CC([*])C(=O)OCC(F)(F)C(F)C(F)(F)F,-21.99999999999997
[*]CC([*])C(=O)OCC(F)(F)F,3.1000000000000227
[*]CC([*])C(=O)OCC1(CC)COC(c2ccccc2)OC1,50.0
[*]CC([*])C(=O)OCC1(CC)COCOC1,42.0
[*]CC([*])C(=O)OCCC#N,4.0
[*]CC([*])C(=O)OCCC(C)OC,-55.99999999999997
[*]CC([*])C(=O)OCCC(F)(F)C(F)(F)C(F)(F)C(F)(F)C(F)(F)C(F)(F)C(F)(F)C(F)(F)F,52.0
[*]CC([*])C(=O)OCCC(F)(F)C(F)(F)C(F)(F)C(F)(F)C(F)(F)C(F)(F)F,-12.0
[*]CC([*])C(=O)OCCCCC,-56.99999999999997
[*]CC([*])C(=O)OCCCCCC,-56.99999999999997
[*]CC([*])C(=O)OCCCCCC(=O)Oc1ccc(-c2ccc(C#N)cc2)cc1,38.0
[*]CC([*])C(=O)OCCCCCCC,-59.99999999999997
[*]CC([*])C(=O)OCCCCCCCCCCCCOC(=O)c1ccc(OC(=O)c2ccc(C#N)cc2)cc1,15.0
[*]CC([*])C(=O)OCCCCCCCCCCCCOc1ccc(C(=O)Oc2ccc(-c3cccc(OC(=O)c4ccc(OC(=O)c5ccc(OCCCCCCCCCCCC)cc5)cc4)c3)cc2)cc1,67.0
[*]CC([*])C(=O)OCCCCCCCCCCCOc1ccc(C(=O)Oc2ccc(-c3ccc(OC(C)CCCCCC)cc3)cc2)cc1,50.0
[*]CC([*])C(=O)OCCCCCCCCCCCn1c2ccccc2c2ccccc21,15.0
[*]CC([*])C(=O)OCCCCCCCCCCOC(=O)c1ccc(OC(=O)c2ccc(C#N)cc2)cc1,15.0
[*]CC([*])C(=O)OCCCCCCCCCCOc1cnc(-c2ccc(OC(=O)C3COC(C)(C)O3)cc2)nc1,29.0
[*]CC([*])C(=O)OCCCCCCCCCOC(=O)c1ccc(OC(=O)c2ccc(C#N)cc2)cc1,15.0
[*]CC([*])C(=O)OCCCCCCCCOC(=O)c1ccc(OC(=O)c2ccc(C#N)cc2)cc1,15.0
[*]CC([*])C(=O)OCCCCCCCCn1c2ccccc2c2ccccc21,12.0
[*]CC([*])C(=O)OCCCCCCCOC(=O)c1ccc(OC(=O)c2ccc(C#N)cc2)cc1,20.0
[*]CC([*])C(=O)OCCCCCCOC(=O)c1ccc(OC(=O)c2ccc(C#N)cc2)cc1,30.0
[*]CC([*])C(=O)OCCCCCCOc1ccc(-c2ccc(C#N)cc2)cc1,45.0
[*]CC([*])C(=O)OCCCCCCOc1ccc(/C=N/c2ccc(OCCCCC)cc2)c(O)c1,41.0
[*]CC([*])C(=O)OCCCCCCOc1ccc(/N=N/c2ccc([N+](=O)[O-])cc2)cc1,35.80000000000001
[*]CC([*])C(=O)OCCCCCCOc1ccc(C(=O)Oc2ccc(C#N)cc2)cc1,19.5
[*]CC([*])C(=O)OCCCCCCOc1ccc(C(=O)Oc2ccc(OC)cc2)cc1,29.5
[*]CC([*])C(=O)OCCCCCCSCC#N,-58.99999999999997
[*]CC([*])C(=O)OCCCCCCn1c2ccccc2c2ccccc21,48.0
[*]CC([*])C(=O)OCCCCCOC(=O)c1ccc(OC(=O)c2ccc(C#N)cc2)cc1,30.0
[*]CC([*])C(=O)OCCCCCn1c2ccccc2c2ccccc21,53.0
[*]CC([*])C(=O)OCCCCOC(=O)c1ccc(OC(=O)c2ccc(C#N)cc2)cc1,40.0
[*]CC([*])C(=O)OCCCCOc1ccc(-c2ccc(C#N)cc2)cc1,30.0
[*]CC([*])C(=O)OCCCCOc1ccc(/N=N/c2ccc([N+](=O)[O-])cc2)cc1,36.700000000000045
[*]CC([*])C(=O)OCCCCSC,-69.99999999999997
[*]CC([*])C(=O)OCCCCn1c2ccccc2c2ccccc21,68.0
[*]CC([*])C(=O)OCCCOC,-66.49999999999997
[*]CC([*])C(=O)OCCCOCC,-61.49999999999997
[*]CC([*])C(=O)OCCCOc1ccc(-c2ccc(C#N)cc2)cc1,54.25
[*]CC([*])C(=O)OCCCOc1ccc(/N=N/c2ccc([N+](=O)[O-])cc2)cc1,45.60000000000002
[*]CC([*])C(=O)OCCCOc1ccc(C(=O)OCCCC(F)(F)C(F)(F)C(F)(F)C(F)(F)C(F)(F)C(F)(F)C(F)(F)C(F)(F)F)cc1,48.0
[*]CC([*])C(=O)OCCCOc1ccc(C(=O)OCCCC(F)(F)C(F)(F)C(F)(F)C(F)(F)C(F)(F)C(F)(F)F)cc1,17.0
[*]CC([*])C(=O)OCCCSC,-64.99999999999997
[*]CC([*])C(=O)OCCCSCC,-75.99999999999997
[*]CC([*])C(=O)OCCCSCCC#N,-57.99999999999997
[*]CC([*])C(=O)OCCCn1c2ccccc2c2ccccc21,83.0
[*]CC([*])C(=O)OCCN(C)C,-38.99999999999997
[*]CC([*])C(=O)OCCN(CC)c1ccc(/N=N/c2ccc([N+](=O)[O-])cc2)cc1,102.0
[*]CC([*])C(=O)OCCN(CC)c1ccc(/N=N/c2ccc([N+](=O)[O-])cc2Cl)cc1,87.0
[*]CC([*])C(=O)OCCO,20.700000000000045
[*]CC([*])C(=O)OCCOC,-33.99999999999997
[*]CC([*])C(=O)OCCOC(=O)c1cc([N+](=O)[O-])cc([N+](=O)[O-])c1,60.80000000000001
[*]CC([*])C(=O)OCCOC(F)(F)C(F)F,-21.99999999999997
[*]CC([*])C(=O)OCCOCC,-49.99999999999997
[*]CC([*])C(=O)OCCOCC(F)(F)C(F)(F)C(F)(F)F,-44.99999999999997
[*]CC([*])C(=O)OCCOCC(F)(F)F,-37.99999999999997
[*]CC([*])C(=O)OCCOCC1(CC)COC1,-16.0
[*]CC([*])C(=O)OCCOCCOC(F)(F)C(F)F,-39.99999999999997
[*]CC([*])C(=O)OCCOc1ccc(C(=O)Oc2ccc(OC(=O)c3ccc(OCCCC)cc3)cc2)cc1,45.0
[*]CC([*])C(=O)OCCOc1ccc(C(=O)Oc2ccc(OC(=O)c3ccc(OCCCCC)cc3)cc2)cc1,46.0
[*]CC([*])C(=O)OCCOc1ccc(C(=O)Oc2ccc(OC)cc2)cc1,70.0
[*]CC([*])C(=O)OCCOc1ccc(C(C)(C)c2ccc(OCCO)cc2)cc1,22.0
[*]CC([*])C(=O)OCCSC,-59.99999999999997
[*]CC([*])C(=O)OCCSCC,-70.99999999999997
[*]CC([*])C(=O)OCCSCC#N,-23.99999999999997
[*]CC([*])C(=O)OCCSCCC#N,-49.99999999999997
[*]CC([*])C(=O)OCCSCCCC#N,-57.99999999999997
[*]CC([*])C(=O)OCCc1ccccc1,-3.0
[*]CC([*])C(=O)OCCn1c2ccccc2c2ccccc21,106.80000000000001
[*]CC([*])C(=O)OCF,15.0
[*]CC([*])C(=O)OCc1c(Br)c(Br)c(Br)c(Br)c1Br,181.0
[*]CC([*])C(=O)OCc1ccc(C#N)cc1,44.0
[*]CC([*])C(=O)OCc1ccccc1,9.25
[*]CC([*])C(=O)O[Na],114.40000000000003
[*]CC([*])C(=O)Oc1c(Cl)c(Cl)c(Cl)c(Cl)c1Cl,145.0
[*]CC([*])C(=O)Oc1c(F)c(F)c(F)c(F)c1F,64.0
[*]CC([*])C(=O)Oc1cc(C)cc(C)c1,54.0
[*]CC([*])C(=O)Oc1ccc(-c2ccccc2)cc1,110.0
[*]CC([*])C(=O)Oc1ccc(/N=N/c2ccc(OC)cc2)cc1,140.0
[*]CC([*])C(=O)Oc1ccc(/N=N/c2ccc([N+](=O)[O-])cc2)cc1,134.0
[*]CC([*])C(=O)Oc1ccc(C#N)cc1,92.0
[*]CC([*])C(=O)Oc1ccc(C(=O)O)cc1,125.0
[*]CC([*])C(=O)Oc1ccc(C(=O)OC)cc1,67.0
[*]CC([*])C(=O)Oc1ccc(C(=O)OCC)cc1,37.0
[*]CC([*])C(=O)Oc1ccc(C(=O)OCCCC)cc1,13.0
[*]CC([*])C(=O)Oc1ccc(C(=O)OCc2ccccc2)cc1,16.25
[*]CC([*])C(=O)Oc1ccc(C(=O)Oc2ccc(OC(=O)c3ccc(OCCCC)cc3)cc2)cc1,47.0
[*]CC([*])C(=O)Oc1ccc(C(=O)Oc2ccc(OC(=O)c3ccc(OCCCCC)cc3)cc2)cc1,48.0
[*]CC([*])C(=O)Oc1ccc(C(=O)c2ccc(Cl)cc2)cc1,78.0
[*]CC([*])C(=O)Oc1ccc(C(C)(C)C)cc1,71.0
[*]CC([*])C(=O)Oc1ccc(C)cc1,42.5
[*]CC([*])C(=O)Oc1ccc(Cl)cc1,330.0
[*]CC([*])C(=O)Oc1ccc(Cl)cc1Cl,60.0
[*]CC([*])C(=O)Oc1ccc(OC)cc1,50.5
[*]CC([*])C(=O)Oc1ccc([N+](=O)[O-])cc1,73.30000000000001
[*]CC([*])C(=O)Oc1cccc(C(=O)OC)c1,38.0
[*]CC([*])C(=O)Oc1cccc(C(=O)OCC)c1,24.0
[*]CC([*])C(=O)Oc1cccc(C)c1,24.5
[*]CC([*])C(=O)Oc1cccc(N(C)C)c1,47.0
[*]CC([*])C(=O)Oc1cccc2ccccc12,85.0
[*]CC([*])C(=O)Oc1ccccc1,60.0
[*]CC([*])C(=O)Oc1ccccc1C,51.5
[*]CC([*])C(=O)Oc1ccccc1C(=O)OC,46.0
[*]CC([*])C(=O)Oc1ccccc1C(=O)OCC,30.0
[*]CC([*])C(=O)Oc1ccccc1C(C)(C)C,72.0
[*]CC([*])C(=O)Oc1ccccc1Cl,318.0
[*]CC([*])C(=O)c1ccc(Br)c(OC)c1,44.0
[*]CC([*])C(=O)c1ccc(Br)cc1,101.5
[*]CC([*])C(=O)c1ccc(C(C)(C)C)cc1,103.5
[*]CC([*])C(=O)c1ccc(C(C)C)cc1,62.5
[*]CC([*])C(=O)c1ccc(C)c(C)c1,42.0
[*]CC([*])C(=O)c1ccc(C)cc1,59.5
[*]CC([*])C(=O)c1ccc(CC)cc1,49.25
[*]CC([*])C(=O)c1ccc(CCC)cc1,44.0
[*]CC([*])C(=O)c1ccc(Cl)cc1,63.0
[*]CC([*])C(=O)c1ccc(OC)cc1,46.0
[*]CC([*])C(=O)n1c2ccccc2c2ccccc21,50.10000000000002
[*]CC([*])C(C)=O,115.0
[*]CC([*])C1=NCCN1,-48.349999999999966
[*]CC([*])C1CCC(C(C)(C)C)CC1,131.0
[*]CC([*])C1CCC(C)CC1,132.0
[*]CC([*])C1CCCC(C)C1,141.0
[*]CC([*])C1CCCCC1C,186.0
[*]CC([*])CC(C)(C)C,190.0
[*]CC([*])CC(C)C,35.200000000000045
[*]CC([*])CC1CCCC1,60.0
[*]CC([*])CC1CCCCC1,75.0
[*]CC([*])CCC1CCCCC1,40.0
[*]CC([*])CCCC,-49.99999999999997
[*]CC([*])CCCCCCCC,-34.99999999999997
[*]CC([*])CCCCCCCCCC,-6.0
[*]CC([*])CCCCCCCCCCCC,10.0
[*]CC([*])CCCCCCCCCCCCCC,-23.99999999999997
[*]CC([*])CCCCCCCCCCCCCCCC,55.0
[*]CC([*])CCCCCCCCCCCCCCCCCC,-87.99999999999997
[*]CC([*])CCCCCCCCCI,-6.0
[*]CC([*])CCCI,30.0
[*]CC([*])CCI,70.0
[*]CC([*])CC[Si](C)(C)C,132.0
[*]CC([*])CCc1ccccc1,10.0
[*]CC([*])CN,190.0
[*]CC([*])CNc1ccc([N+](=O)[O-])c(C(F)(F)F)c1,153.0
[*]CC([*])CNc1ccc([N+](=O)[O-])cc1,144.0
[*]CC([*])CNc1ccc([N+](=O)[O-])cc1C,151.0
[*]CC([*])CNc1ccc([N+](=O)[O-])cc1[N+](=O)[O-],160.0
[*]CC([*])CNc1ccc([N+](=O)[O-])cn1,151.0
[*]CC([*])CO,36.0
[*]CC([*])C[Si](C)(C)C,114.0
[*]CC([*])Cc1ccc(C)cc1,65.0
[*]CC([*])Cc1cccc(C)c1,40.0
[*]CC([*])Cc1ccccc1,70.0
[*]CC([*])Cc1ccccc1C,80.0
[*]CC([*])N,57.0
[*]CC([*])N1CCCC1=S,80.0
[*]CC([*])N1CCCCCC1=O,174.60000000000002
[*]CC([*])NC(=O)OC(C)(C)C,120.0
[*]CC([*])NC=O,150.0
[*]CC([*])OC(=O)/C=C/c1ccccc1,127.0
[*]CC([*])OC(=O)C(C)(C(C)C)C(C)C,120.0
[*]CC([*])OC(=O)C(C)(C)C(C)(C)CC,90.0
[*]CC([*])OC(=O)C(C)(C)C(C)C(C)C,55.0
[*]CC([*])OC(=O)C(C)(C)CC(C)(C)C,55.0
[*]CC([*])OC(=O)C(C)(C)CCC,10.0
[*]CC([*])OC(=O)C(C)(CC)C(C)(C)C,120.0
[*]CC([*])OC(=O)C(Cl)(Cl)Cl,59.0
[*]CC([*])OC(=O)C(F)(F)C(F)(F)C(F)(F)C(F)(F)C(F)(F)C(F)(F)C(F)(F)C(F)(F)C(F)(F)F,-17.99999999999997
[*]CC([*])OC(=O)C(F)(F)C(F)(F)C(F)(F)C(F)(F)C(F)(F)C(F)(F)C(F)(F)F,-10.0
[*]CC([*])OC(=O)C(F)(F)C(F)(F)C(F)(F)C(F)(F)C(F)(F)F,-9.0
[*]CC([*])OC(=O)C(F)(F)C(F)(F)C(F)(F)C(F)(F)F,20.0
[*]CC([*])OC(=O)C(F)(F)C(F)(F)C(F)(F)F,27.0
[*]CC([*])OC(=O)C(F)(F)C(F)(F)F,42.0
[*]CC([*])OC(=O)C1(C)CCCCC1,86.0
[*]CC([*])OC(=O)C1(F)C(F)(F)C(F)(F)C(F)(F)C(F)(F)C1(F)F,54.0
[*]CC([*])OC(=O)C1CCCC1,36.0
[*]CC([*])OC(=O)C1CCCCC1,66.0
[*]CC([*])OC(=O)C=Cc1ccccc1,76.85000000000002
[*]CC([*])OC(=O)CC(C)(C)c1ccccc1,20.0
[*]CC([*])OC(=O)CC1CCCC1,-3.0
[*]CC([*])OC(=O)CC1CCCCC1,25.0
[*]CC([*])OC(=O)CCCC(=O)c1ccccc1,45.0
[*]CC([*])OC(=O)CCCC1CCCCC1,-10.0
[*]CC([*])OC(=O)CCl,20.450000000000045
[*]CC([*])OC(=O)OC([2H])([2H])[2H],55.0
[*]CC([*])OC(=O)OCC(Cl)(Cl)Cl,74.0
[*]CC([*])OC(=O)OCC(F)(F)F,57.0
[*]CC([*])OC(=O)OCCC(F)(F)C(F)(F)C(F)(F)C(F)(F)C(F)(F)C(F)(F)F,37.0
[*]CC([*])OC(=O)c1ccc(Br)cc1,85.5
[*]CC([*])OC(=O)c1ccc(C(C)(C)C)cc1,121.0
[*]CC([*])OC(=O)c1ccc(C(C)C)cc1,67.70000000000005
[*]CC([*])OC(=O)c1ccc(C)cc1,73.5
[*]CC([*])OC(=O)c1ccc(CC)cc1,57.0
[*]CC([*])OC(=O)c1ccc(Cl)cc1,70.25
[*]CC([*])OC(=O)c1ccc(OC(=O)CCC)cc1,61.0
[*]CC([*])OC(=O)c1ccc(OC(C)=O)cc1,76.0
[*]CC([*])OC(=O)c1ccc(OC)cc1,86.5
[*]CC([*])OC(=O)c1ccc(OCC)cc1,70.0
[*]CC([*])OC(=O)c1ccc([Si](C)(C)C)cc1,130.5
[*]CC([*])OC(=O)c1cccc(Br)c1,57.5
[*]CC([*])OC(=O)c1cccc(C)c1,49.0
[*]CC([*])OC(=O)c1cccc(Cl)c1,61.75
[*]CC([*])OC(=O)c1cccc(OC)c1,44.0
[*]CC([*])OC(=O)c1cccc([N+](=O)[O-])c1,93.0
[*]CC([*])OC(=O)c1cccc([Si](C)(C)C)c1,80.0
[*]CC([*])OC(=O)c1ccccc1,70.40000000000003
[*]CC([*])OC(=O)c1ccccc1C,42.5
[*]CC([*])OC(=O)c1ccccc1Cl,55.75
[*]CC([*])OC(=O)c1ccccc1OC,65.0
[*]CC([*])OC(=O)c1ccccc1OC(C)=O,59.5
[*]CC([*])OC(=O)c1cccnc1,86.5
[*]CC([*])OC(=O)c1ccncc1,98.5
[*]CC([*])OC(=O)c1nn(C(C)=O)c2ccccc12,150.0
[*]CC([*])OC(F)(C(F)(F)F)C(F)(F)F,65.0
[*]CC([*])OCC(C)(C)CC,9.0
[*]CC([*])OCC(CC)CCCC,-65.99999999999997
[*]CC([*])OCCC,-49.14999999999998
[*]CC([*])OCCCCCCCCCCCOc1ccc(C(=O)Oc2ccc(C#N)cc2)cc1,37.0
[*]CC([*])OCCCCCCCCCCCOc1ccc(C(=O)Oc2ccc(OCC)cc2)cc1,37.0
[*]CC([*])OCCCCCCCOc1ccc(-c2ccc(C#N)cc2)cc1,13.0
[*]CC([*])OCCOCCOCCOC,-75.99999999999997
[*]CC([*])OCCOc1ccc(/C=C(\C#N)C(=O)OC)cc1,47.0
[*]CC([*])OCCOc1ccc(/N=N/c2ccc(C#N)cc2)cc1,61.0
[*]CC([*])OCCOc1ccc(/N=N/c2ccc([N+](=O)[O-])cc2)cc1,54.0
[*]CC([*])OCCOc1ccc(C=C(C#N)C#N)cc1,38.0
[*]CC([*])O[N+](=O)[O-],37.5
[*]CC([*])P(=O)(N(C)C)N(C)C,25.0
[*]CC([*])P(=O)(O)O,88.0
[*]CC([*])P(=O)(OCC)N(C)C,32.0
[*]CC([*])P(=O)(Oc1ccccc1)N(C)C,27.0
[*]CC([*])P(=O)(c1ccccc1)c1ccccc1,127.5
[*]CC([*])S(=O)(=O)c1ccccc1,128.0
[*]CC([*])SCC,-7.0
[*]CC([*])SCCCC,-19.99999999999997
[*]CC([*])[Si](C)(C)C,137.0
[*]CC([*])[Si](C)(C)Cc1ccccc1,-23.99999999999997
[*]CC([*])c1c(C)cc(C)cc1C,126.0
[*]CC([*])c1c(Cl)cccc1Cl,165.0
[*]CC([*])c1c(F)c(F)c(C(F)(F)F)c(F)c1F,112.0
[*]CC([*])c1c(F)c(F)c(OC)c(F)c1F,94.0
[*]CC([*])c1c(F)c(F)c(OCC(F)(F)C(F)(F)C(F)(F)C(F)(F)C(F)(F)C(F)(F)C(F)(F)F)c(F)c1F,21.0
[*]CC([*])c1c(F)c(F)c(OCC(F)(F)C(F)(F)F)c(F)c1F,61.0
[*]CC([*])c1c(F)c(F)c(P(=O)(O)O)c(F)c1F,330.0
[*]CC([*])c1c([2H])c([2H])c([2H])c([2H])c1[2H],100.0
[*]CC([*])c1cc(-c2ccc(C(=O)OC(C)CC)cc2)ccc1-c1ccc(C(=O)OC(C)CC)cc1,212.5
[*]CC([*])c1cc(-c2ccc(C(=O)OC(C)CCCCCC)cc2)ccc1-c1ccc(C(=O)OC(C)CCCCCC)cc1,102.0
[*]CC([*])c1cc(-c2ccc(C(=O)OC3CC(C)CCC3C(C)C)cc2)ccc1-c1ccc(C(=O)OC2CC(C)CCC2C(C)C)cc1,217.5
[*]CC([*])c1cc(Br)ccc1OC,86.0
[*]CC([*])c1cc(Br)ccc1OC(C)C,35.0
[*]CC([*])c1cc(Br)ccc1OCC,80.0
[*]CC([*])c1cc(Br)ccc1OCCC,54.0
[*]CC([*])c1cc(Br)ccc1OCCC(C)C,37.0
[*]CC([*])c1cc(Br)ccc1OCCCC,47.0
[*]CC([*])c1cc(Br)ccc1OCCCCC,49.0
[*]CC([*])c1cc(C(=O)OC)ccc1-c1ccc(OCCCCCCCC)cc1,126.0
[*]CC([*])c1cc(C(=O)OCC)ccc1-c1ccc(OCCCCCCCC)cc1,95.0
[*]CC([*])c1cc(C(=O)OCCCC)ccc1-c1ccc(OCCCCCCCC)cc1,74.0
[*]CC([*])c1cc(C(=O)OCCCCCC)ccc1-c1ccc(OCCCCCCCC)cc1,64.0
[*]CC([*])c1cc(C(=O)OCCCCCCCC)ccc1-c1ccc(OCCCCCCCC)cc1,57.0
[*]CC([*])c1cc(C(=O)OCCCCCCCCCC)ccc1-c1ccc(OCCCCCCCC)cc1,44.0
[*]CC([*])c1cc(C(=O)OCCCCCCCCCCCC)ccc1-c1ccc(OCCCCCCCC)cc1,42.0
[*]CC([*])c1cc(C(=O)Oc2ccc(OC)cc2)ccc1C(=O)Oc1ccc(OC)cc1,115.0
[*]CC([*])c1cc(C(=O)Oc2ccc(OCCCC)cc2)ccc1C(=O)Oc1ccc(OCCCC)cc1,103.60000000000002
[*]CC([*])c1cc(C(C)(C)C)ccc1C,87.0
[*]CC([*])c1cc(C(F)(F)F)cc(C(F)(F)F)c1,116.0
[*]CC([*])c1cc(C)c(C)cc1C,104.0
[*]CC([*])c1cc(C)cc(C)c1,112.0
[*]CC([*])c1cc(Cl)ccc1Cl,108.0
[*]CC([*])c1cc(OC)c(O)c(OC)c1,147.0
[*]CC([*])c1cc(OC)c(OC(C)=O)c(OC)c1,147.0
[*]CC([*])c1cc[n+](CCCCCCCC)cc1,206.20000000000005
[*]CC([*])c1ccc(-c2ccc3c(c2)C(CCCCCC)(CCCCCC)c2cc(-c4ccc5c(c4)C(CCCCCC)(CCCCCC)c4ccccc4-5)ccc2-3)cc1,78.60000000000002
[*]CC([*])c1ccc(-c2ccc3c(c2)C(CCCCCC)(CCCCCC)c2ccccc2-3)cc1,81.25
[*]CC([*])c1ccc(-c2cccc3nsnc23)cc1,150.0
[*]CC([*])c1ccc(/C(C)=N/O)cc1,134.0
[*]CC([*])c1ccc(/C(Cc2ccccc2)=N/O)cc1,111.0
[*]CC([*])c1ccc(B(O[Si](C)(C)C)O[Si](C)(C)C)cc1,84.0
[*]CC([*])c1ccc(B(Oc2ccc(-c3c(F)c(F)c(F)c(F)c3F)c3cccnc23)c2ccc(C(C)(C)C)cc2)cc1,245.0
[*]CC([*])c1ccc(B(Oc2ccc(-c3ccc(N(C)C)cc3)c3cccnc23)c2ccc(C(C)(C)C)cc2)cc1,230.0
[*]CC([*])c1ccc(B(Oc2ccc(-c3ccc(OC)cc3)c3cccnc23)c2ccc(C(C)(C)C)cc2)cc1,220.0
[*]CC([*])c1ccc(B(Oc2ccc(B3OC(C)(C)C(C)(C)O3)c3cccnc23)c2ccc(C(C)(C)C)cc2)cc1,275.0
[*]CC([*])c1ccc(B(Oc2ccc(Cl)c3cccnc23)c2ccc(C(C)(C)C)cc2)cc1,238.0
[*]CC([*])c1ccc(B(Oc2cccc3cccnc23)c2ccc(C(C)(C)C)cc2)cc1,240.0
[*]CC([*])c1ccc(C#N)cc1,180.0
[*]CC([*])c1ccc(C(=O)C(F)(F)F)cc1,95.0
[*]CC([*])c1ccc(C(=O)CC)cc1,102.0
[*]CC([*])c1ccc(C(=O)CCC)cc1,74.0
[*]CC([*])c1ccc(C(=O)CCCC)cc1,70.0
[*]CC([*])c1ccc(C(=O)CCCCC)cc1,66.0
[*]CC([*])c1ccc(C(=O)CCCCCCC)cc1,50.0
[*]CC([*])c1ccc(C(=O)CCN2CCCCC2)cc1,38.0
[*]CC([*])c1ccc(C(=O)CCN2CCOCC2)cc1,41.0
[*]CC([*])c1ccc(C(=O)Cc2ccccc2)cc1,78.0
[*]CC([*])c1ccc(C(=O)N(C)C)cc1,125.0
[*]CC([*])c1ccc(C(=O)N(CC)CC)cc1,102.0
[*]CC([*])c1ccc(C(=O)N2CCCCC2)cc1,114.0
[*]CC([*])c1ccc(C(=O)N2CCOCC2)cc1,127.0
[*]CC([*])c1ccc(C(=O)OC(C)C)cc1,95.0
[*]CC([*])c1ccc(C(=O)OCC(C)C)cc1,90.0
[*]CC([*])c1ccc(C(=O)OCC)cc1,94.0
[*]CC([*])c1ccc(C(=O)OCCC)cc1,92.0
[*]CC([*])c1ccc(C(=O)OCCCC)cc1,76.0
[*]CC([*])c1ccc(C(=O)OCCCCCC)cc1,66.0
[*]CC([*])c1ccc(C(=O)OCCN(C)C)cc1,91.0
[*]CC([*])c1ccc(C(=O)OCCN(CC)CC)cc1,74.0
[*]CC([*])c1ccc(C(=O)c2ccc(OC)cc2)cc1,103.0
[*]CC([*])c1ccc(C(=O)c2ccccc2)cc1,98.0
[*]CC([*])c1ccc(C(C)(C)O)cc1,170.0
[*]CC([*])c1ccc(C(C)(O)CC)cc1,190.0
[*]CC([*])c1ccc(C(C)(O)CCC)cc1,135.0
[*]CC([*])c1ccc(C(C)(O)CCCC)cc1,90.0
[*]CC([*])c1ccc(C(C)(O)CCCCC)cc1,100.0
[*]CC([*])c1ccc(C(C)=O)cc1,115.5
[*]CC([*])c1ccc(C(C)C)cc1,62.400000000000034
[*]CC([*])c1ccc(C(F)(F)C(F)(F)C(F)(F)C(F)(F)C(F)(F)C(F)(F)C(F)(F)F)cc1,42.0
[*]CC([*])c1ccc(C(O)C(F)(F)F)cc1,110.0
[*]CC([*])c1ccc(C(O)CCN(C)C)cc1,43.0
[*]CC([*])c1ccc(C(O)CCN2CCCCC2)cc1,54.0
[*]CC([*])c1ccc(C(O)CCN2CCOCC2)cc1,50.0
[*]CC([*])c1ccc(C([Si](C)(C)C)[Si](C)(C)C)cc1,156.0
[*]CC([*])c1ccc(C([Sn](C)(C)C)[Sn](C)(C)C)cc1,140.0
[*]CC([*])c1ccc(C)nc1,136.0
[*]CC([*])c1ccc(CC)cc1,71.40000000000003
[*]CC([*])c1ccc(CCC(F)(F)C(F)(F)C(F)(F)C(F)(F)F)cc1,23.0
[*]CC([*])c1ccc(CCC)cc1,46.75
[*]CC([*])c1ccc(CCCCCC)cc1,-26.99999999999997
[*]CC([*])c1ccc(CCCCCCCC)cc1,-44.99999999999997
[*]CC([*])c1ccc(CCCCCCCCC)cc1,-52.99999999999997
[*]CC([*])c1ccc(CCCCCCCCCC)cc1,-64.99999999999997
[*]CC([*])c1ccc(CCCCCCCCCCCC)cc1,-51.99999999999997
[*]CC([*])c1ccc(CCCCCCCCCCCCCC)cc1,-35.99999999999997
[*]CC([*])c1ccc(CCCCCCCCCCCCCCCC)cc1,4.5
[*]CC([*])c1ccc(CCCCCCCCCCCCCCCCCC)cc1,32.0
[*]CC([*])c1ccc(CCl)cc1,113.5
[*]CC([*])c1ccc(COC(C)CC)cc1,40.0
[*]CC([*])c1ccc(COCC(CC)CCCC)cc1,-22.99999999999997
[*]CC([*])c1ccc(COCC(F)(F)C(F)(F)C(F)(F)C(F)(F)F)cc1,23.0
[*]CC([*])c1ccc(COCCC(F)(F)C(F)(F)C(F)(F)C(F)(F)C(F)(F)C(F)(F)C(F)(F)C(F)(F)F)cc1,55.0
[*]CC([*])c1ccc(COCCC(F)(F)C(F)(F)C(F)(F)C(F)(F)C(F)(F)C(F)(F)F)cc1,18.0
[*]CC([*])c1ccc(COCCC(F)(F)C(F)(F)C(F)(F)C(F)(F)F)cc1,13.0
[*]CC([*])c1ccc(COCCCC)cc1,10.0
[*]CC([*])c1ccc(COCCCCCC)cc1,-19.99999999999997
[*]CC([*])c1ccc(COCCCCO)cc1,20.0
[*]CC([*])c1ccc(COCCO)cc1,46.0
[*]CC([*])c1ccc(COCCOCC)cc1,0.0
[*]CC([*])c1ccc(COCCOCCCC)cc1,-37.99999999999997
[*]CC([*])c1ccc(COCCOCCCCCCCC)cc1,-41.99999999999997
[*]CC([*])c1ccc(COc2ccc(-c3ccc(-c4ccc(-c5ccc(CCCCCC)s5)s4)c4nsnc34)cc2)cc1,122.0
[*]CC([*])c1ccc(COc2ccc(-c3ccc(-c4ccc(C)cc4)c4nsnc34)cc2)cc1,117.0
[*]CC([*])c1ccc(COc2ccc(-c3ccc(-c4ccc(C)s4)c4nsnc34)cc2)cc1,130.0
[*]CC([*])c1ccc(COc2ccc(-c3ccc(C#N)cc3)cc2)cc1,132.0
[*]CC([*])c1ccc(C[Si](C)(C)C)cc1,82.0
[*]CC([*])c1ccc(Cl)c(C)c1,114.0
[*]CC([*])c1ccc(Cl)c(Cl)c1,128.0
[*]CC([*])c1ccc(Cl)c([N+](=O)[O-])c1,132.90000000000003
[*]CC([*])c1ccc(Cl)cc1C,145.0
[*]CC([*])c1ccc(Cn2c3ccccc3c3ccccc32)cc1,166.0
[*]CC([*])c1ccc(I)cc1,158.0
[*]CC([*])c1ccc(N(c2ccccc2)c2ccccc2)cc1,123.5
[*]CC([*])c1ccc(O)c(OC)c1,142.0
[*]CC([*])c1ccc(OC(C)=O)c(OC)c1,115.0
[*]CC([*])c1ccc(OCC)cc1,86.0
[*]CC([*])c1ccc(OCCC(C)C)cc1,57.0
[*]CC([*])c1ccc(OCCOCCOC(C)=O)cc1,-3.0
[*]CC([*])c1ccc(OP2(OCCOCCOCCOC)=NP(OCCOCCOCCOC)(OCCOCCOCCOC)=NP(OCCOCCOCCOC)(OCCOCCOCCOC)=N2)cc1,-45.99999999999997
[*]CC([*])c1ccc(Oc2ccccc2)cc1,85.0
[*]CC([*])c1ccc(S(=O)(=O)OCCC)cc1,217.0
[*]CC([*])c1ccc([SiH](C)C)cc1,105.0
[*]CC([*])c1ccc([Si](C)(C)C)cc1,136.0
[*]CC([*])c1ccc([Si](C)(C)O)cc1,147.0
[*]CC([*])c1ccc([Si](C)(C)OC(C)C)cc1,180.0
[*]CC([*])c1ccc([Si](C)(C)O[Si](C)(C)C)cc1,35.5
[*]CC([*])c1ccc([Si](C)(C)O[Si](C)(C)O[Si](C)(C)C)cc1,-26.99999999999997
[*]CC([*])c1ccc([Si](C)(O[Si](C)(C)C)O[Si](C)(C)C)cc1,54.0
[*]CC([*])c1ccc([Si](O[Si](C)(C)C)(O[Si](C)(C)C)O[Si](C)(C)C)cc1,114.0
[*]CC([*])c1ccc2c(c1)OCO2,138.0
[*]CC([*])c1ccc2ccccc2c1,146.5
[*]CC([*])c1cccc(B(O[Si](C)(C)C)O[Si](C)(C)C)c1,35.0
[*]CC([*])c1cccc(Br)c1,102.0
[*]CC([*])c1cccc(C)n1,92.0
[*]CC([*])c1cccc(Cl)c1,90.0
[*]CC([*])c1cccc(F)c1,86.0
[*]CC([*])c1cccc(N(c2ccc(C)cc2)c2ccc(C)cc2)c1,126.5
[*]CC([*])c1cccc(NC(C)=O)c1,163.0
[*]CC([*])c1cccc(O)c1,169.0
[*]CC([*])c1cccc(OC(C)=O)c1,76.0
[*]CC([*])c1cccc2c1OCO2,119.0
[*]CC([*])c1cccc2ccccc12,160.0
[*]CC([*])c1ccccc1Br,149.0
[*]CC([*])c1ccccc1C,131.0
[*]CC([*])c1ccccc1C(=O)N(C)C,190.0
[*]CC([*])c1ccccc1C(=O)NC,189.0
[*]CC([*])c1ccccc1C(=O)Nc1ccccc1,191.0
[*]CC([*])c1ccccc1C(=O)O,177.0
[*]CC([*])c1ccccc1C(=O)OC,130.0
[*]CC([*])c1ccccc1C(=O)OC(C)C,146.0
[*]CC([*])c1ccccc1C(=O)OCC,118.0
[*]CC([*])c1ccccc1C(=O)OCC(C)C,127.0
[*]CC([*])c1ccccc1C(=O)OCCC,108.0
[*]CC([*])c1ccccc1C(=O)OCCC(C)C,68.0
[*]CC([*])c1ccccc1C(=O)OCCCC,66.0
[*]CC([*])c1ccccc1C(=O)OCCCCC,92.0
[*]CC([*])c1ccccc1C(=O)OCCCCCC,45.0
[*]CC([*])c1ccccc1C(=O)OCCN(C)C,69.0
[*]CC([*])c1ccccc1C(=O)Oc1ccccc1,124.0
[*]CC([*])c1ccccc1C(F)(F)F,165.0
[*]CC([*])c1ccccc1COC,89.0
[*]CC([*])c1ccccc1COC(C)C,88.0
[*]CC([*])c1ccccc1COCC,74.0
[*]CC([*])c1ccccc1COCCC,97.0
[*]CC([*])c1ccccc1COCCC(C)C,78.0
[*]CC([*])c1ccccc1COCCCC,67.0
[*]CC([*])c1ccccc1COCCCCC,47.0
[*]CC([*])c1ccccc1COCCCCCCCC,13.0
[*]CC([*])c1ccccc1COCCc1ccccc1,63.0
[*]CC([*])c1ccccc1COCc1ccccc1,72.0
[*]CC([*])c1ccccc1F,160.5
[*]CC([*])c1ccccc1O,172.0
[*]CC([*])c1ccccc1OC(C)=O,118.0
[*]CC([*])c1cccs1,71.0
[*]CC([*])c1nc(C)nc(C)n1,70.0
[*]CC([*])c1nnn[nH]1,72.0
[*]CC([*])n1c2ccccc2c2c3ccccc3ccc21,291.5
[*]CC([*])n1c2ccccc2c2cc3ccccc3cc21,253.0
[*]CC([*])n1cc2ccccc2n1,41.5
[*]CC([*])n1ccc2ccccc21,19.0
[*]CC([*])n1ccnc1,175.0
[*]CC([*])n1cncn1,165.0
[*]CC(c1ccccc1)C1C(=O)N(C(C)(C)C)C(=O)C1[*],178.0
[*]CC(c1ccccc1)C1C(=O)N(C)C(=O)C1[*],205.0
[*]CC(c1ccccc1)C1C(=O)N(CCCCCCCCCCCC)C(=O)C1[*],70.0
[*]CC(c1ccccc1)C1C(=O)N(CCCCNC(=O)C(F)(F)C(F)(F)C(F)(F)C(F)(F)C(F)(F)C(F)(F)C(F)(F)F)C(=O)C1[*],113.0
[*]CC(c1ccccc1)C1C(=O)N(CCCN(CC)c2ccc(/N=N/c3ccc([N+](=O)[O-])cc3)c(C)c2)C(=O)C1[*],137.0
[*]CC(c1ccccc1)C1C(=O)N(CCCN(CC)c2ccc(/N=N/c3ccc([N+](=O)[O-])cc3Cl)c(C)c2)C(=O)C1[*],149.0
[*]CC(c1ccccc1)C1C(=O)N(CCCOc2ccc(-c3ccc(C#N)cc3)cc2)C(=O)C1[*],130.0
[*]CC(c1ccccc1)C1C(=O)N(CCN(CC)c2ccc(/N=N/c3ccc([N+](=O)[O-])cc3)cc2)C(=O)C1[*],172.0
[*]CC(c1ccccc1)C1C(=O)N(c2ccc(C(C)(C)C)cc2)C(=O)C1[*],237.0
[*]CC(c1ccccc1)C1C(=O)N(c2ccc(NC(=O)OCC3CCCN3c3ccc([N+](=O)[O-])cc3)cc2)C(=O)C1[*],208.0
[*]CC(c1ccccc1)C1C(=O)N(c2ccc(Oc3ccccc3)cc2)C(=O)C1[*],194.0
[*]CC(c1ccccc1)C1C(=O)N(c2ccccc2)C(=O)C1[*],221.0
[*]CC/C=C/CCC(=O)OCCCCCCCCCCCCCCCCOC([*])=O,-17.99999999999997
[*]CC/C=C/CCC(=O)OCCCCCCCCCCOC([*])=O,-15.0
[*]CC1(C)C(=O)OC(=O)C1(C)C([*])OC,260.0
[*]CC1(C)C(=O)OC(=O)C1(C)C([*])OCC,244.0
[*]CC1(C)C(=O)OC(=O)C1(C)C([*])OCC(C)C,219.0
[*]CC1(C)C(=O)OC(=O)C1(C)C([*])OCCCC,197.0
[*]CC1(C)CC([*])(C)C(=O)OC1=O,144.0
[*]CC1([*])CC(=O)N(c2ccccc2)C1=O,236.0
[*]CC1([*])CCCCC1,100.0
[*]CC1([*])OCC(c2ccccc2)O1,75.0
[*]CC1=CCC(C([*])(C)C)CC1,77.0
[*]CC1C(=O)N(C2CCCCC2)C(=O)C1C([*])(C)C,192.0
[*]CC1C(=O)N(CCCCCCCCCCCC)C(=O)C1C([*])CCCCCCCCCCCCCCCC,30.0
[*]CC1C(=O)N(CCCCNC(=O)C(F)(F)C(F)(F)C(F)(F)C(F)(F)C(F)(F)C(F)(F)C(F)(F)F)C(=O)C1C([*])CCCCCCCCCCCCCCCC,63.0
[*]CC1C(=O)N(c2ccc(N(C)C)cc2)C(=O)C1C([*])OC,221.0
[*]CC1C(=O)N(c2ccccc2)C(=O)C1C([*])(C)C,188.0
[*]CC1C(=O)OC(=O)C1C([*])(C)C,141.0
[*]CC1C(=O)OC(=O)C1C([*])(C)N=C=O,100.0
[*]CC1C(=O)OC(=O)C1C([*])OC,153.5
[*]CC1C(=O)OC(=O)C1C([*])OC(C)C,142.0
[*]CC1C(=O)OC(=O)C1C([*])OCC,146.0
[*]CC1C(=O)OC(=O)C1C([*])OCC(C)C,145.0
[*]CC1C(=O)OC(=O)C1C([*])OCCCC,118.0
[*]CC1CC(C[*])C2C3CCC(C3)C12,164.0
[*]CC1CC([*])C(=O)OC1=O,140.0
[*]CC1CC([*])C(OC(=O)CCCCCCCCCCOc2ccc(-c3ccc(C#N)cc3)cc2)C1OC(=O)CCCCCCCCCCOc1ccc(-c2ccc(C#N)cc2)cc1,14.5
[*]CC1CC([*])CC1OC(=O)CCCCCCCCCCOc1ccc(-c2ccc(C#N)cc2)cc1,30.5
[*]CC1CC2CC1C1CCC(Cn3c(=O)c4cc5c(=O)n([*])c(=O)c5cc4c3=O)C21,265.0
[*]CC1CCC(N2C(=O)C3C4C=CC(C5C(=O)N(C6CCC([*])CC6C)C(=O)C45)C3C2=O)C(C)C1,241.0
[*]CC1CCC(N2C(=O)c3ccc(-c4ccc5c(c4)C(=O)N(C4CCC([*])CC4C)C5=O)cc3C2=O)C(C)C1,260.0
[*]CC1CCC(N2C(=O)c3ccc(C(=O)c4ccc5c(c4)C(=O)N(C4CCC([*])CC4C)C5=O)cc3C2=O)C(C)C1,240.0
[*]CC1CCC(N2C(=O)c3ccc(C(c4ccc5c(c4)C(=O)N(C4CCC([*])CC4C)C5=O)(C(F)(F)F)C(F)(F)F)cc3C2=O)C(C)C1,225.0
[*]CC1CCC(N2C(=O)c3ccc(Oc4ccc5c(c4)C(=O)N(C4CCC([*])CC4C)C5=O)cc3C2=O)C(C)C1,250.0
[*]CC1CCC(NC(=O)CCCCC(=O)NC([*])(C)C)CC1,80.0
[*]CC1CCCC(Cn2c(=O)c3cc4c(=O)n([*])c(=O)c4cc3c2=O)C1,263.0
[*]CC1COC(CC(=O)NCCCCCCNC([*])=O)CO1,73.0
[*]CC=CCC([*])(C(=O)OC12CC3CC(CC(C3)C1)C2)C(=O)OC12CC3CC(CC(C3)C1)C2,34.0
[*]CC=CCC([*])c1ccccc1,14.0
[*]CC=CCC[Si]([*])(C)c1ccccc1,-14.899999999999977
[*]CC=CCS([*])(=O)=O,86.0
[*]CC=CC[Si]([*])(C)C,-57.49999999999997
[*]CC=CC[Si]([*])(C)CCCOc1ccc(-c2ccccc2)cc1,10.0
[*]CC=CC[Si]([*])(C)CCCOc1ccc2ccccc2c1,-1.0
[*]CC=CC[Si]([*])(C)CCCOc1ccccc1,-29.99999999999997
[*]CC=CC[Si]([*])(C)c1ccccc1,-1.0
[*]CC=CC[Si]([*])(C=C)C=C,-64.99999999999997
[*]CC=CC[Si]([*])(CCCOc1ccccc1)c1ccccc1,-5.0
[*]CC=CC[Si]([*])(c1ccccc1)c1ccccc1,34.900000000000034
[*]CCC#CC#CCCC(=O)OCCN(CCOC([*])=O)c1ccc([N+](=O)[O-])cc1,30.0
[*]CCC(=O)NCCCCCCCCCCCCNC(=O)CCP([*])(C)=O,44.0
[*]CCC(=O)NCCCCCCCCCCNC(=O)CCP([*])(C)=O,45.5
[*]CCC(=O)NCCCCCCCCNC(=O)CCP([*])(C)=O,52.0
[*]CCC(=O)NCCCCCCNC(=O)CC([*])C,17.0
[*]CCC(=O)NCCCCCCNC(=O)CCC(C)(C)c1ccc(C([*])(C)C)cc1,93.25
[*]CCC(=O)NCCCCCCNC(=O)CCP([*])(C)=O,57.5
[*]CCC(=O)Nc1ccc(N=Nc2ccc(NC([*])=O)cc2)cc1,220.0
[*]CCC(=O)OC1COC2C(OC([*])=O)COC12,77.0
[*]CCC(=O)OCC1CCC(COC([*])=O)CC1,-1.0
[*]CCC(=O)OCCCCCCCCCOC([*])=O,31.0
[*]CCC(=O)OCCCCCCOC([*])=O,-49.99999999999997
[*]CCC(=O)OCCCCOC([*])=O,-31.99999999999997
[*]CCC(=O)OCCCOC([*])=O,-34.69999999999999
[*]CCC(=O)OCCOC(=O)c1ccc(C(=O)OCCOC([*])=O)cc1,24.0
[*]CCC(=O)OCCOCCOC([*])=O,-38.19999999999999
[*]CCC(=O)Oc1ccc(C(C)(C)c2ccc(OC(=O)CC([*])C)cc2)cc1,56.0
[*]CCC(=O)Oc1ccc(C2(c3ccc(OC([*])=O)cc3)c3ccccc3-c3ccccc32)cc1,234.0
[*]CCC(=O)Oc1ccc(CCC(=O)NC(Cc2ccc(OC(=O)CC([*])C)cc2)C(=O)OCc2ccccc2)cc1,55.0
[*]CCC(=O)Oc1cccc(OC([*])=O)c1,38.200000000000045
[*]CCC(C(=O)OC)C([*])C(=O)OC,31.200000000000045
[*]CCC(C)(C)C([*])(C)C,87.0
[*]CCC(C)(C)CCCNC(=O)c1ccc(C(=O)NC([*])C)cc1,150.0
[*]CCC(C)C([*])(C)C(=O)OC,45.0
[*]CCC(C)C([*])C,-25.99999999999997
[*]CCC(C)CNC(=O)c1cc(C(=O)NCC([*])C)cc(C(C)(C)C)c1,149.0
[*]CCC(C)OC(=O)CCCCCCCCC(=O)OC([*])C,-65.99999999999997
[*]CCC(C)O[Si](C)(C)O[Si](C)(C)OC([*])C,-82.99999999999997
[*]CCC(C)O[Si](C)(C)O[Si](C)(C)O[Si](C)(C)OC([*])C,-89.99999999999997
[*]CCC(C)O[Si](C)(C)O[Si](C)(C)O[Si](C)(C)O[Si](C)(C)OC([*])C,-95.99999999999997
[*]CCC(C)O[Si](C)(C)O[Si](C)(C)O[Si](C)(C)O[Si](C)(C)O[Si](C)(C)OC([*])C,-105.99999999999997
[*]CCC(Cl)C([*])Cl,70.0
[*]CCC(F)(F)C(F)(F)C(F)(F)C(F)(F)C(F)(F)C(F)(F)C(F)(F)C(F)(F)C(F)(F)C(F)(F)CC[Si](C)(CCC(F)(F)F)O[Si]([*])(C)CCC(F)(F)F,-11.0
[*]CCC(F)(F)C(F)(F)C(F)(F)C(F)(F)C(F)(F)C(F)(F)C(F)(F)C(F)(F)CC[Si](C)(CCC(F)(F)F)O[Si]([*])(C)CCC(F)(F)F,-27.99999999999997
[*]CCC(F)(F)C(F)(F)C(F)(F)C(F)(F)C(F)(F)C(F)(F)CC[Si](C)(CCC(F)(F)F)O[Si](C)(CCC(F)(F)F)O[Si](C)(CCC(F)(F)F)O[Si]([*])(C)CCC(F)(F)F,-42.99999999999997
[*]CCC(F)(F)C(F)(F)C(F)(F)C(F)(F)C(F)(F)C(F)(F)CC[Si](C)(CCC(F)(F)F)O[Si]([*])(C)CCC(F)(F)F,-23.99999999999997
[*]CCC(F)(F)C(F)(F)C(F)(F)C(F)(F)CC[Si](C)(CCC(F)(F)F)O[Si]([*])(C)CCC(F)(F)F,-24.99999999999997
[*]CCC(F)(F)C(F)(F)CC[Si](C)(CCC(F)(F)F)O[Si]([*])(C)CCC(F)(F)F,-26.99999999999997
[*]CCC(F)(F)C([*])(F)F,-107.99999999999997
[*]CCC(F)(F)CC[Si](C)(CCC(F)(F)F)O[Si]([*])(C)CCC(F)(F)F,-37.99999999999997
[*]CCC([*])(C)C,-12.0
[*]CCC([*])(C)c1ccccc1,93.0
[*]CCC([*])=O,15.0
[*]CCC([2H])(C)C([*])[2H],-47.49999999999997
[*]CCC(c1ccccc1)C([*])c1ccccc1,104.30000000000001
[*]CCC(c1ccccc1)[Si]([*])(C)C,27.0
[*]CCC/N=C/c1cc(Cc2ccc(O)c(/C=N/CCC[Si](C)(C)O[Si]([*])(C)C)c2)ccc1O,-51.62499999999997
[*]CCC/N=C1/C=C(O)/C(=N/CCC[Si](C)(C)O[Si]([*])(C)C)C=C1O,70.34000000000003
[*]CCC/N=C1/C=C/C(=N\CCC[Si](C)(C)O[Si]([*])(C)C)c2c(O)ccc(O)c21,32.900000000000034
[*]CCC/N=C1\c2ccccc2/C(=N\CCC[Si](C)(C)O[Si]([*])(C)C)c2c(O)ccc(O)c21,7.5
[*]CCC1(CCC(=O)N2CCN(C([*])=O)CC2)c2ccccc2-c2ccccc21,145.0
[*]CCC1(CCC(=O)NCCCC2(CCCNC([*])=O)c3ccccc3-c3ccccc32)c2ccccc2-c2ccccc21,165.0
[*]CCC1(CCC(=O)NCCCCCCNC([*])=O)c2ccccc2-c2ccccc21,122.0
[*]CCC1(CCC(=O)NCc2cccc(CNC([*])=O)c2)c2ccccc2-c2ccccc21,150.0
[*]CCC1C(=O)N(C)C(=O)C1[*],141.20000000000005
[*]CCC1C(=O)N(CC)C(=O)C1[*],109.20000000000005
[*]CCC1C(=O)N(CCC)C(=O)C1[*],90.40000000000003
[*]CCC1C(=O)N(CCCC)C(=O)C1[*],67.90000000000003
[*]CCC1C(=O)N(CCCCCC)C(=O)C1[*],41.5
[*]CCC1C(=O)N(CCCCCCCCCCCC)C(=O)C1[*],55.400000000000034
[*]CCC1C(=O)N(CCCCCCCCCCCCCC)C(=O)C1[*],62.400000000000034
[*]CCC1C(=O)N(CCCCCCCCCCCCCCCC)C(=O)C1[*],65.60000000000002
[*]CCC1C(=O)N(CCCCCCCCCCCCCCCCCC)C(=O)C1[*],67.10000000000002
[*]CCC1C(=O)N(CCCCNC(=O)C(F)(F)C(F)(F)C(F)(F)C(F)(F)C(F)(F)C(F)(F)C(F)(F)F)C(=O)C1[*],100.0
[*]CCC1C(=O)N(c2ccc(N(C)C)cc2)C(=O)C1[*],195.0
[*]CCC1CC(OC(=O)CCCCCCCCCCOc2ccc(-c3ccc(C#N)cc3)cc2)CC1[*],24.0
[*]CCC1CC([*])C2C1C1CC2C(C)(C(=O)OC)C1,146.0
[*]CCC1CC([*])C2C3CC(CC3CC)C12,138.0
[*]CCC1CC([*])C2C3CC(CC3c3ccc(COC(C)CC)cc3)C12,139.0
[*]CCC1CC([*])C2CCCC12,101.0
[*]CCC1CC2C(CC([*])C2OC(=O)CCCCCCCCCCOc2ccc(-c3ccc(C#N)cc3)cc2)C1OC(=O)CCCCCCCCCCOc1ccc(-c2ccc(C#N)cc2)cc1,23.5
[*]CCC1C[N+](C)(C)CC1[*],-6.699999999999989
[*]CCCC(=O)Nc1ccc(NC([*])=O)cc1,135.0
[*]CCCC(=O)OCCCCCCNC([*])=O,-17.99999999999997
[*]CCCC(=O)OCCCCOC([*])=O,-36.49999999999997
[*]CCCC(=O)OCCCOC([*])=O,-32.99999999999997
[*]CCCC(=O)OCCOCCOC([*])=O,-54.99999999999997
[*]CCCC(=O)Oc1ccc(/C=N/c2ccc(/N=C/c3ccc(OC(=O)CCC[Si](C)(C)O[Si]([*])(C)C)cc3)cc2)cc1,60.0
[*]CCCC(=O)Oc1ccc(/C=N/c2ccc(Cc3ccc(/N=C/c4ccc(OC(=O)CCC[Si](C)(C)O[Si]([*])(C)C)cc4)cc3)cc2)cc1,68.0
[*]CCCC(=O)Oc1ccc(/C=N/c2ccc(Oc3ccc(/N=C/c4ccc(OC(=O)CCC[Si](C)(C)O[Si]([*])(C)C)cc4)cc3)cc2)cc1,52.0
[*]CCCC(=O)Oc1ccc(C2(c3ccc(OC([*])=O)cc3)c3ccccc3-c3ccccc32)cc1,207.0
[*]CCCC(=O)Oc1ccccc1C(=O)OC(=O)c1ccccc1OC([*])=O,50.0
[*]CCCC(C)C(=O)OC([*])C,-32.99999999999997
[*]CCCC(Cl)C([*])Cl,42.0
[*]CCCC([*])(C)C,-19.99999999999997
[*]CCCC([*])(C)C(=O)O,132.0
[*]CCCC([*])(C)CC,-22.99999999999997
[*]CCCC([*])C,-52.599999999999966
[*]CCCC1(C)CCN(C(=O)CCC(=O)N2CCC([*])(C)CC2)CC1,99.0
[*]CCCC1(C)CCN(C(=O)CCCC(=O)N2CCC([*])(C)CC2)CC1,58.0
[*]CCCC=CCCCC([*])Cl,-62.99999999999997
[*]CCCCC(=O)N(CCCCCCN(CC(F)(F)C(F)(F)C(F)(F)C(F)(F)C(F)(F)C(F)(F)C(F)(F)F)C([*])=O)CC(F)(F)C(F)(F)C(F)(F)C(F)(F)C(F)(F)C(F)(F)C(F)(F)F,119.40000000000003
[*]CCCCC(=O)NC(Cc1ccccc1)C(=O)OC/C=C/COC(=O)C(Cc1ccccc1)NC([*])=O,61.0
[*]CCCCC(=O)NC(Cc1ccccc1)C(=O)OC1COC2C(OC(=O)C(Cc3ccccc3)NC([*])=O)COC12,97.5
[*]CCCCC(=O)NC1CCC(CC2CCC(NC([*])=O)CC2)CC1,185.0
[*]CCCCC(=O)NCC(=O)NCCCCCCNC([*])=O,53.400000000000034
[*]CCCCC(=O)NCC1CCC(CNC([*])=O)CC1,113.0
[*]CCCCC(=O)NCC1CCCC(CNC([*])=O)C1,107.0
[*]CCCCC(=O)NCC1COC(CNC([*])=O)CO1,93.0
[*]CCCCC(=O)NCCCC1(CCCNC([*])=O)c2ccccc2-c2ccccc21,120.0
[*]CCCCC(=O)NCCCCCC(=O)OCCCCCCCCCCOC(=O)CCCCCNC([*])=O,-12.0
[*]CCCCC(=O)NCCCCCC(=O)OCCCCCCOC(=O)CCCCCNC([*])=O,-7.0
[*]CCCCC(=O)NCCCCCC(=O)OCCCCOC(=O)CCCCCNC([*])=O,-15.0
[*]CCCCC(=O)NCCCCCCCCCCNC([*])=O,45.0
[*]CCCCC(=O)NCCCCCCCCCNC([*])=O,68.0
[*]CCCCC(=O)NCCCCCCCCNC([*])=O,50.0
[*]CCCCC(=O)NCCCCCCCNC([*])=O,55.0
[*]CCCCC(=O)NCCCCCNC([*])=O,46.5
[*]CCCCC(=O)NCCCCNC([*])=O,58.0
[*]CCCCC(=O)NCCCOCCCNC([*])=O,34.0
[*]CCCCC(=O)NCCCP(=O)(CCCNC([*])=O)c1ccccc1,55.0
[*]CCCCC(=O)NCCCP(CCCNC([*])=O)c1ccccc1,49.0
[*]CCCCC(=O)NCCNC([*])=O,71.0
[*]CCCCC(=O)NCc1ccc(OC2COC3C(Oc4ccc(CNC([*])=O)cc4)COC23)cc1,116.0
[*]CCCCC(=O)NCc1cccc(CNC([*])=O)c1,84.0
[*]CCCCC(=O)Nc1cc(NC([*])=O)cc(-c2nnc(-c3ccccn3)o2)c1,159.0
[*]CCCCC(=O)Nc1ccc(CCNC([*])=O)cc1,115.0
[*]CCCCC(=O)Nc1ccc(NC([*])=O)cc1,133.0
[*]CCCCC(=O)Nc1ccc(OC2COC3C(Oc4ccc(NC([*])=O)cc4)COC23)cc1,150.0
[*]CCCCC(=O)Nc1ccc(Oc2ccc(NC([*])=O)cc2)cc1,230.0
[*]CCCCC(=O)Nc1ccc(S(=O)(=O)c2ccc(NC([*])=O)cc2)cc1,194.0
[*]CCCCC(=O)Nc1ccc2oc(CCCCCCCCc3nc4cc(NC([*])=O)ccc4o3)nc2c1,92.0
[*]CCCCC(=O)Nc1cccc(NC(=S)NC(=O)c2ccc(NC([*])=O)cc2)c1,267.0
[*]CCCCC(=O)Nc1cccc(NC([*])=O)c1,114.25
[*]CCCCC(=O)Nc1cccc(Oc2ccc(NC([*])=O)cc2)c1,160.0
[*]CCCCC(=O)Nc1cccc(S(=O)(=O)c2cccc(NC([*])=O)c2)c1,140.0
[*]CCCCC(=O)OC([*])C,-39.99999999999997
[*]CCCCC(=O)OC1CCC(OC([*])=O)CC1,77.80000000000001
[*]CCCCC(=O)OC1COC2C(OCCCCOC3COC4C(OC([*])=O)COC34)COC12,114.0
[*]CCCCC(=O)OCC(CCCCCCOc1ccc(/N=N/c2ccc(Br)cc2)cc1)COC([*])=O,24.0
[*]CCCCC(=O)OCC(CCCCCCOc1ccc(/N=N/c2ccc(C(F)(F)F)cc2)cc1)COC([*])=O,44.0
[*]CCCCC(=O)OCC(CCCCCCOc1ccc(/N=N/c2ccc(Cl)cc2)cc1)COC([*])=O,9.0
[*]CCCCC(=O)OCC(F)(F)C(F)(F)C(F)(F)COC([*])=O,-60.49999999999997
[*]CCCCC(=O)OCC(O)COc1ccc(C(=O)Oc2ccc(OCC(O)COC([*])=O)cc2)cc1,37.0
[*]CCCCC(=O)OCC(O)COc1ccc(OCC(O)COC([*])=O)cc1,19.0
[*]CCCCC(=O)OCCCCCCCCCCCOc1ccc(-c2nnc(-c3ccc(OCCCCCCCCCCCOC([*])=O)cc3)s2)cc1,69.0
[*]CCCCC(=O)OCCCCCCOC([*])=O,-68.99999999999997
[*]CCCCC(=O)OCCCCCOC([*])=O,-68.99999999999997
[*]CCCCC(=O)OCCCCOC(=O)c1ccc(C(=O)OCCCCOC([*])=O)cc1,-19.99999999999997
[*]CCCCC(=O)OCCCOC([*])=O,-54.99999999999997
[*]CCCCC(=O)OCCN(CCOC([*])=O)c1ccc(/C=N/N(c2ccccc2)c2ccccc2)cc1,54.0
[*]CCCCC(=O)OCCOC(=O)c1ccc(C(=O)OCCOC([*])=O)cc1,8.0
[*]CCCCC(=O)OCCOCCOC([*])=O,-50.99999999999997
[*]CCCCC(=O)OCCOCCOCCOC([*])=O,-48.99999999999997
[*]CCCCC(=O)Oc1c(-c2ccccc2)cc(Cc2cc(-c3ccccc3)c(OC([*])=O)c(-c3ccccc3)c2)cc1-c1ccccc1,115.0
[*]CCCCC(=O)Oc1ccc(/C(=C/c2ccc(-c3ccc(/C=C(\c4ccccc4)c4ccc(OC([*])=O)cc4)cc3)cc2)c2ccccc2)cc1,128.0
[*]CCCCC(=O)Oc1ccc(C2(c3ccc(OC([*])=O)cc3)c3ccccc3-c3ccccc32)cc1,166.0
[*]CCCCC(=O)Oc1ccc(Cc2ccc(OC([*])=O)cc2)cc1,60.5
[*]CCCCC(=O)Oc1ccc(OC([*])=O)cc1,90.0
[*]CCCCC(=O)Oc1ccccc1C(=O)OC(=O)c1ccccc1OC([*])=O,55.0
[*]CCCCC(C)(C)c1ccc2c(c1)C(=O)N(c1ccc(Cc3ccc(N4C(=O)c5ccc(C([*])(C)C)cc5C4=O)cc3)cc1)C2=O,169.90000000000003
[*]CCCCC(C)O[Si](C)(C)O[Si](C)(C)OC([*])C,-86.99999999999997
[*]CCCCC(C)O[Si](C)(C)O[Si](C)(C)O[Si](C)(C)OC([*])C,-93.99999999999997
[*]CCCCC(C)O[Si](C)(C)O[Si](C)(C)O[Si](C)(C)O[Si](C)(C)OC([*])C,-97.99999999999997
[*]CCCCC(C)O[Si](C)(C)O[Si](C)(C)O[Si](C)(C)O[Si](C)(C)O[Si](C)(C)OC([*])C,-103.99999999999997
[*]CCCCC(c1ccc(O)cc1)C([*])c1ccc(O)cc1C,25.0
[*]CCCCCC(=O)NCCCCCCCNC([*])=O,55.0
[*]CCCCCC(=O)NCCCCCCNC([*])=O,54.0
[*]CCCCCC(=O)Nc1ccc(NC([*])=O)cc1,133.0
[*]CCCCCC(=O)Nc1ccc(Oc2ccc(NC([*])=O)cc2)cc1,180.0
[*]CCCCCC(=O)Nc1ccc(S(=O)(=O)c2ccc(NC([*])=O)cc2)cc1,163.0
[*]CCCCCC(=O)Nc1cccc(Oc2ccc(NC([*])=O)cc2)c1,130.0
[*]CCCCCC(=O)OCCCCCCS(=O)(=O)c1ccc(/N=N/c2ccc(N([*])C)cc2)cc1,60.5
[*]CCCCCC(=O)OCCOC([*])=O,-45.99999999999997
[*]CCCCCC(=O)OCCOCCOC([*])=O,-41.49999999999997
[*]CCCCCC(=O)OCCOCCOCCOC([*])=O,-44.49999999999997
[*]CCCCCC(=O)Oc1c(-c2ccccc2)cc(Cc2cc(-c3ccccc3)c(OC([*])=O)c(-c3ccccc3)c2)cc1-c1ccccc1,111.0
[*]CCCCCC(=O)Oc1ccccc1C(=O)OC(=O)c1ccccc1OC([*])=O,40.0
[*]CCCCCC(Cl)C([*])Cl,-17.0
[*]CCCCCC([*])C,-65.99999999999997
[*]CCCCCC([*])CC,-72.99999999999997
[*]CCCCCC([*])CCC,-67.99999999999997
[*]CCCCCC([*])CCCC,-68.99999999999997
[*]CCCCCC([*])CCCCCC,-75.99999999999997
[*]CCCCCC([*])CCCCCCCC,-71.99999999999997
[*]CCCCCC([*])CCCCCCCCCC,-64.99999999999997
[*]CCCCCC(c1ccc(O)cc1)C([*])c1ccc(O)cc1C,16.0
[*]CCCCCCC(=O)NC(Cc1ccccc1)C(=O)OC1COC2C(OC(=O)C(Cc3ccccc3)NC([*])=O)COC12,91.0
[*]CCCCCCC(=O)NCCCCCCNC([*])=O,57.0
[*]CCCCCCC(=O)Nc1ccc(NC([*])=O)cc1,138.0
[*]CCCCCCC(=O)Nc1ccc(OC2COC3C(Oc4ccc(NC([*])=O)cc4)COC23)cc1,72.5
[*]CCCCCCC(=O)Nc1ccc(Oc2ccc(NC([*])=O)cc2)cc1,180.0
[*]CCCCCCC(=O)Nc1ccc2oc(CCCCCCc3nc4cc(NC([*])=O)ccc4o3)nc2c1,77.0
[*]CCCCCCC(=O)Nc1cccc(NC([*])=O)c1,115.5
[*]CCCCCCC(=O)Nc1cccc(Oc2ccc(NC([*])=O)cc2)c1,140.0
[*]CCCCCCC(=O)Nc1cccc(S(=O)(=O)c2cccc(NC([*])=O)c2)c1,125.0
[*]CCCCCCC(=O)OCC#CCOC([*])=O,-37.99999999999997
[*]CCCCCCC(=O)OCCCCCCCCCCCCCCCCOC([*])=O,-25.99999999999997
[*]CCCCCCC(=O)OCCCCCCCCCCOC([*])=O,-21.99999999999997
[*]CCCCCCC(=O)OCCCOC([*])=O,-52.49999999999997
[*]CCCCCCC(=O)OCCOC(=O)c1ccc(C(=O)OCCOC([*])=O)cc1,-1.0
[*]CCCCCCC(=O)OCCOCCOC([*])=O,-65.99999999999997
[*]CCCCCCC(=O)Oc1ccc(C2(c3ccc(OC([*])=O)cc3)c3ccccc3-c3ccccc32)cc1,158.0
[*]CCCCCCC(=O)Oc1ccccc1C(=O)OC(=O)c1ccccc1OC([*])=O,28.0
[*]CCCCCCC(Cl)C([*])Cl,-17.99999999999997
[*]CCCCCCC(c1ccc(O)cc1)C([*])c1ccc(O)cc1C,18.0
[*]CCCCCCC=CCCCCCCC([*])Cl,-56.99999999999997
[*]CCCCCCCC(=O)NCCCCCCNC(=O)CCCCCCCC1C([*])C=CC(CCCCCC)C1CCCCCCCC,-3.0
[*]CCCCCCCC(=O)Nc1ccc(Cc2ccc(NC([*])=O)cc2)cc1,140.0
[*]CCCCCCCC(=O)Nc1ccc(NC([*])=O)cc1,130.0
[*]CCCCCCCC(=O)Nc1ccc(Oc2ccc(NC([*])=O)cc2)cc1,160.0
[*]CCCCCCCC(=O)Nc1ccc(S(=O)(=O)c2ccc(NC([*])=O)cc2)cc1,178.0
[*]CCCCCCCC(=O)Nc1cccc(Oc2ccc(NC([*])=O)cc2)c1,120.0
[*]CCCCCCCC(=O)Nc1cccc(S(=O)(=O)c2cccc(NC([*])=O)c2)c1,125.0
[*]CCCCCCCC(=O)OCCCCOC([*])=O,-62.49999999999997
[*]CCCCCCCC(=O)OCCOC([*])=O,-44.99999999999997
[*]CCCCCCCC(=O)OCCOCCOC([*])=O,-70.99999999999997
[*]CCCCCCCC(=O)Oc1ccc(C2(c3ccc(OC([*])=O)cc3)c3ccccc3-c3ccccc32)cc1,150.0
[*]CCCCCCCC(=O)Oc1ccccc1C(=O)OC(=O)c1ccccc1OC([*])=O,25.0
[*]CCCCCCCC([*])C,-57.99999999999997
[*]CCCCCCCC(c1ccc(O)cc1)C([*])c1ccc(O)cc1C,4.0
[*]CCCCCCCC1OCC(CCCCOC([*])=O)O1,-43.99999999999997
[*]CCCCCCCC1OCC(COC([*])=O)O1,-22.99999999999997
[*]CCCCCCCC1OCC(OC([*])=O)CO1,6.5
[*]CCCCCCCC1OCC2(CO1)COC(CCCCCCCC(=O)OCCOC([*])=O)OC2,0.0
[*]CCCCCCCCC(=O)N1CCCCC(NC([*])=O)C1,-46.49999999999997
[*]CCCCCCCCC(=O)N1CCN(C([*])=O)CC1,82.0
[*]CCCCCCCCC(=O)NC(Cc1ccccc1)C(=O)NCCCOCCOCCOCCCNC(=O)C(Cc1ccccc1)NC([*])=O,44.0
[*]CCCCCCCCC(=O)NC(Cc1ccccc1)C(=O)OC/C=C/COC(=O)C(Cc1ccccc1)NC([*])=O,46.0
[*]CCCCCCCCC(=O)NC(Cc1ccccc1)C(=O)OC1COC2C(OC(=O)C(Cc3ccccc3)NC([*])=O)COC12,74.0
[*]CCCCCCCCC(=O)NC1CCC(CC2CCC(NC([*])=O)CC2)CC1,144.0
[*]CCCCCCCCC(=O)NC1CCC(CCC2CCC(NC([*])=O)CC2)CC1,116.0
[*]CCCCCCCCC(=O)NCC(=O)NCC(=O)OC1COC2C(OC(=O)CNC(=O)CNC([*])=O)COC12,47.0
[*]CCCCCCCCC(=O)NCC(=O)OC1COC2C(OC(=O)CNC([*])=O)COC12,66.0
[*]CCCCCCCCC(=O)NCC1CCC(CNC([*])=O)CC1,89.0
[*]CCCCCCCCC(=O)NCC1COC(CNC([*])=O)CO1,73.0
[*]CCCCCCCCC(=O)NCCCC1(CCCNC([*])=O)c2ccccc2-c2ccccc21,85.0
[*]CCCCCCCCC(=O)NCCCCCCCCCCCNC([*])=O,40.0
[*]CCCCCCCCC(=O)NCCCCCCCCCCNC([*])=O,60.0
[*]CCCCCCCCC(=O)NCCCCCCCCNC([*])=O,54.0
[*]CCCCCCCCC(=O)NCCCOCCOCCOCCCNC([*])=O,40.0
[*]CCCCCCCCC(=O)NCCc1ccc(CCNC([*])=O)cc1,105.0
[*]CCCCCCCCC(=O)NCc1ccc(CNC([*])=O)cc1,115.0
[*]CCCCCCCCC(=O)NNC(=O)OCCCCCCCCCCOC(=O)NNC([*])=O,34.0
[*]CCCCCCCCC(=O)NNC(=O)OCCCCCCCCOC(=O)NNC([*])=O,38.0
[*]CCCCCCCCC(=O)NNC(=O)OCCCCCCOC(=O)NNC([*])=O,45.0
[*]CCCCCCCCC(=O)NNC(=O)OCCCCCOC(=O)NNC([*])=O,20.0
[*]CCCCCCCCC(=O)NNC(=O)OCCCCOC(=O)NNC([*])=O,56.0
[*]CCCCCCCCC(=O)NNC(=O)OCCCOC(=O)NNC([*])=O,22.0
[*]CCCCCCCCC(=O)NNC(=O)OCCOC(=O)NNC([*])=O,63.0
[*]CCCCCCCCC(=O)Nc1cc(NC([*])=O)cc(-c2nnc(-c3ccccn3)o2)c1,85.0
[*]CCCCCCCCC(=O)Nc1ccc(C(=O)c2ccc(Oc3ccc(Oc4ccc(C(=O)c5ccc(NC([*])=O)cc5)cc4)cc3)cc2)cc1,130.0
[*]CCCCCCCCC(=O)Nc1ccc(C(=O)c2ccc(Oc3cccc(Oc4ccc(C(=O)c5ccc(NC([*])=O)cc5)cc4)c3)cc2)cc1,143.0
[*]CCCCCCCCC(=O)Nc1ccc(Cc2ccc(NC([*])=O)cc2)cc1,160.0
[*]CCCCCCCCC(=O)Nc1ccc(NC([*])=O)cc1,125.0
[*]CCCCCCCCC(=O)Nc1ccc(Oc2ccc(NC([*])=O)cc2)cc1,160.0
[*]CCCCCCCCC(=O)Nc1ccc(S(=O)(=O)c2ccc(NC([*])=O)cc2)cc1,72.34000000000003
[*]CCCCCCCCC(=O)Nc1ccc2oc(CCCCCCCCc3nc4cc(NC([*])=O)ccc4o3)nc2c1,93.0
[*]CCCCCCCCC(=O)Nc1ccc2oc(CCCCCCc3nc4cc(NC([*])=O)ccc4o3)nc2c1,86.0
[*]CCCCCCCCC(=O)Nc1cccc(C(=O)c2ccc(Oc3ccc(C(=O)c4ccc(NC([*])=O)cc4)cc3)cc2)c1,148.0
[*]CCCCCCCCC(=O)Nc1cccc(C(=O)c2ccc(Oc3ccc(C(=O)c4cccc(NC([*])=O)c4)cc3)cc2)c1,141.0
[*]CCCCCCCCC(=O)Nc1cccc(C(=O)c2ccc(Oc3ccc(Oc4ccc(C(=O)c5cccc(NC([*])=O)c5)cc4)cc3)cc2)c1,144.0
[*]CCCCCCCCC(=O)Nc1cccc(NC(=S)NC(=O)c2ccc(NC([*])=O)cc2)c1,265.0
[*]CCCCCCCCC(=O)Nc1cccc(NC([*])=O)c1,110.0
[*]CCCCCCCCC(=O)Nc1cccc(Oc2ccc(NC([*])=O)cc2)c1,125.0
[*]CCCCCCCCC(=O)Nc1cccc(S(=O)(=O)c2cccc(NC([*])=O)c2)c1,112.0
[*]CCCCCCCCC(=O)OC([*])=O,60.0
[*]CCCCCCCCC(=O)OC/C=C/COC([*])=O,-40.99999999999997
[*]CCCCCCCCC(=O)OC1CCC(OC([*])=O)CC1,66.0
[*]CCCCCCCCC(=O)OC1COC2C(OC([*])=O)COC12,3.0
[*]CCCCCCCCC(=O)OCC#CC(C#CCOC([*])=O)=Cc1ccc(C#Cc2ccc(C=C(C#Cc3ccccc3)C#Cc3ccccc3)cc2)cc1,60.0
[*]CCCCCCCCC(=O)OCC#CC(C#CCOC([*])=O)=Cc1ccc(C#Cc2ccc([N+](=O)[O-])cc2)cc1,60.0
[*]CCCCCCCCC(=O)OCC#CC(C#CCOC([*])=O)=Cc1ccc(C#Cc2ccccc2)cc1,60.0
[*]CCCCCCCCC(=O)OCC#CCOC([*])=O,-26.49999999999997
[*]CCCCCCCCC(=O)OCC(O)COc1ccc(C(=O)Oc2ccc(OCC(O)COC([*])=O)cc2)cc1,36.0
[*]CCCCCCCCC(=O)OCCCCCCCCCCCOc1ccc(-c2nnc(-c3ccc(OCCCCCCCCCCCOC([*])=O)cc3)s2)cc1,52.0
[*]CCCCCCCCC(=O)OCCCCCCCCCCOC([*])=O,-53.99999999999997
[*]CCCCCCCCC(=O)OCCCCCCOC([*])=O,-37.99999999999997
[*]CCCCCCCCC(=O)OCCCCOC([*])=O,-56.99999999999997
[*]CCCCCCCCC(=O)OCCOC(=O)c1ccc(C(=O)OCCOC([*])=O)cc1,-6.5
[*]CCCCCCCCC(=O)OCCOCCOC([*])=O,-74.49999999999997
[*]CCCCCCCCC(=O)Oc1c(-c2ccccc2)cc(-c2cc(-c3ccccc3)c(OC([*])=O)c(-c3ccccc3)c2)cc1-c1ccccc1,98.0
[*]CCCCCCCCC(=O)Oc1c(-c2ccccc2)cc(Cc2cc(-c3ccccc3)c(OC([*])=O)c(-c3ccccc3)c2)cc1-c1ccccc1,92.0
[*]CCCCCCCCC(=O)Oc1ccc(-c2nnc(C=Cc3ccc(OC([*])=O)cc3)s2)cc1,30.0
[*]CCCCCCCCC(=O)Oc1ccc(/C(=C/c2ccc(-c3ccc(/C=C(\c4ccccc4)c4ccc(OC([*])=O)cc4)cc3)cc2)c2ccccc2)cc1,111.0
[*]CCCCCCCCC(=O)Oc1ccc(C2(c3ccc(OC([*])=O)cc3)c3ccccc3-c3ccccc32)cc1,151.0
[*]CCCCCCCCC(=O)Oc1ccc(C2(c3ccc(OC([*])=O)cc3)c3ccccc3Cc3ccccc32)cc1,134.0
[*]CCCCCCCCC(=O)Oc1ccc(OC([*])=O)cc1,52.80000000000001
[*]CCCCCCCCC(=O)Oc1cccc(-c2nnc(C=Cc3ccc(OC([*])=O)cc3)s2)c1,37.0
[*]CCCCCCCCC(=O)Oc1cccc(C=Cc2nnc(-c3ccc(OC([*])=O)cc3)s2)c1,55.0
[*]CCCCCCCCC(=O)Oc1cccc(C=Cc2nnc(-c3cccc(OC([*])=O)c3)s2)c1,41.0
[*]CCCCCCCCC(=O)Oc1ccccc1C(=O)OC(=O)c1ccccc1OC([*])=O,28.0
[*]CCCCCCCCC(C)(C)c1ccc2c(c1)C(=O)N(c1ccc(Oc3ccc(N4C(=O)c5ccc(C([*])(C)C)cc5C4=O)cc3)cc1)C2=O,123.65000000000003
[*]CCCCCCCCC(Cl)C([*])Cl,-29.99999999999997
[*]CCCCCCCCC([*])Cl,-32.99999999999997
[*]CCCCCCCCC(c1ccc(O)cc1)C([*])c1ccc(O)cc1C,-12.0
[*]CCCCCCCCCC(=O)NCCc1ccc(CCNC([*])=O)cc1,96.0
[*]CCCCCCCCCC(=O)NCc1ccc(CNC([*])=O)cc1,110.0
[*]CCCCCCCCCC(=O)Nc1ccc(Oc2ccc(NC([*])=O)cc2)cc1,150.0
[*]CCCCCCCCCC(=O)Nc1cccc(Oc2ccc(NC([*])=O)cc2)c1,110.0
[*]CCCCCCCCCC(=O)Oc1ccc(C2(c3ccc(OC([*])=O)cc3)c3ccccc3-c3ccccc32)cc1,136.0
[*]CCCCCCCCCC(c1ccc(O)cc1)C([*])c1ccc(O)cc1C,-1.0
[*]CCCCCCCCCC=CCCCCCCCCCC([*])COCCOCCOCCOCCOCCCCCC,-75.99999999999997
[*]CCCCCCCCCC=CCCCCCCCCCC([*])COCCOCCOCCOCCOCc1ccc2ccc3cccc4ccc1c2c34,-35.99999999999997
[*]CCCCCCCCCC=CCCCCCCCCCC([*])Cl,-36.99999999999997
[*]CCCCCCCCCCC(=O)N([*])C,-12.0
[*]CCCCCCCCCCC(=O)NC(Cc1ccccc1)C(=O)OC1COC2C(OC(=O)C(Cc3ccccc3)NC([*])=O)COC12,76.0
[*]CCCCCCCCCCC(=O)NC1CCC(CC2CCC(NC([*])=O)CC2)CC1,142.0
[*]CCCCCCCCCCC(=O)NC1CCC(CCC2CCC(NC([*])=O)CC2)CC1,105.0
[*]CCCCCCCCCCC(=O)NCC1CCC(CNC([*])=O)CC1,85.0
[*]CCCCCCCCCCC(=O)NCCCCCCCCCCCNC([*])=O,39.0
[*]CCCCCCCCCCC(=O)NCCCCCCCCCCNC([*])=O,49.0
[*]CCCCCCCCCCC(=O)NCCCCCCCCNC([*])=O,50.0
[*]CCCCCCCCCCC(=O)NCc1ccc(CNC([*])=O)cc1,105.0
[*]CCCCCCCCCCC(=O)Nc1ccc(Oc2ccc(NC([*])=O)cc2)cc1,150.0
[*]CCCCCCCCCCC(=O)Nc1ccc(S(=O)(=O)c2ccc(NC([*])=O)cc2)cc1,160.0
[*]CCCCCCCCCCC(=O)Nc1cccc(Oc2ccc(NC([*])=O)cc2)c1,110.0
[*]CCCCCCCCCCC(=O)Nc1cccc(S(=O)(=O)c2cccc(NC([*])=O)c2)c1,107.0
[*]CCCCCCCCCCC(=O)OCC#CCOC([*])=O,-26.99999999999997
[*]CCCCCCCCCCC(=O)OCC(O)COc1ccc(OCC(O)COC([*])=O)cc1,10.0
[*]CCCCCCCCCCC(=O)OCCOC(=O)c1ccc(C(=O)OCCOC([*])=O)cc1,-8.0
[*]CCCCCCCCCCC(=O)OCCOCCOC([*])=O,-70.99999999999997
[*]CCCCCCCCCCC(=O)Oc1ccc(C2(c3ccc(OC([*])=O)cc3)c3ccccc3-c3ccccc32)cc1,117.0
[*]CCCCCCCCCCC(Cl)C([*])Cl,-31.99999999999997
[*]CCCCCCCCCCC(c1ccc(O)cc1)C([*])c1ccc(O)cc1C,-4.0
[*]CCCCCCCCCCCC(=O)N([*])C,-28.99999999999997
[*]CCCCCCCCCCCC(=O)NCCCCCCCCCCCCCNC([*])=O,56.5
[*]CCCCCCCCCCCC(=O)NCc1ccc(CNC([*])=O)cc1,100.0
[*]CCCCCCCCCCCC(c1ccc(O)cc1)C([*])c1ccc(O)cc1C,4.0
[*]CCCCCCCCCCCCC(=O)NC1CCC(CC2CCC(NC([*])=O)CC2)CC1,131.0
[*]CCCCCCCCCCCCC(=O)NCCCCCCCCCCCCNC([*])=O,49.0
[*]CCCCCCCCCCCCC(=O)NCCc1ccc(CCNC([*])=O)cc1,93.0
[*]CCCCCCCCCCCCC(=O)Oc1ccc(-c2ccc(OC([*])=O)cc2)cc1,95.0
[*]CCCCCCCCCCCCC(c1ccc(O)cc1)C([*])c1ccc(O)cc1C,-1.0
[*]CCCCCCCCCCCCCC(=O)NCc1ccc(CNC([*])=O)cc1,90.0
[*]CCCCCCCCCCCCCCC(=O)NCCCCCCCCCCCCNC([*])=O,46.0
[*]CCCCCCCCCCCCCCC(=O)NCCCCCCCCCCNC([*])=O,45.0
[*]CCCCCCCCCCCCCCC(=O)NCCCCCCCCNC([*])=O,52.0
[*]CCCCCCCCCCCCCCC(=O)NCCCCCCNC([*])=O,40.0
[*]CCCCCCCCCCCCCCCCC(=O)NCCCCCCCCCCCCCCCCCCNC([*])=O,50.0
[*]CCCCCCCCCCCCCCCCC(=O)NCCCCCCCCCCCCCCNC([*])=O,48.0
[*]CCCCCCCCCCCCCCCCC(=O)NCCCCCCCCCCCCNC([*])=O,46.5
[*]CCCCCCCCCCCCCCCCC(=O)NCCCCCCCCCCNC([*])=O,46.0
[*]CCCCCCCCCCCCCCCCC(=O)NCCCCCCCCNC([*])=O,36.0
[*]CCCCCCCCCCCCCCCCC(=O)NCCCCCCNC([*])=O,47.0
[*]CCCCCCCCCCCCCCCCC(=O)NCCc1ccc(CCNC([*])=O)cc1,75.0
[*]CCCCCCCCCCCCCCCCC(=O)NCc1ccc(CNC([*])=O)cc1,75.0
[*]CCCCCCCCCCCCCCCCC(=O)OCCCCCCCCCCOC([*])=O,-17.0
[*]CCCCCCCCCCCCCCCCC(=O)OCCOCCOC([*])=O,-67.99999999999997
[*]CCCCCCCCCCCCCCCCCCC(=O)NCCCCCCCCCCCCNC([*])=O,221.60000000000002
[*]CCCCCCCCCCCCCCCCCCC(=O)NCCCCCCCCCCCNC([*])=O,29.0
[*]CCCCCCCCCCCCCCCCCCC(=O)NCCCCCCCCCNC([*])=O,42.0
[*]CCCCCCCCCCCCCCCCCCC(=O)NCCCCCCCNC([*])=O,46.0
[*]CCCCCCCCCCCCCCCCCCC(=O)NCCCCCNC([*])=O,52.0
[*]CCCCCCCCCCCCCCCCCCC(=O)OCCCCCCN1C(=O)c2ccc(S(=O)(=O)c3ccc4c(c3)C(=O)N(CCCCCCOC([*])=O)C4=O)cc2C1=O,19.0
[*]CCCCCCCCCCCCCCCCCCCCC(=O)NCCCCCCCCNC([*])=O,48.0
[*]CCCCCCCCCCCCCCCCCCCCC(=O)Oc1ccc(N2C(=O)c3ccc(-c4ccc5c(c4)C(=O)N(c4ccc(OC([*])=O)cc4)C5=O)cc3C2=O)cc1,140.0
[*]CCCCCCCCCCCCCCCCCCCCC([*])COCCOCCOCCOCCOCc1ccc2ccc3cccc4ccc1c2c34,-20.99999999999997
[*]CCCCCCCCCCCCCCCCCCCCCCCCCCCCCCCCCCC(=O)OCCCCOC([*])=O,-54.99999999999997
[*]CCCCCCCCCCCCCCNC([*])=O,-7.0
[*]CCCCCCCCCCCCNC([*])=O,41.0
[*]CCCCCCCCCCCCOC([*])=O,-35.99999999999997
[*]CCCCCCCCCCCN1C(=O)c2ccc(C(=O)Oc3ccc(-c4ccc(OC([*])=O)cc4)cc3)cc2C1=O,60.0
[*]CCCCCCCCCCCN1C(=O)c2ccc(C(=O)Oc3ccc(C4(c5ccc(OC([*])=O)cc5)CCCCC4)cc3)cc2C1=O,96.0
[*]CCCCCCCCCCCN1C(=O)c2ccc(C(=O)Oc3ccc(C4(c5ccc(OC([*])=O)cc5)OC(=O)c5ccccc54)cc3)cc2C1=O,114.0
[*]CCCCCCCCCCCN1C(=O)c2ccc(C(=O)Oc3ccc(OC([*])=O)cc3)cc2C1=O,58.0
[*]CCCCCCCCCCCN1C(=O)c2ccc(C(=O)Oc3ccc4ccc(OC([*])=O)cc4c3)cc2C1=O,98.0
[*]CCCCCCCCCCCn1c(=O)c2cc3c(=O)n(CCCCCCCCCCCC(=O)Oc4ccc5cc(OC([*])=O)ccc5c4)c(=O)c3cc2c1=O,62.0
[*]CCCCCCCCCCN(c1ccccc1)c1ncnc(N([*])c2ccccc2)n1,55.0
[*]CCCCCCCCCCN1C(=O)C2C3C=CC(C4C(=O)N([*])C(=O)C34)C2C1=O,219.0
[*]CCCCCCCCCCN1C(=O)c2ccc(-c3ccc(-c4ccc5c(c4)C(=O)N(CCCCCCCCCCC(=O)OCCCCCN4C(=O)c6ccc(-c7ccc8c(c7)C(=O)N(CCCCCOC([*])=O)C8=O)cc6C4=O)C5=O)cc3)cc2C1=O,41.0
[*]CCCCCCCCCCN1C(=O)c2ccc(C(=O)Oc3ccc(-c4ccc(OC([*])=O)cc4)cc3)cc2C1=O,61.0
[*]CCCCCCCCCCN1C(=O)c2ccc(C(=O)c3ccc4c(c3)C(=O)N(CCCCCCCCCCC(=O)Nc3ccc(Cc5ccc(NC([*])=O)cc5)cc3)C4=O)cc2C1=O,136.0
[*]CCCCCCCCCCN1C(=O)c2ccc(C(=O)c3ccc4c(c3)C(=O)N(CCCCCCCCCCC(=O)Nc3ccc(NC([*])=O)cc3)C4=O)cc2C1=O,125.0
[*]CCCCCCCCCCN1C(=O)c2ccc(C(=O)c3ccc4c(c3)C(=O)N(CCCCCCCCCCC(=O)Nc3ccc(Oc5ccc(NC([*])=O)cc5)cc3)C4=O)cc2C1=O,132.0
[*]CCCCCCCCCCN1C(=O)c2ccc(C(=O)c3ccc4c(c3)C(=O)N(CCCCCCCCCCC(=O)Nc3ccc(Oc5ccc(Oc6ccc(NC([*])=O)cc6)cc5)cc3)C4=O)cc2C1=O,122.0
[*]CCCCCCCCCCN1C(=O)c2ccc(C(=O)c3ccc4c(c3)C(=O)N(CCCCCCCCCCC(=O)Nc3cccc(Oc5ccc(NC([*])=O)cc5)c3)C4=O)cc2C1=O,126.0
[*]CCCCCCCCCCNC(=O)CCCCCNC([*])=O,25.5
[*]CCCCCCCCCCNC([*])=O,46.0
[*]CCCCCCCCCCOC([*])=O,-46.04999999999998
[*]CCCCCCCCCCSCCCCCCCCCCC(=O)NCCc1ccc(CCNC([*])=O)cc1,58.0
[*]CCCCCCCCCC[N+]([*])(C)C,65.90000000000003
[*]CCCCCCCCCCn1c(=O)c2cc3c(=O)n(CCCCCCCCCCC(=O)Oc4ccc5cc(OC([*])=O)ccc5c4)c(=O)c3cc2c1=O,66.0
[*]CCCCCCCCCn1c(=O)c2cc3c(=O)n([*])c(=O)c3cc2c1=O,110.0
[*]CCCCCCCCN(C)c1ccc(C(=O)c2ccc(N([*])C)cc2)cc1,50.0
[*]CCCCCCCCNC([*])=O,48.0
[*]CCCCCCCC[Si](C)(C)O[Si]([*])(C)C,-87.99999999999997
[*]CCCCCCCNC([*])=O,37.0
[*]CCCCCCN(C(=O)C(F)(F)C(F)(F)C(F)(F)C(=O)N([*])C(C)C)C(C)C,142.5
[*]CCCCCCN(C)C(=O)CCC(=O)N([*])C,7.5
[*]CCCCCCN(C)C(=O)CCCC(=O)N([*])C,3.0
[*]CCCCCCN(C)c1ccc(C(=O)c2ccc(N([*])C)cc2)cc1,75.5
[*]CCCCCCN(C)c1nc(-c2ccccc2)nc(N([*])C)n1,57.0
[*]CCCCCCN(c1ccccc1)c1ncnc(N([*])c2ccccc2)n1,72.0
[*]CCCCCCN1C(=O)C(=O)N([*])C1=O,55.0
[*]CCCCCCN1C(=O)CC(C)(SCCOCCSC2(C)CC(=O)N(CCCCCCN3C(=O)C(C)C(SCCOCCSC4C(=O)N([*])C(=O)C4C)C3=O)C2=O)C1=O,78.0
[*]CCCCCCN1C(=O)c2ccc(C(=O)Oc3ccc(-c4ccc(OC([*])=O)cc4)cc3)cc2C1=O,107.0
[*]CCCCCCN1C(=O)c2ccc(C(=O)Oc3ccc(OC([*])=O)cc3)cc2C1=O,74.315
[*]CCCCCCNC([*])=O,52.0
[*]CCCCCCOC([*])=O,-14.0
[*]CCCCCCSCCCCCCC(=O)NCc1ccc(CNC([*])=O)cc1,65.0
[*]CCCCCC[Si](C)(C)O[Si]([*])(C)C,-89.99999999999997
[*]CCCCCN1C(=O)c2ccc(C(=O)Oc3ccc(-c4ccc(OC([*])=O)cc4)cc3)cc2C1=O,118.0
[*]CCCCCN1C(=O)c2ccc(C(=O)Oc3ccc(C4(c5ccc(OC([*])=O)cc5)CCCCC4)cc3)cc2C1=O,122.0
[*]CCCCCN1C(=O)c2ccc(C(=O)Oc3ccc(OC([*])=O)cc3)cc2C1=O,89.0
[*]CCCCCN1C(=O)c2ccc(C(=O)Oc3ccc4ccc(OC([*])=O)cc4c3)cc2C1=O,113.0
[*]CCCCCN1C(=O)c2ccc(C(=O)c3ccc4c(c3)C(=O)N(CCCCCC(=O)Nc3ccc(Cc5ccc(NC([*])=O)cc5)cc3)C4=O)cc2C1=O,187.0
[*]CCCCCN1C(=O)c2ccc(C(=O)c3ccc4c(c3)C(=O)N(CCCCCC(=O)Nc3ccc(NC([*])=O)cc3)C4=O)cc2C1=O,200.0
[*]CCCCCN1C(=O)c2ccc(C(=O)c3ccc4c(c3)C(=O)N(CCCCCC(=O)Nc3ccc(Oc5ccc(NC([*])=O)cc5)cc3)C4=O)cc2C1=O,195.0
[*]CCCCCN1C(=O)c2ccc(C(=O)c3ccc4c(c3)C(=O)N(CCCCCC(=O)Nc3ccc(Oc5ccc(Oc6ccc(NC([*])=O)cc6)cc5)cc3)C4=O)cc2C1=O,158.0
[*]CCCCCN1C(=O)c2ccc(C(=O)c3ccc4c(c3)C(=O)N(CCCCCC(=O)Nc3cccc(Oc5ccc(NC([*])=O)cc5)c3)C4=O)cc2C1=O,170.0
[*]CCCCCSC([*])=O,19.0
[*]CCCCCSSCCCCC[*],-64.99999999999997
[*]CCCCCSSSCCCCC[*],-69.99999999999997
[*]CCCCCSSSSCCCCC[*],-75.99999999999997
[*]CCCCC[Si]([*])(C)c1ccccc1,-10.399999999999977
[*]CCCCCn1c(=O)c2cc3c(=O)n(CCCCCC(=O)Oc4ccc(OC([*])=O)cc4-c4ccccc4)c(=O)c3cc2c1=O,82.0
[*]CCCCCn1c(=O)c2cc3c(=O)n(CCCCCC(=O)Oc4ccc(OC([*])=O)cc4Cl)c(=O)c3cc2c1=O,87.0
[*]CCCCCn1c(=O)c2cc3c(=O)n(CCCCCC(=O)Oc4ccc(Oc5ccc(OC([*])=O)cc5)cc4)c(=O)c3cc2c1=O,91.0
[*]CCCCCn1c(=O)c2cc3c(=O)n(CCCCCC(=O)Oc4ccc5ccc(OC([*])=O)cc5c4)c(=O)c3cc2c1=O,98.0
[*]CCCCN(C)S(=O)(=O)c1ccc(Oc2ccc(C(C)(C)c3ccc(Oc4ccc(S(=O)(=O)N([*])C)cc4)cc3)cc2)cc1,120.0
[*]CCCCN(c1ccccc1)c1ncnc(N([*])c2ccccc2)n1,91.0
[*]CCCCN1C(=O)C2C3C=CC(C4C(=O)N([*])C(=O)C34)C2C1=O,211.0
[*]CCCCN1C(=O)c2ccc(C(=O)Oc3ccc(-c4ccc(OC([*])=O)cc4)cc3)cc2C1=O,123.0
[*]CCCCN1C(=O)c2ccc(C(=O)Oc3ccc(OC([*])=O)cc3)cc2C1=O,89.315
[*]CCCCNC(=O)CCCCC(=O)NCCCP([*])(C)=O,59.0
[*]CCCCOC([*])=O,-65.99999999999997
[*]CCCCOCCCCC(=O)NCc1ccc(CNC([*])=O)cc1,70.0
[*]CCCCSCCCCC(=O)NCc1ccc(CNC([*])=O)cc1,70.0
[*]CCCCn1c(=O)c2cc3c(=O)n(CCC([*])C)c(=O)c3cc2c1=O,135.0
[*]CCCN(C)c1ccc(C(=O)c2ccc(N([*])C)cc2)cc1,101.0
[*]CCCN([*])C,-37.49999999999997
[*]CCCN([*])C(=O)C(F)(F)C(F)(F)C(F)(F)C(F)(F)C(F)(F)C(F)(F)C(F)(F)F,25.0
[*]CCCN([*])C(=O)CC,8.0
[*]CCCN([*])C(=O)CCCCC,-16.0
[*]CCCN([*])C(=O)c1ccccc1,72.0
[*]CCCN([*])C(C)=O,30.0
[*]CCCN1C(=O)C2C3C=CC(C4C(=O)N([*])C(=O)C34)C2C1=O,210.0
[*]CCCN1C(=O)CC([*])CC1=O,90.0
[*]CCCN1C(=O)c2ccc(-c3ccc4c(c3)C(=O)N(CCC[Si](C)(C)O[Si]([*])(C)C)C4=O)cc2C1=O,75.0
[*]CCCN1C(=O)c2ccc(C(=O)Oc3ccc(-c4ccc(OC(=O)c5ccc6c(c5)C(=O)N(CC([*])C)C6=O)cc4)cc3)cc2C1=O,155.0
[*]CCCN1C(=O)c2ccc(C(=O)Oc3ccc(-c4ccc(OC([*])=O)cc4)cc3)cc2C1=O,132.0
[*]CCCN1C(=O)c2ccc(C(=O)Oc3ccc(OC([*])=O)cc3)cc2C1=O,132.0
[*]CCCN1C(=O)c2ccc(C(=O)Oc3ccc4cc(OC(=O)c5ccc6c(c5)C(=O)N(CC([*])C)C6=O)ccc4c3)cc2C1=O,130.0
[*]CCCN1C(=O)c2ccc(C(=O)c3ccc4c(c3)C(=O)N(CCCC(=O)Nc3ccc(Cc5ccc(NC([*])=O)cc5)cc3)C4=O)cc2C1=O,195.0
[*]CCCN1C(=O)c2ccc(C(=O)c3ccc4c(c3)C(=O)N(CCCC(=O)Nc3ccc(NC([*])=O)cc3)C4=O)cc2C1=O,209.0
[*]CCCN1C(=O)c2ccc(C(=O)c3ccc4c(c3)C(=O)N(CCCC(=O)Nc3ccc(Oc5ccc(NC([*])=O)cc5)cc3)C4=O)cc2C1=O,198.0
[*]CCCN1C(=O)c2ccc(C(=O)c3ccc4c(c3)C(=O)N(CCCC(=O)Nc3ccc(Oc5ccc(Oc6ccc(NC([*])=O)cc6)cc5)cc3)C4=O)cc2C1=O,178.0
[*]CCCN1C(=O)c2ccc(C(=O)c3ccc4c(c3)C(=O)N(CCCC(=O)Nc3cccc(Oc5ccc(NC([*])=O)cc5)c3)C4=O)cc2C1=O,188.0
[*]CCCN1C(=O)c2ccc(C(=O)c3ccc4c(c3)C(=O)N(CCC[Si](C)(C)O[Si]([*])(C)C)C4=O)cc2C1=O,68.0
[*]CCCNC(=O)C(=O)NCC([*])(C)C,109.0
[*]CCCNC(=O)C(=O)NCCC[Si](C)(C)O[Si]([*])(C)C,-46.47999999999999
[*]CCCNC(=O)CCCC(=O)NCC([*])(C)C,82.0
[*]CCCNC(=O)CCCCC(=O)NCC([*])(C)C,77.0
[*]CCCNC(=O)CCCCC(=O)NCCCN([*])C,5.0
[*]CCCNC(=O)CCCCC(=O)NCCCP([*])(C)=O,33.0
[*]CCCNC(=O)CCCCC(=O)NCCCP([*])CC(C)C,71.0
[*]CCCNC(=O)CCCCC(=O)NCCCP([*])CCCCCCCC,12.0
[*]CCCNC(=O)CCCCCC(=O)NCC([*])(C)C,70.5
[*]CCCNC(=O)CCCCCCCC(=O)NCC([*])(C)C,63.0
[*]CCCNC(=O)c1ccc(C(=O)NCC([*])(C)C)cc1,157.0
[*]CCCNC(=O)c1ccc(C(=O)NCC([*])C)cc1,153.0
[*]CCCNC(=O)c1ccc(C(=O)NCCC([*])C(C)C)cc1,150.0
[*]CCCNC(=O)c1ccc(C(=O)NCCC([*])CC)cc1,135.0
[*]CCCNC(=O)c1ccc(C(=O)NCCCC([*])(C)C)cc1,152.0
[*]CCCNC(=O)c1ccc(Oc2ccc(C(=O)NCC([*])(C)C)cc2)cc1,155.0
[*]CCCNC(=O)c1cccc(C(=O)NCC([*])(C)C)c1,153.0
[*]CCCNC([*])=O,62.80000000000001
[*]CCCOC(=O)C(CCCCCCCCOc1ccc(-c2ccc(OCc3ccc(C#N)cc3)cc2)cc1)C(=O)OCCC[Sn]([*])(C)C,22.0
[*]CCCOC(=O)C(CCCCCCOc1ccc(-c2ccc(OCc3ccc([N+](=O)[O-])cc3)cc2)cc1)C(=O)OCCC[Sn]([*])(C)C,40.5
[*]CCCOC([*])=O,1.5
[*]CCCOCOCC[*],-79.99999999999997
[*]CCCO[Si](C)(C)OC([*])C,-80.99999999999997
[*]CCCSSCCC[*],-73.99999999999997
[*]CCCSSCC[*],-71.99999999999997
[*]CCC[Si]([*])(C)C,-54.99999999999997
[*]CCC[Si]([*])(C)CCC[Si](C)(C)C,-45.99999999999997
[*]CCC[Si]([*])(C)C[Si](C)(C)C,-50.99999999999997
[*]CCC[Si]([*])(C)O[Si](C)(C)CCCOc1ccc(-c2ccc(C#N)cc2)cc1,-4.599999999999966
[*]CCC[Si]([*])(C)O[Si](C)(C)CCCOc1ccc(C#N)cc1,-45.49999999999997
[*]CCC[Si]([*])(C)O[Si](C)(C)CCCOc1ccc(C(=O)Oc2ccc(-c3ccc(C#N)cc3)cc2)cc1,10.100000000000023
[*]CCC[Si]([*])(C)O[Si](C)(C)CCCOc1ccc(C(=O)Oc2ccc(C#N)cc2)cc1,-19.099999999999966
[*]CCC[Si]([*])(C)c1ccc(N(C)C)cc1,6.5
[*]CCC[Si]([*])(C)c1cccc(C)c1,-24.99999999999997
[*]CCC[Si]([*])(C)c1ccccc1,-1.5
[*]CCC[Si]([*])(C[Si](C)(C)c1ccccc1)C[Si](C)(C)c1ccccc1,-35.99999999999997
[*]CCC[Si]([*])(c1ccc(C)cc1)c1ccc(C)cc1,38.0
[*]CCC[Si]([*])(c1cccc2ccccc12)C1CCCCC1,47.5
[*]CCC[Si]([*])(c1ccccc1)c1ccc(N(C)C)cc1,52.0
[*]CCCn1c(=O)c2cc3c(=O)n(CCCC([*])(C)C)c(=O)c3cc2c1=O,135.0
[*]CCN(C)C(=O)CCCCCCCCC(=O)N([*])C,0.0
[*]CCN(C)c1ccc(N2C(=O)c3ccc(C(c4ccc5c(c4)C(=O)N(c4ccc(N([*])C)cc4)C5=O)(C(F)(F)F)C(F)(F)F)cc3C2=O)cc1,227.0
[*]CCN([*])C,-30.99999999999997
[*]CCN([*])C(=O)C(C)C,30.0
[*]CCN([*])C(=O)C(OC)(c1ccccc1)C(F)(F)F,89.0
[*]CCN([*])C(=O)C1(c2ccc(Cl)cc2)CCC1,112.0
[*]CCN([*])C(=O)C12CC3CC(CC(C3)C1)C2,123.0
[*]CCN([*])C(=O)C1CC1,77.0
[*]CCN([*])C(=O)CC,60.0
[*]CCN([*])C(=O)CC(C)C,30.0
[*]CCN([*])C(=O)CC12CC3CC(CC(C3)C1)C2,139.0
[*]CCN([*])C(=O)CCC,42.0
[*]CCN([*])C(=O)CCC(=O)OC,31.0
[*]CCN([*])C(=O)CCCC,13.0
[*]CCN([*])C(=O)CCCCC,7.0
[*]CCN([*])C(=O)CCCCCC,10.0
[*]CCN([*])C(=O)CCCCCCC,10.0
[*]CCN([*])C(=O)CCCCCCCCCCC,10.0
[*]CCN([*])C(=O)CCCCCCCCCCCCCCCCC,10.0
[*]CCN([*])C(=O)CSC,39.0
[*]CCN([*])C(=O)Cc1ccc(C(F)(F)F)cc1,75.0
[*]CCN([*])C(=O)c1c(F)c(F)c(F)c(F)c1F,136.0
[*]CCN([*])C(=O)c1c(F)c(F)cc(F)c1F,122.0
[*]CCN([*])C(=O)c1c(F)cc(F)c(F)c1F,122.0
[*]CCN([*])C(=O)c1c(F)cc(F)cc1F,135.0
[*]CCN([*])C(=O)c1c(F)ccc(F)c1F,124.0
[*]CCN([*])C(=O)c1c(F)cccc1F,121.5
[*]CCN([*])C(=O)c1cc(F)c(F)c(F)c1,65.0
[*]CCN([*])C(=O)c1cc(F)c(F)c(F)c1F,97.0
[*]CCN([*])C(=O)c1cc(F)c(F)cc1F,105.0
[*]CCN([*])C(=O)c1cc(F)cc(F)c1,106.0
[*]CCN([*])C(=O)c1cc(F)cc(F)c1F,110.0
[*]CCN([*])C(=O)c1cc(F)ccc1F,112.0
[*]CCN([*])C(=O)c1ccc(F)c(F)c1,101.0
[*]CCN([*])C(=O)c1ccc(F)c(F)c1F,102.0
[*]CCN([*])C(=O)c1ccc(F)cc1,104.0
[*]CCN([*])C(=O)c1ccc(F)cc1F,108.0
[*]CCN([*])C(=O)c1ccc(SC(F)(F)F)cc1,100.0
[*]CCN([*])C(=O)c1ccc2ccccc2c1,130.0
[*]CCN([*])C(=O)c1cccc(F)c1,97.0
[*]CCN([*])C(=O)c1cccc(F)c1F,110.0
[*]CCN([*])C(=O)c1ccccc1,111.0
[*]CCN([*])C(=O)c1ccccc1F,109.0
[*]CCN([*])C(C)=O,80.0
[*]CCN([*])CC,-31.99999999999997
[*]CCN([*])CCOCCOC,16.0
[*]CCN([*])CC[Si](C)(C)C,-64.79999999999998
[*]CCN([*])Cc1ccccc1,-16.0
[*]CCN1C(=O)CC([*])C1=O,131.0
[*]CCN1C(=O)c2ccc(C(=O)c3ccc4c(c3)C(=O)N(CCC(=O)Nc3ccc(Cc5ccc(NC([*])=O)cc5)cc3)C4=O)cc2C1=O,221.0
[*]CCN1C(=O)c2ccc(C(=O)c3ccc4c(c3)C(=O)N(CCC(=O)Nc3ccc(NC([*])=O)cc3)C4=O)cc2C1=O,237.0
[*]CCN1C(=O)c2ccc(C(=O)c3ccc4c(c3)C(=O)N(CCC(=O)Nc3ccc(Oc5ccc(NC([*])=O)cc5)cc3)C4=O)cc2C1=O,232.0
[*]CCN1C(=O)c2ccc(C(=O)c3ccc4c(c3)C(=O)N(CCC(=O)Nc3ccc(Oc5ccc(Oc6ccc(NC([*])=O)cc6)cc5)cc3)C4=O)cc2C1=O,221.0
[*]CCN1C(=O)c2ccc(C(=O)c3ccc4c(c3)C(=O)N(CCC(=O)Nc3cccc(Oc5ccc(NC([*])=O)cc5)c3)C4=O)cc2C1=O,224.0
[*]CCN1C(=O)c2ccc(C(c3ccc4c(c3)C(=O)N(CCN([*])c3ccc(/C=C/C5=CC(=C(C#N)C#N)CC(C)(C)C5)cc3)C4=O)(C(F)(F)F)C(F)(F)F)cc2C1=O,224.0
[*]CCN1C(=O)c2ccc(C(c3ccc4c(c3)C(=O)N(CCN([*])c3ccc(/N=N/c5ccc(C#N)cc5)cc3)C4=O)(C(F)(F)F)C(F)(F)F)cc2C1=O,213.0
[*]CCN1C(=O)c2ccc(C(c3ccc4c(c3)C(=O)N(CCN([*])c3ccc(/N=N/c5ccc(C=O)cc5)cc3)C4=O)(C(F)(F)F)C(F)(F)F)cc2C1=O,170.0
[*]CCN1C(=O)c2ccc(C(c3ccc4c(c3)C(=O)N(CCN([*])c3ccc(/N=N/c5ccc([N+](=O)[O-])cc5C)cc3)C4=O)(C(F)(F)F)C(F)(F)F)cc2C1=O,205.0
[*]CCNC(=O)c1cc(C(=O)NCCC(C)C([*])C)cc(C(C)(C)C)c1,173.0
[*]CCNC(=O)c1ccc(C(=O)NCC(C)(C)CC([*])C)cc1,147.0
[*]CCNC(=O)c1ccc(C(=O)NCC(C)CC([*])CC)cc1,139.0
[*]CCNC(=O)c1cccc(C(=O)NCCC(C)C([*])C)c1,125.0
[*]CCOC(=O)C(CCCCCCOc1ccc(/N=C/c2ccc([N+](=O)[O-])cc2)cc1)C(=O)OC([*])C,3.0
[*]CCOC(=O)CC([*])C,-71.49999999999997
[*]CCOC(=O)CCC#CC#CCCC(=O)OCCN([*])c1ccc(/N=N/c2c(C)cc(/N=N/c3ccc(C#N)cc3)cc2C)cc1,63.0
[*]CCOC(=O)CCCCC(=O)OCCC([*])C,-78.59999999999997
[*]CCOC(=O)NCC1(C)CC(NC(=O)OCCN([*])c2ccc(/N=N/c3ccc(B(c4c(C)cc(C)cc4C)c4c(C)cc(C)cc4C)cc3)cc2)CC(C)(C)C1,146.0
[*]CCOC(=O)NCCCCCCNC(=O)OCCN([*])c1ccc(/N=N/c2ccc([N+](=O)[O-])cc2)c(C)c1,75.0
[*]CCOC(=O)Nc1ccc(C)c(NC(=O)OCCN([*])c2ccc(/C=C/c3cc[n+](CCCC)cc3)cc2)c1,121.0
[*]CCOC(=O)Nc1ccc(C)c(NC(=O)OCCN([*])c2ccc(/N=N/c3ccc(-c4nc5ccc([N+](=O)[O-])cc5n4CC)cc3)cc2)c1,158.0
[*]CCOC(=O)Nc1ccc(C)c(NC(=O)OCCN([*])c2ccc(/N=N/c3ccc(/C=C/c4nc5ccc([N+](=O)[O-])cc5n4CC)cc3)cc2)c1,171.0
[*]CCOC(=O)Nc1ccc(C)c(NC(=O)OCCN([*])c2ccc(/N=N/c3ccc(/N=N/c4cc(OC)c(/N=N/c5ccc([N+](=O)[O-])cc5)cc4OC)c(C)c3)cc2)c1,148.0
[*]CCOC(=O)Nc1ccc(C)c(NC(=O)OCCN([*])c2ccc(/N=N/c3ccc(B(c4c(C)cc(C)cc4C)c4c(C)cc(C)cc4C)cc3)cc2)c1,159.0
[*]CCOC(=O)Nc1ccc(C)c(NC(=O)OCCN([*])c2ccc(/N=N/c3ccc([N+](=O)[O-])cc3C)c(C)c2)c1,135.0
[*]CCOC(=O)Nc1ccc(C)c(NC(=O)OCCN([*])c2ccc(/N=N/c3ccc([N+](=O)[O-])cc3C)cc2)c1,137.0
[*]CCOC(=O)Nc1ccc(C)c(NC(=O)OCCN([*])c2ccc([N+](=O)[O-])cc2C)c1,98.0
[*]CCOC(=O)Nc1ccc(Cc2ccc(NC(=O)OCCN([*])c3ccc(/N=N/c4ccc([N+](=O)[O-])cc4)c(C)c3)cc2)cc1,115.0
[*]CCOC(=O)Nc1ccc(Cc2ccc(NC(=O)OCCN([*])c3ccc(/N=N/c4ccc([N+](=O)[O-])cc4C)c(C)c3)cc2)cc1,130.0
[*]CCOC(=O)Oc1ccc(C(C)(C)c2ccc(OC(=O)OCCN([*])c3ccc(OC)cc3)cc2)cc1,60.0
[*]CCOC(=O)c1cc(OCc2cc(OCc3ccccc3)cc(OCc3ccccc3)c2)cc(C(=O)OCCN([*])c2ccc(/C=C/c3ccc(/C=C/C4=C(C#N)C(=C(C#N)C#N)OC4(c4ccccc4)C(F)(F)F)s3)cc2)c1,130.0
[*]CCOC(=O)c1ccc(-c2ccc(C(=O)OC([*])C)cc2)cc1,92.5
[*]CCOC(=O)c1ccc(C(=O)OCCN([*])c2ccc(/N=N/c3ccc(-c4nc5ccc([N+](=O)[O-])cc5n4CC)cc3)cc2)c(OC)c1,146.0
[*]CCOC(=O)c1ccc(C(=O)OCCN([*])c2ccc(/N=N/c3ccc(-c4nc5ccc([N+](=O)[O-])cc5n4CC)cc3)cc2)cc1,149.0
[*]CCOC(=O)c1ccc(C(=O)OCCN([*])c2ccc(/N=N/c3ccc(/C=C/c4nc5ccc([N+](=O)[O-])cc5n4CC)cc3)cc2)c(OC)c1,173.0
[*]CCOC(=O)c1ccc(C(=O)OCCN([*])c2ccc(C=C(C#N)C#N)cc2)cc1,127.0
[*]CCOC(=O)c1ccc(OC2(F)C(F)(F)C(F)(F)C2(F)Oc2ccc(C(=O)OCCN([*])c3ccc(/C=C/C4=CC(=C(C#N)C#N)CC(C)(C)C4)cc3)cc2)cc1,143.0
[*]CCOC(=O)c1ccc(OCC#CC#CCOc2ccc(C(=O)OCCN([*])c3ccc(/N=N/c4ccc(/N=N/c5cc(C)c(C#N)c(C)c5)cc4)cc3)cc2)cc1,120.0
[*]CCOC(=O)c1ccc(OCC#CC#CCOc2ccc(C(=O)OCCN([*])c3ccc(/N=N/c4ccc(/N=N/c5cc(C)c([N+](=O)[O-])c(C)c5)cc4)cc3)cc2)cc1,115.0
[*]CCOC(=O)c1ccc(OCC#CC#CCOc2ccc(C(=O)OCCN([*])c3ccc(/N=N/c4ccc(C#N)cc4)cc3)cc2)cc1,121.0
[*]CCOC(=O)c1ccc2c(c1)C(=O)N(c1cccc(N3C(=O)c4ccc(C(=O)OCCN([*])c5ccc(/N=N/c6ccc(C)cc6)cc5)cc4C3=O)c1)C2=O,171.0
[*]CCOC(=O)c1cccc(C(=O)OCCN([*])c2ccc(/N=N/c3ccc(-c4nc5ccc([N+](=O)[O-])cc5n4CC)cc3)cc2)c1,147.0
[*]CCOC(=O)c1cccc(OCC#CC#CCOc2cccc(C(=O)OCCN([*])c3ccc(/N=N/c4ccc(C#N)cc4)cc3)c2)c1,50.0
[*]CCOC([*])=O,-23.99999999999997
[*]CCOC([*])C,-49.99999999999997
[*]CCOCCCCSSCC[*],-75.99999999999997
[*]CCOCCOC([*])=O,-34.99999999999997
[*]CCOCOCCCCSSCC[*],-75.99999999999997
[*]CCOCOCC[*],-83.99999999999997
[*]CCO[Si](C)(C)OC([*])C,-87.99999999999997
[*]CCOc1ccc(-c2cc(-c3ccccc3)c3cc(Oc4ccc5nc(-c6ccc(OCCN([*])c7ccc(C(C#N)=C(C#N)C#N)cc7)cc6)cc(-c6ccccc6)c5c4)ccc3n2)cc1,175.0
[*]CCOc1ccc(-c2nc3ccc(Oc4ccc5nc(-c6ccc(OCCN(C)c7ccc(/C=C/C8=CC(=C9C(=O)c%10ccccc%10C9=C(C#N)C#N)C=C(/C=C/c9ccc(N([*])C)cc9)O8)cc7)cc6)c(-c6ccccc6)nc5c4)cc3nc2-c2ccccc2)cc1,260.0
[*]CCOc1ccc(-c2nc3ccc(Oc4ccc5nc(-c6ccc(OCCN([*])c7ccc(/C=C/c8ccc([N+](=O)[O-])cc8)cc7)cc6)c(-c6ccccc6)nc5c4)cc3nc2-c2ccccc2)cc1,201.0
[*]CCOc1ccc(-c2nc3ccc(Oc4ccc5nc(-c6ccc(OCCN([*])c7ccc(/N=N/c8ccc([N+](=O)[O-])cc8)cc7)cc6)c(-c6ccccc6)nc5c4)cc3nc2-c2ccccc2)cc1,199.0
[*]CCOc1ccc(-c2nc3ccc(Oc4ccc5nc(-c6ccc(OCCN([*])c7ccc(/N=N/c8ccc([N+](=O)[O-])cc8C)cc7)cc6)c(-c6ccccc6)nc5c4)cc3nc2-c2ccccc2)cc1,188.0
[*]CCOc1ccc(N2C(=O)c3ccc(C(c4ccc5c(c4)C(=O)N(c4ccc(OCCN([*])c6ccc(C(C#N)=C(C#N)C#N)cc6)cc4)C5=O)(C(F)(F)F)C(F)(F)F)cc3C2=O)cc1,218.0
[*]CCP(=O)(CCC(=O)NCCCCCCNC([*])=O)c1ccccc1,29.0
[*]CCP(=S)(CCC(=O)NCCCCCCNC([*])=O)c1ccccc1,43.0
[*]CCSC(=O)CCC([*])C,-49.99999999999997
[*]CCSC([*])C,-58.99999999999997
[*]CCSCCC(=O)NCCCCCCNC([*])=O,27.0
[*]CCSCCC(=O)OCCOC([*])=O,-42.99999999999997
[*]CCSCCC(=O)OCCOCCOC([*])=O,-32.99999999999997
[*]CCSCCC(=O)OCCOCCOCCOC([*])=O,-34.99999999999997
[*]CCSCCC(=O)OCCOCCOCCOCCOC([*])=O,-37.99999999999997
[*]CCSCCC(=O)OCCOCCOCCOCCOCCOC([*])=O,-38.99999999999997
[*]CCSCCCCCCSCCC(=O)OCCCCOC([*])=O,-72.99999999999997
[*]CCSC[*],-53.49999999999997
[*]CCSCc1ccc(Cc2ccc(CSCCC(=O)OCCSCc3ccc(Cc4ccc(CSCCOC([*])=O)cc4)cc3)cc2)cc1,12.0
[*]CCSSCC[*],-54.99999999999997
[*]CC[Si](C)(C)O[Si]([*])(C)C,-87.99999999999997
[*]CC[Si](C)(C)O[Si]([*])(C)O[Si](C)(C)C,-88.99999999999997
[*]CC[Si]1(O[Si]([*])(C)C)O[Si](C)(C)O[Si](C)(C)O1,-63.99999999999997
[*]CCc1c(Cl)cc([*])cc1Cl,110.0
[*]CCc1cc(C)c([*])cc1C,100.0
[*]CCc1ccc(CC(=O)NCCCCCCNC([*])=O)cc1,87.0
[*]CCc1ccc(CCC(=O)NCCCCCCCCCCCCCCCCCCNC([*])=O)cc1,65.0
[*]CCc1ccc(CCC(=O)NCCCCCCCCCCCCCCNC([*])=O)cc1,85.0
[*]CCc1ccc(CCC(=O)NCCCCCCCCCCCCNC([*])=O)cc1,85.0
[*]CCc1ccc(CCC(=O)NCCCCCCNC([*])=O)cc1,85.0
[*]CCc1ccc(OC(=O)CCC(=O)Oc2ccc(CC(NC([*])=O)C(=O)OCc3ccccc3)cc2)cc1,78.0
[*]CCc1ccc(OC(=O)CCCC(=O)Oc2ccc(CC(NC([*])=O)C(=O)OCc3ccccc3)cc2)cc1,66.0
[*]CCc1ccc(OC(=O)CCCCC(=O)Oc2ccc(CC(NC([*])=O)C(=O)OCc3ccccc3)cc2)cc1,54.5
[*]CCc1ccc(OC(=O)CCCCCCC(=O)Oc2ccc(CC(NC([*])=O)C(=O)OCc3ccccc3)cc2)cc1,47.0
[*]CCc1ccc(OC(=O)CCCCCCCCC(=O)Oc2ccc(CC(NC([*])=O)C(=O)OCc3ccccc3)cc2)cc1,42.0
[*]CCc1ccc(OC(=O)COCC(=O)Oc2ccc(CC(NC([*])=O)C(=O)OCc3ccccc3)cc2)cc1,76.0
[*]CCc1ccc(OC(=O)COCCOCC(=O)Oc2ccc(CC(NC([*])=O)C(=O)OCc3ccccc3)cc2)cc1,55.0
[*]CCc1ccc(OCC(=O)NCCCCCCNC([*])=O)cc1,72.0
[*]CCc1ccc([*])c2ccccc12,160.0
[*]CCc1ccc([*])cc1Br,80.0
[*]CCc1ccc([*])cc1C#N,90.0
[*]CCc1ccc([*])cc1CC,25.0
[*]CCc1ccc([*])cc1CCCC,20.0
[*]CCc1ccc([*])cc1Cl,75.0
[*]CCc1ccc([*])o1,25.5
[*]CCc1ccc([*])s1,26.0
[*]CCc1cccc([*])c1,9.0
[*]CN(CC([*])O)c1ccc(/N=N/c2ccc(Cl)cc2)cc1,160.0
[*]CN(CC([*])O)c1ccccc1,78.5
[*]CN(Cc1cc(C23CC4CC(CC(C4)C2)C3)cc([*])c1O)c1ccccc1,109.40000000000003
[*]CN1C(=O)C2C3C=CC(C2C1=O)C1C(=O)N(C([*])C)C(=O)C31,212.0
[*]CN1C(=O)c2ccc(C(=O)Nc3ccc(C4(c5ccc(NC([*])=O)cc5)c5ccccc5-c5ccccc54)cc3)cc2C1=O,345.0
[*]CN1C(=O)c2ccc(C(=O)Nc3ccc(Cc4ccc(NC([*])=O)cc4)cc3)cc2C1=O,266.0
[*]CN1C(=O)c2ccc(C(=O)Nc3ccc(NC([*])=O)cc3)cc2C1=O,292.0
[*]CN1C(=O)c2ccc(C(=O)Nc3ccc(Oc4c(F)c(F)c(Oc5ccc(NC([*])=O)cc5)c(F)c4F)cc3)cc2C1=O,254.0
[*]CN1C(=O)c2ccc(C(=O)Nc3ccc(Oc4ccc(NC([*])=O)cc4)cc3)cc2C1=O,262.0
[*]CN1C(=O)c2ccc(C(=O)Nc3ccc(Oc4ccc(Oc5ccc(NC([*])=O)cc5)cc4)cc3)cc2C1=O,242.0
[*]CN1C(=O)c2ccc(C(=O)Nc3ccc(Oc4cccc(Oc5ccc(NC([*])=O)cc5)c4)cc3)cc2C1=O,220.0
[*]CN1C(=O)c2ccc(C(=O)Nc3ccc(S(=O)(=O)c4ccc(NC([*])=O)cc4)cc3)cc2C1=O,232.0
[*]CN1C(=O)c2ccc(C(=O)c3ccc4c(c3)C(=O)N(CC(=O)Nc3ccc(Cc5ccc(NC([*])=O)cc5)cc3)C4=O)cc2C1=O,233.0
[*]CN1C(=O)c2ccc(C(=O)c3ccc4c(c3)C(=O)N(CC(=O)Nc3ccc(NC([*])=O)cc3)C4=O)cc2C1=O,250.0
[*]CN1C(=O)c2ccc(C(=O)c3ccc4c(c3)C(=O)N(CC(=O)Nc3ccc(Oc5ccc(NC([*])=O)cc5)cc3)C4=O)cc2C1=O,235.0
[*]CN1C(=O)c2ccc(C(=O)c3ccc4c(c3)C(=O)N(CC(=O)Nc3ccc(Oc5ccc(Oc6ccc(NC([*])=O)cc6)cc5)cc3)C4=O)cc2C1=O,230.0
[*]CN1C(=O)c2ccc(C(=O)c3ccc4c(c3)C(=O)N(CC(=O)Nc3cccc(Oc5ccc(NC([*])=O)cc5)c3)C4=O)cc2C1=O,226.0
[*]CN1C(=O)c2ccc(C(c3ccc4c(c3)C(=O)N(CC(=O)Nc3ccc(-c5nnc(-c6ccc(NC([*])=O)cc6)o5)cc3)C4=O)(C(F)(F)F)C(F)(F)F)cc2C1=O,280.0
[*]CN1C(=O)c2ccc(C(c3ccc4c(c3)C(=O)N(CC(=O)Nc3ccc(Oc5ccc(-c6ccc(Oc7ccc(NC([*])=O)cc7)cc6)cc5)cc3)C4=O)(C(F)(F)F)C(F)(F)F)cc2C1=O,245.0
[*]CN1C(=O)c2ccc(C(c3ccc4c(c3)C(=O)N(CC(=O)Nc3ccc(Oc5ccc(-c6nnc(-c7ccc(Oc8ccc(NC([*])=O)cc8)cc7)o6)cc5)cc3)C4=O)(C(F)(F)F)C(F)(F)F)cc2C1=O,263.0
[*]CN1C(=O)c2ccc(C(c3ccc4c(c3)C(=O)N(CC(=O)Nc3ccc(Oc5ccc(Oc6ccc(NC([*])=O)cc6)cc5)cc3)C4=O)(C(F)(F)F)C(F)(F)F)cc2C1=O,242.0
[*]CN1C(=O)c2ccc(C(c3ccc4c(c3)C(=O)N(CC(=O)Nc3ccc(Oc5ccc(S(=O)(=O)c6ccc(Oc7ccc(NC([*])=O)cc7)cc6)cc5)cc3)C4=O)(C(F)(F)F)C(F)(F)F)cc2C1=O,241.0
[*]CN1C(=O)c2ccc(C(c3ccc4c(c3)C(=O)N(CC(=O)Nc3ccc(Oc5ccc6nc(-c7ccccc7)c(-c7ccc(-c8nc9cc(Oc%10ccc(NC([*])=O)cc%10)ccc9nc8-c8ccccc8)cc7)nc6c5)cc3)C4=O)(C(F)(F)F)C(F)(F)F)cc2C1=O,280.0
[*]CN1C(=O)c2ccc(C(c3ccc4c(c3)C(=O)N(CC(=O)Nc3ccc(Oc5ccc6nc(-c7ccccc7)c(-c7ccc(N8C(=O)c9ccc%10c%11c(ccc(c9%11)C8=O)C(=O)N(c8ccc(-c9nc%11cc(Oc%12ccc(NC([*])=O)cc%12)ccc%11nc9-c9ccccc9)cc8)C%10=O)cc7)nc6c5)cc3)C4=O)(C(F)(F)F)C(F)(F)F)cc2C1=O,306.0
[*]CN1C(=O)c2ccc(C(c3ccc4c(c3)C(=O)N(CC(=O)Nc3ccc(Oc5ccc6nc(-c7ccccc7)c(-c7ccc(Oc8ccc(-c9nc%10cc(Oc%11ccc(NC([*])=O)cc%11)ccc%10nc9-c9ccccc9)cc8)cc7)nc6c5)cc3)C4=O)(C(F)(F)F)C(F)(F)F)cc2C1=O,260.0
[*]CN1C(=O)c2ccc(C(c3ccc4c(c3)C(=O)N(CC(=O)Nc3ccc(Oc5cccc(Oc6ccc(NC([*])=O)cc6)c5)cc3)C4=O)(C(F)(F)F)C(F)(F)F)cc2C1=O,221.0
[*]CN1C(=O)c2ccc(C(c3ccc4c(c3)C(=O)N(Cc3nc5ccc(Cc6ccc7nc([*])oc(=O)c7c6)cc5c(=O)o3)C4=O)(C(F)(F)F)C(F)(F)F)cc2C1=O,218.0
[*]CNC(=O)C(Cc1ccccc1)NC(=O)CCCCCCCCC(=O)NC(Cc1ccccc1)C(=O)NCC(=O)NCCCOCCOCCOCCCNC([*])=O,36.0
[*]CNC(=O)C([*])C,96.0
[*]CNC(=O)CC(C)CCCCCC(=O)NCc1c(C)c(C)c([*])c(C)c1C,211.0
[*]CNC(=O)CCCC(=O)NCc1c(C)c(C)c([*])c(C)c1C,192.0
[*]CNC(=O)CCCCC(=O)NCCC(C)(C)CC([*])C,65.0
[*]CNC(=O)CCCCC(=O)NCc1cc(C)c([*])cc1C,70.0
[*]CNC(=O)CCCCC(=O)NCc1cc([*])cc(C(C)(C)C)c1,109.0
[*]CNC(=O)CCOCCC(=O)NCc1c(C)c(C)c([*])c(C)c1C,191.0
[*]CNC(=O)CCOCCC(=O)NCc1cc(C)c([*])cc1C,80.0
[*]CNC(=O)OCC([*])C,40.0
[*]CNC(=O)c1ccc(C(=O)NCCC(C)(C)CC([*])C)cc1,148.0
[*]CNC(=O)c1ccc(C(=O)NCc2cc(C)c([*])cc2C)cc1,225.0
[*]CNC(=O)c1cccc(C(=O)NCC2CC([*])CC(C(C)(C)C)C2)c1,209.0
[*]CNC(=O)c1cccc(C(=O)NCc2cc([*])cc(C(C)(C)C)c2)c1,188.0
[*]CNCCCCCCCCNCC(=O)c1ccc(Sc2ccc(C([*])=O)cc2)cc1,231.0
[*]CNc1ccc(Oc2ccc(NCC(=O)c3ccc(Sc4ccc(C([*])=O)cc4)cc3)cc2)cc1,208.0
[*]CNc1ccc(S(=O)(=O)c2ccc(NCC(=O)c3ccc(Oc4ccc(C([*])=O)cc4)cc3)cc2)cc1,247.0
[*]COC(=O)/C=C/C(=O)OC([*])C,-14.0
[*]COC(=O)C([*])(C)C,-12.0
[*]COC(=O)C([*])(C)CC,-9.0
[*]COC(=O)C([*])(C)CCC,1.900000000000034
[*]COC(=O)C([*])(CC)CC,60.0
[*]COC(=O)C([*])C,-24.99999999999997
[*]COC(=O)C1(C)CNC(C)(C(=O)OCC(C)(C)CSCC([*])(C)C)CN1,40.0
[*]COC(=O)C12CC3CC(C1)CC(C(=O)OC([*])COc1ccc(/N=N/c4ccc(C#N)cc4)cc1)(C3)C2,105.0
[*]COC(=O)C1CCC(C(=O)OC([*])COc2ccc(/N=N/c3ccc(C#N)cc3)cc2)CC1,106.0
[*]COC(=O)C1CCC(C(=O)OCC([*])(C)C)CC1,30.0
[*]COC(=O)CCC(=O)OCC(=O)NCCCCCCNC([*])=O,30.0
[*]COC(=O)CCC(=O)OCC([*])(C)C,-17.99999999999997
[*]COC(=O)CCCCC(=O)OCC(=O)NCCCCCCNC([*])=O,19.0
[*]COC(=O)CCCCC(=O)OCC([*])(C)C,-31.549999999999983
[*]COC(=O)CCCCC(=O)OCC([*])CCCCCCOc1ccc(/N=N/c2ccc(C)cc2)cc1,29.0
[*]COC(=O)CCCCC(=O)OCC([*])CCCCCCOc1ccc(/N=N/c2ccc(OC)cc2)cc1,22.0
[*]COC(=O)CCCCC(=O)OCCC(C)(C)CC([*])C,-69.99999999999997
[*]COC(=O)CCCCCCC(=O)OCC(=O)NCCCCCCNC([*])=O,8.0
[*]COC(=O)CCCCCCCC1OCC([*])(C)CO1,-25.99999999999997
[*]COC(=O)CCCCCCCCC(=O)OCC(=O)NCCCCCCNC([*])=O,2.0
[*]COC(=O)CCCCCCCCC(=O)OCC([*])(C)CC,-68.99999999999997
[*]COC(=O)CCCCCCCCC(=O)Oc1ccc(S(=O)(=O)c2ccc(Oc3ccc(/C=C4\CC/C(=C\c5ccc(Oc6ccc(S(=O)(=O)c7ccc(OC(=O)CCCCCCCCC(=O)OC[Si](C)(C)O[Si]([*])(C)C)cc7)cc6)cc5)C4=O)cc3)cc2)cc1,73.0
[*]COC(=O)CCCCCCCCC(=O)Oc1ccc(S(=O)(=O)c2ccc(Oc3ccc(/C=C4\CCC/C(=C\c5ccc(Oc6ccc(S(=O)(=O)c7ccc(OC(=O)CCCCCCCCC(=O)OC[Si](C)(C)O[Si]([*])(C)C)cc7)cc6)cc5)C4=O)cc3)cc2)cc1,80.0
[*]COC(=O)CCCCCCCCC(=O)Oc1ccc(S(=O)(=O)c2ccc(Oc3ccc(/C=C4\CCCC/C(=C\c5ccc(Oc6ccc(S(=O)(=O)c7ccc(OC(=O)CCCCCCCCC(=O)OC[Si](C)(C)O[Si]([*])(C)C)cc7)cc6)cc5)C4=O)cc3)cc2)cc1,81.0
[*]COC(=O)CCCCCCCCCCC(=O)OCC(=O)NCCCCCCNC([*])=O,0.9000000000000341
[*]COC(=O)CCCCCCCCCCCCC(=O)OCC([*])CCCCCCOc1ccc(/N=N/c2ccc(C#N)cc2)cc1,21.5
[*]COC(=O)CNC([*])=O,67.0
[*]COC(=O)Cc1ccc(C(=O)OCC([*])(C)C)cc1,33.0
[*]COC(=O)N1CCN(C(=O)OCC([*])(C)C)CC1,70.0
[*]COC(=O)NC(=O)c1cc(C(=O)NC(=O)OCC([*])(C)C)cc(C(C)(C)C)c1,144.0
[*]COC(=O)NC(=O)c1ccc(C(=O)NC(=O)OCC([*])(C)C)cc1,102.0
[*]COC(=O)NC(=O)c1ccc(C(=O)NC(=O)OCC([*])CCCCCCCCCCCC)cc1,75.0
[*]COC(=O)NC(=O)c1cccc(C(=O)NC(=O)OCC([*])(C)C)c1,66.0
[*]COC(=O)NC(=O)c1cccc(C(=O)NC(=O)OCC([*])CCCC)c1,64.0
[*]COC(=O)NC(=O)c1cccc(C(=O)NC(=O)OCC([*])CCCCCCCC)c1,65.0
[*]COC(=O)NC(=O)c1cccc(C(=O)NC(=O)OCC([*])CCCCCCCCCCCC)c1,112.0
[*]COC(=O)NCCCCCCNC(=O)OCC(C)(C)CS(=O)(=O)CC([*])(C)C,30.0
[*]COC(=O)NCCCCCCNC(=O)OCC(CC)n1c(=O)c2cc3c(=O)n(C([*])CC)c(=O)c3cc2c1=O,61.0
[*]COC(=O)NCCCCCCNC(=O)OCC([*])(C)C(=O)O,-25.99999999999997
[*]COC(=O)Nc1ccc(C)c(NC(=O)OCC([*])(CC)CC)c1,-59.99999999999997
[*]COC(=O)Nc1ccc(Cc2ccc(NC(=O)OCC(C)(C)CS(=O)(=O)CC([*])(C)C)cc2)cc1,90.0
[*]COC(=O)Nc1ccc(Cc2ccc(NC(=O)OCC([*])(C)C)cc2)cc1,94.0
[*]COC(=O)Nc1ccc(Cc2ccc(NC(=O)OCc3cc([*])cc(C(C)(C)C)c3)cc2)cc1,114.0
[*]COC(=O)OC([*])COC(C)(C)C,18.0
[*]COC(=O)OC([*])COCCCC,-21.99999999999997
[*]COC(=O)OC([*])COCCOC,-49.99999999999997
[*]COC(=O)OC1C([*])OC2OC(C)(C)OC21,128.0
[*]COC(=O)OC1COC2C(OC(=O)OCC(OC)C([*])OC)COC12,61.0
[*]COC(=O)OC1COC2C(OC(=O)OCC3OC(C)(C)OC3[*])COC12,95.5
[*]COC(=O)OCC(C)(C)CS(=O)(=O)CC([*])(C)C,50.0
[*]COC(=O)OCC(OC(=O)C(=O)OCC)C([*])OC(=O)C(=O)OCC,53.80000000000001
[*]COC(=O)OCC(OC(=O)C(CC(C)C)NC(=O)OCc1ccccc1)C([*])OC(=O)C(CC(C)C)NC(=O)OCc1ccccc1,50.900000000000034
[*]COC(=O)OCC(OC(=O)C(Cc1ccccc1)NC(=O)OC(C)(C)C)C([*])OC(=O)C(Cc1ccccc1)NC(=O)OC(C)(C)C,82.40000000000003
[*]COC(=O)OCC(OC(=O)OCC)C([*])OC(=O)OCC,49.80000000000001
[*]COC(=O)OCC(OC(=O)Oc1ccc(C(=O)OC)cc1)C([*])OC(=O)Oc1ccc(C(=O)OC)cc1,90.90000000000003
[*]COC(=O)OCC(OC(C)=O)C([*])OC(C)=O,58.60000000000002
[*]COC(=O)OCC(OC=O)C([*])OC=O,54.30000000000001
[*]COC(=O)OCC([*])(C)C,25.0
[*]COC(=O)OCC([*])(C)C(=O)OCc1ccccc1,-2.0
[*]COC(=O)OCC1OC(C)(C)OC1[*],51.30000000000001
[*]COC(=O)OCC1OC(OCC)(OCC)OC1[*],10.800000000000011
[*]COC(=O)OCC1OC(OCC)OC1[*],23.5
[*]COC(=O)c1c(F)c(F)c(-c2c(F)c(F)c(C(=O)OC([*])COc3ccc(/N=N/c4ccc(C#N)cc4)cc3)c(F)c2F)c(F)c1F,112.0
[*]COC(=O)c1ccc(-c2ccc(-c3ccc(C(=O)OCC([*])(C)C)cc3)cc2)cc1,100.0
[*]COC(=O)c1ccc(-c2ccc(-c3ccc(C(=O)OCC([*])(CC)CC)cc3)cc2)cc1,-19.99999999999997
[*]COC(=O)c1ccc(-c2ccc(C(=O)OC([*])COc3ccc(/N=N/c4ccc(C#N)cc4)cc3)cc2)cc1,141.0
[*]COC(=O)c1ccc(-c2ccc(C(=O)OCC([*])(C)C)cc2)cc1,101.0
[*]COC(=O)c1ccc(-c2ccc(C(=O)OCC([*])(C)CC)cc2)cc1,99.0
[*]COC(=O)c1ccc(-c2ccc(C(=O)OCC([*])(C)CCC)cc2)cc1,95.0
[*]COC(=O)c1ccc(-c2ccc(OCCC(C)Oc3ccc(-c4ccc(C(=O)OCC([*])C)cc4)cc3)cc2)cc1,84.0
[*]COC(=O)c1ccc(/C=C/c2ccc(C(=O)OCC([*])(C)C)cc2)cc1,80.0
[*]COC(=O)c1ccc(C(=O)OC(C)COC([*])C)cc1,37.0
[*]COC(=O)c1ccc(C(=O)OC([*])C)cc1,98.0
[*]COC(=O)c1ccc(C(=O)OC([*])COc2ccc(/N=N/c3ccc(C#N)cc3)cc2)c2ccccc12,117.0
[*]COC(=O)c1ccc(C(=O)OC([*])COc2ccc(/N=N/c3ccc(C#N)cc3)cc2)cc1,122.0
[*]COC(=O)c1ccc(C(=O)OC([*])COc2ccc(/N=N/c3ccc(C#N)cc3)cc2)s1,119.0
[*]COC(=O)c1ccc(C(=O)OCC(C(C)C)C([*])C(C)C)cc1,65.0
[*]COC(=O)c1ccc(C(=O)OCC(C)(C)CS(=O)(=O)CC([*])(C)C)cc1,105.0
[*]COC(=O)c1ccc(C(=O)OCC(C)C([*])C)cc1,37.5
[*]COC(=O)c1ccc(C(=O)OCC(CC)C([*])CC)cc1,32.0
[*]COC(=O)c1ccc(C(=O)OCC(CCC)C([*])CCC)cc1,30.0
[*]COC(=O)c1ccc(C(=O)OCC(CCCC)C([*])CCCC)cc1,16.0
[*]COC(=O)c1ccc(C(=O)OCC(CCCCCC)C([*])CCCCCC)cc1,-15.5
[*]COC(=O)c1ccc(C(=O)OCC(CCCCCCCCCC)C([*])CCCCCCCCCC)cc1,-37.99999999999997
[*]COC(=O)c1ccc(C(=O)OCC(CCCCCCCCCCCCCCCC)C([*])CCCCCCCCCCCCCCCC)cc1,-25.99999999999997
[*]COC(=O)c1ccc(C(=O)OCC([*])(C)C)cc1,68.0
[*]COC(=O)c1ccc(C(=O)OCC([*])(C)CC)cc1,63.0
[*]COC(=O)c1ccc(C(=O)OCC([*])C)cc1,55.0
[*]COC(=O)c1ccc(C(=O)OCC2CC([*])CC(C(C)(C)C)C2)cc1,118.0
[*]COC(=O)c1ccc(C(=O)OCCC(C)(C)CC([*])C)cc1,-9.0
[*]COC(=O)c1ccc(N2C(=O)CC(SCCCCCSC3CC(=O)N(c4ccc(C(=O)NC([*])CC)cc4)C3=O)C2=O)cc1,91.0
[*]COC(=O)c1ccc(OC(=O)c2ccc(C(=O)Oc3ccc(C(=O)OC(C)COC(C)COC([*])C)cc3)cc2)cc1,36.0
[*]COC(=O)c1ccc(Oc2ccc(C(=O)OCC([*])(C)C)cc2)cc1,73.0
[*]COC(=O)c1ccc2cc(C(=O)OC([*])COc3ccc(/N=N/c4ccc(C#N)cc4)cc3)ccc2c1,138.0
[*]COC(=O)c1cccc(-c2ccc(C(=O)OC([*])COc3ccc(/N=N/c4ccc(C#N)cc4)cc3)cc2)c1,135.0
[*]COC(=O)c1cccc(C(=O)OC([*])C)c1,77.0
[*]COC(=O)c1cccc(C(=O)OC([*])COc2ccc(/N=N/c3ccc(C#N)cc3)cc2)c1,119.0
[*]COC(=O)c1cccc(C(=O)OCC(C)(C)C[Si](C)(C)O[Si](C)(C)CC([*])(C)C)c1,-51.99999999999997
[*]COC(=O)c1ccccc1-c1ccccc1C(=O)OC([*])COc1ccc(/N=N/c2ccc(C#N)cc2)cc1,120.0
[*]COC(=O)c1ccccc1C(=O)OC([*])C,95.0
[*]COC(=O)c1ccccc1C(=O)OC([*])COc1ccc(/N=N/c2ccc(C#N)cc2)cc1,105.0
[*]COC(=O)c1cccnc1C(=O)OC([*])COc1ccc(/N=N/c2ccc(C#N)cc2)cc1,130.0
[*]COC1OC([*])C(O)C(O)C1O,200.0
[*]COCC(=C)COC(=O)OCC([*])=C,70.5
[*]COCC(=O)NCCCCCCNC([*])=O,10.0
[*]COCC(=O)OCCCCOC([*])=O,-22.99999999999997
[*]COCC(C)OC(=O)c1ccccc1C(=O)OC([*])C,25.0
[*]COCC([*])(C)C,-49.99999999999997
[*]COCC([*])(C)CC,-46.99999999999997
[*]COCC([*])(C)CO,62.0
[*]COCC([*])(C)COCC(F)(F)C(F)(F)C(F)(F)C(F)(F)C(F)(F)C(F)(F)C(F)(F)F,-48.99999999999997
[*]COCC([*])(C)COCC(F)(F)C(F)(F)C(F)(F)F,-44.99999999999997
[*]COCC([*])(C)COCC(F)(F)F,-40.99999999999997
[*]COCC([*])(C)COCCC#N,-51.99999999999997
[*]COCC([*])(C)COCCCCCCCCCCOc1ccc(-c2ccc(C#N)cc2)cc1,7.0
[*]COCC([*])(C)COCCOCCOCCOC,-17.99999999999997
[*]COCC([*])(CC)CC,-29.99999999999997
[*]COCC([*])(CC)CCl,20.0
[*]COCC([*])(CC)CO,331.9
[*]COCC([*])(CC)COC(=O)C(=C)C,40.0
[*]COCC([*])(CO)CO,99.0
[*]COCC([*])(CS(=O)(=O)C(C)C)CS(=O)(=O)C(C)C,91.0
[*]COCC([*])(CS(=O)(=O)CC)CS(=O)(=O)CC,84.0
[*]COCC([*])(CS(=O)(=O)CCC)CS(=O)(=O)CCC,71.0
[*]COCC([*])(CS(=O)(=O)CCCC)CS(=O)(=O)CCCC,66.0
[*]COCC([*])(CS(=O)(=O)CCCCC)CS(=O)(=O)CCCCC,56.0
[*]COCC([*])(CS(C)(=O)=O)CS(C)(=O)=O,126.0
[*]COCC([*])(CSC(C)C)CSC(C)C,-9.0
[*]COCC([*])(CSC)CSC,-6.0
[*]COCC([*])(CSCC)CSCC,-31.99999999999997
[*]COCC([*])(CSCCCCC)CSCCCCC,-32.99999999999997
[*]COCC([*])(C[N-][N+]#N)C[N-][N+]#N,-29.99999999999997
[*]COCC([*])C,-54.99999999999997
[*]COCC([*])C(C)(C)C,-4.0
[*]COCC([*])O,17.0
[*]COCCCCCCCOc1ccc(-c2ccc(C(=O)Oc3ccc(OC([*])C)c([N+](=O)[O-])c3)cc2)cc1,50.0
[*]COCCOC([*])=O,-12.599999999999966
[*]COCCOC([*])CCl,-39.99999999999997
[*]COCCSSC[*],-52.99999999999997
[*]COCCSSSSC[*],-39.99999999999997
[*]COCOCCSSC[*],-57.49999999999997
[*]COCOC[*],-63.99999999999997
[*]COCc1ccc([*])cc1,217.0
[*]COOC([*])c1ccc(Br)cc1,9.600000000000023
[*]COOC([*])c1ccc(C(C)(C)C)cc1,19.900000000000034
[*]COOC([*])c1ccc(C)cc1,4.600000000000023
[*]COc1c(Cl)cc(C(C)(C)c2cc(Cl)c(OCC([*])OC(C)=O)c(Cl)c2)cc1Cl,100.0
[*]COc1ccc(C(C)(C)c2ccc(OCC([*])OC(=O)CC)cc2)cc1,60.0
[*]COc1ccc(C(C)(C)c2ccc(OCC([*])OC(C)=O)cc2)cc1,60.0
[*]COc1ccc(C(C)(c2ccccc2)c2ccc(OCC([*])OC(C)=O)cc2)cc1,110.0
[*]COc1ccc(C(c2ccc(OCC([*])(CO)CCl)cc2)(C(F)(F)F)C(F)(F)F)cc1,107.0
[*]COc1ccc(CC(=O)NCCCCCCNC([*])=O)cc1,69.5
[*]COc1ccc(Cc2ccc(OCC([*])O)cc2)cc1,143.20000000000005
[*]COc1ccc(N2C(=O)c3ccc(C(=O)c4ccc5c(c4)C(=O)N(c4ccc(OCC([*])(C)C)cc4)C5=O)cc3C2=O)cc1,234.0
[*]COc1ccc(N2C(=O)c3ccc(C(c4ccc5c(c4)C(=O)N(c4ccc(OC([*])C)cc4)C5=O)(C(F)(F)F)C(F)(F)F)cc3C2=O)cc1,234.0
[*]COc1ccc(N2C(=O)c3ccc(C(c4ccc5c(c4)C(=O)N(c4ccc(OC([*])CCC)cc4)C5=O)(C(F)(F)F)C(F)(F)F)cc3C2=O)cc1,204.0
[*]COc1ccc(N2C(=O)c3ccc(C(c4ccc5c(c4)C(=O)N(c4ccc(OC([*])CCCCCC)cc4)C5=O)(C(F)(F)F)C(F)(F)F)cc3C2=O)cc1,182.0
[*]COc1ccc(OCC(=O)NCCCCCCNC([*])=O)cc1,67.0
[*]COc1ccc(OCC(=O)OC([*])=O)cc1,70.0
[*]COc1ccc(OCC([*])O)cc1,60.0
[*]COc1ccc(OCC([*])OC(C)=O)cc1,49.0
[*]COc1ccc(OCCCCCCCCCCCCOc2ccc(OCc3ccc([*])cc3)cc2)cc1,24.0
[*]COc1ccc(S(=O)(=O)c2ccc(OCC([*])OC(C)=O)cc2)cc1,130.0
[*]COc1ccc2ccccc2c1Sc1c(OCC(=O)Nc2ccc(Cc3ccc(NC([*])=O)cc3)cc2)ccc2ccccc12,241.0
[*]COc1ccc2ccccc2c1Sc1c(OCC(=O)Nc2ccc(NC([*])=O)cc2)ccc2ccccc12,268.0
[*]COc1ccc2ccccc2c1Sc1c(OCC(=O)Nc2ccc(Oc3ccc(NC([*])=O)cc3)cc2)ccc2ccccc12,245.0
[*]COc1ccc2ccccc2c1Sc1c(OCC(=O)Nc2cccc(NC([*])=O)c2)ccc2ccccc12,254.0
[*]COc1ccc2ccccc2c1Sc1c(OCC(=O)Nc2cccc3c(NC([*])=O)cccc23)ccc2ccccc12,264.0
[*]COc1cccc(OCC([*])O)c1,65.0
[*]CS(=O)(=O)CC([*])(C)C,108.5
[*]CSCC(=O)NCCCCCCNC([*])=O,-7.0
[*]CSCC([*])(C)C,-49.29999999999998
[*]CSCC([*])(C)CC,-49.99999999999997
[*]CSCC([*])(CC)CC,-36.24999999999997
[*]CSCc1ccc(Cc2ccc(CSCC(=O)OCCSCc3ccc(Cc4ccc(CSCCOC([*])=O)cc4)cc3)cc2)cc1,14.0
[*]CSSC([*])c1ccccc1,4.800000000000011
[*]CSSC[*],-26.99999999999997
[*]CSSCc1ccc([*])cc1,23.0
[*]CSSCc1ccccc1[*],39.0
[*]CSSSCc1ccc([*])cc1,8.0
[*]CSSSSC[*],-23.99999999999997
[*]CSSSSCc1ccc([*])cc1,3.0
[*]CSc1nnc(SCC(=O)N/N=C/c2ccc(OCCCCCCCCCCOc3ccc(/C=N/NC([*])=O)cc3)cc2)s1,117.0
[*]C[Si](C)(C)[Si](C)(C)[Si](C)(C)[Si]([*])(C)C,-67.99999999999997
[*]C[Si]([*])(C)C,-89.99999999999997
[*]C[Si]([*])(C)CCCCCC,-77.59999999999997
[*]C[Si]([*])(C)CCCN(CC)CC,-31.74999999999997
[*]C[Si]([*])(C)CCCOCCOCCOC,-73.29999999999998
[*]C[Si]([*])(C)CCCn1c2ccccc2c2ccccc21,71.20000000000005
[*]C[Si]([*])(C)c1ccccc1,28.0
[*]C[Si]([*])(CCC)CCC,-40.99999999999997
[*]C[Si]([*])(CCCC)CCCC,-29.99999999999997
[*]C[Si]([*])(CCCCC)CCCCC,-54.99999999999997
[*]C[Si]([*])(CCCCCC)CCCCCC,-55.99999999999997
[*]C[n+]1ccc(-c2cc[n+](Cc3ccc([*])cc3)cc2)cc1,95.0
[*]C[n+]1ccc(-c2cc[n+](Cc3cccc([*])c3)cc2)cc1,128.0
[*]C[n+]1ccc(-c2cc[n+](Cc3ccccc3[*])cc2)cc1,70.5
[*]Cc1cc(C(C)(C)C)cc([*])c1O,50.0
[*]Cc1cc(C(C)C)c(N2C(=O)c3ccc(C(=O)c4ccc5c(c4)C(=O)N(c4c(C(C)C)cc([*])cc4C(C)C)C5=O)cc3C2=O)c(C(C)C)c1,263.0
[*]Cc1cc(C(C)C)c(N2C(=O)c3ccc(C(c4ccc5c(c4)C(=O)N(c4c(C(C)C)cc([*])cc4C(C)C)C5=O)(C(F)(F)F)C(F)(F)F)cc3C2=O)c(C(C)C)c1,278.5
[*]Cc1cc(C)c(N2C(=O)c3ccc(C(=O)Nc4cc(NC(=O)c5ccc6c(c5)C(=O)N(c5c(C)cc([*])cc5C)C6=O)ccc4/N=N/c4ccc([N+](=O)[O-])cc4)cc3C2=O)c(C)c1,264.0
[*]Cc1cc(C)c(N2C(=O)c3ccc(C(=O)OCCN(CCOC(=O)c4ccc5c(c4)C(=O)N(c4c(C)cc([*])cc4C)C5=O)c4ccc(/N=N/c5ccc([N+](=O)[O-])cc5)cc4)cc3C2=O)c(C)c1,179.0
[*]Cc1cc(C)c(N2C(=O)c3ccc(C(=O)OCCN(CCOC(=O)c4ccc5c(c4)C(=O)N(c4c(C)cc([*])cc4C)C5=O)c4ccc(/N=N/c5ccc([N+](=O)[O-])cc5C#N)cc4)cc3C2=O)c(C)c1,216.0
[*]Cc1cc(C)c(N2C(=O)c3ccc(C(=O)OCCN(CCOC(=O)c4ccc5c(c4)C(=O)N(c4c(C)cc([*])cc4C)C5=O)c4ccc(/N=N/c5ccc([N+](=O)[O-])cc5[N+](=O)[O-])cc4)cc3C2=O)c(C)c1,176.0
[*]Cc1cc(C)c(N2C(=O)c3ccc(C(=O)OCCN(CCOC(=O)c4ccc5c(c4)C(=O)N(c4c(C)cc([*])cc4C)C5=O)c4ccccc4)cc3C2=O)c(C)c1,177.0
[*]Cc1cc(C)c(N2C(=O)c3ccc(C(c4ccc5c(c4)C(=O)N(c4c(C)cc([*])cc4C)C5=O)(C(F)(F)F)C(F)(F)F)cc3C2=O)c(C)c1,307.5
[*]Cc1cc(C)c(N2C(=O)c3ccc(Oc4cc5ccccc5cc4Oc4ccc5c(c4)C(=O)N(c4c(C)cc([*])cc4C)C5=O)cc3C2=O)c(C)c1,265.0
[*]Cc1cc(C)c(N2C(=O)c3ccc(Oc4ccc(C(C)(C)c5ccc(Oc6ccc7c(c6)C(=O)N(c6c(C)cc([*])cc6C)C7=O)cc5)cc4)cc3C2=O)c(C)c1,247.0
[*]Cc1cc(C)c(N2C(=O)c3ccc(Oc4ccc5ccc(Oc6ccc7c(c6)C(=O)N(c6c(C)cc([*])cc6C)C7=O)cc5c4)cc3C2=O)c(C)c1,272.0
[*]Cc1cc(C)c(N2C(=O)c3ccc(Oc4cccc5c(Oc6ccc7c(c6)C(=O)N(c6c(C)cc([*])cc6C)C7=O)cccc45)cc3C2=O)c(C)c1,281.0
[*]Cc1cc(C)c(N2C(=O)c3cccc(Oc4ccc(C(C)(C)c5ccc(Oc6cccc7c6C(=O)N(c6c(C)cc([*])cc6C)C7=O)cc5)cc4)c3C2=O)c(C)c1,223.0
[*]Cc1cc(C)c(NC(=O)c2ccc3c(c2)C(=O)N(c2ccc(/N=N/c4ccc(F)cc4)c(N4C(=O)c5ccc(C(=O)Nc6c(C)cc([*])cc6C)cc5C4=O)c2)C3=O)c(C)c1,279.0
[*]Cc1cc(C)c(NC(=O)c2ccc3c(c2)C(=O)N(c2ccc(/N=N/c4ccc(OC(F)(F)F)cc4)c(N4C(=O)c5ccc(C(=O)Nc6c(C)cc([*])cc6C)cc5C4=O)c2)C3=O)c(C)c1,278.0
[*]Cc1cc(C)c(NC(=O)c2ccc3c(c2)C(=O)N(c2ccc(/N=N/c4ccc([N+](=O)[O-])cc4)c(N4C(=O)c5ccc(C(=O)Nc6c(C)cc([*])cc6C)cc5C4=O)c2)C3=O)c(C)c1,280.0
[*]Cc1cc(C)c(Oc2ccc(-n3c(=O)c4cc5c(=O)n(-c6ccc(Oc7c(C)cc([*])cc7C)cc6)c(=O)c5cc4c3=O)cc2)c(C)c1,299.5
[*]Cc1cc(C)c(Oc2ccc(N3C(=O)c4ccc(-c5ccc6c(c5)C(=O)N(c5ccc(Oc7c(C)cc([*])cc7C)cc5)C6=O)cc4C3=O)cc2)c(C)c1,310.0
[*]Cc1cc(C)c(Oc2ccc(N3C(=O)c4ccc(C(=O)c5ccc6c(c5)C(=O)N(c5ccc(Oc7c(C)cc([*])cc7C)cc5)C6=O)cc4C3=O)cc2)c(C)c1,303.0
[*]Cc1cc(C)c(Oc2ccc(N3C(=O)c4ccc(C(c5ccc6c(c5)C(=O)N(c5ccc(Oc7c(C)cc([*])cc7C)cc5)C6=O)(C(F)(F)F)C(F)(F)F)cc4C3=O)cc2)c(C)c1,298.0
[*]Cc1cc(C)c(Oc2ccc(S(=O)(=O)c3ccc(Oc4c(C)cc([*])cc4C)cc3)cc2)c(C)c1,232.0
[*]Cc1cc(C)c(Oc2ccc3c(c2)C(=O)N(c2c(C)cc(-c4cc(C)c(N5C(=O)c6ccc(Oc7c(C)cc([*])cc7C)cc6C5=O)c(C)c4)cc2C)C3=O)c(C)c1,420.0
[*]Cc1cc(C)c(Oc2ccc3c(c2)C(=O)N(c2c(C)cc(Cc4cc(C)c(N5C(=O)c6ccc(Oc7c(C)cc([*])cc7C)cc6C5=O)c(C)c4)cc2C)C3=O)c(C)c1,264.0
[*]Cc1cc(C)c(Oc2ccc3c(c2)C(=O)N(c2ccc(Oc4ccc(-c5ccc(Oc6ccc(N7C(=O)c8ccc(Oc9c(C)cc([*])cc9C)cc8C7=O)cc6)cc5)cc4)cc2)C3=O)c(C)c1,248.0
[*]Cc1cc(C)c(Oc2ccc3c(c2)C(=O)N(c2ccc(Oc4ccc(N5C(=O)c6ccc(Oc7c(C)cc([*])cc7C)cc6C5=O)cc4)cc2)C3=O)c(C)c1,266.0
[*]Cc1cc(C)c(Oc2ccc3c(c2)C(=O)N(c2cccc(N4C(=O)c5ccc(Oc6c(C)cc([*])cc6C)cc5C4=O)c2)C3=O)c(C)c1,245.0
[*]Cc1cc(C)c(Oc2cccc3c2C(=O)N(c2c(C)cc(-c4cc(C)c(N5C(=O)c6cccc(Oc7c(C)cc([*])cc7C)c6C5=O)c(C)c4)cc2C)C3=O)c(C)c1,276.0
[*]Cc1cc(C)c(Oc2cccc3c2C(=O)N(c2c(C)cc(C)c(N4C(=O)c5cccc(Oc6c(C)cc([*])cc6C)c5C4=O)c2C)C3=O)c(C)c1,287.0
[*]Cc1cc(C)c(Oc2cccc3c2C(=O)N(c2c(C)cc(Cc4cc(C)c(N5C(=O)c6cccc(Oc7c(C)cc([*])cc7C)c6C5=O)c(C)c4)cc2C)C3=O)c(C)c1,243.0
[*]Cc1cc(C)c(Oc2cccc3c2C(=O)N(c2ccc(Oc4ccc(-c5ccc(Oc6ccc(N7C(=O)c8cccc(Oc9c(C)cc([*])cc9C)c8C7=O)cc6)cc5)cc4)cc2)C3=O)c(C)c1,259.0
[*]Cc1cc(C)c(Oc2cccc3c2C(=O)N(c2ccc(Oc4ccc(N5C(=O)c6cccc(Oc7c(C)cc([*])cc7C)c6C5=O)cc4)cc2)C3=O)c(C)c1,270.0
[*]Cc1cc(C)c(Oc2cccc3c2C(=O)N(c2cccc(N4C(=O)c5cccc(Oc6c(C)cc([*])cc6C)c5C4=O)c2)C3=O)c(C)c1,269.0
[*]Cc1cc(C23CC4CC(CC(C4)C2)C3)cc(CN([*])C)c1O,188.8
[*]Cc1cc(CC)c(N2C(=O)c3ccc(C(c4ccc5c(c4)C(=O)N(c4c(CC)cc([*])cc4CC)C5=O)(C(F)(F)F)C(F)(F)F)cc3C2=O)c(CC)c1,266.0
[*]Cc1cc(CC)c(NC(=O)c2ccc3c(c2)C(=O)N(c2ccc(/N=N/c4ccc(C)cc4)c(N4C(=O)c5ccc(C(=O)Nc6c(CC)cc([*])cc6CC)cc5C4=O)c2)C3=O)c(CC)c1,269.0
[*]Cc1cc2cc(C(=O)Nc3ccc(-c4ccc(NC(=O)c5cc6cc([*])c(OC(=O)COc7ccc8ccc(=O)oc8c7)cc6oc5=O)cc4)cc3)c(=O)oc2cc1OC(=O)COc1ccc2ccc(=O)oc2c1,248.0
[*]Cc1cc2cc(C(=O)Nc3ccc(C(c4ccc(NC(=O)c5cc6cc([*])c(OC(=O)COc7ccc8ccc(=O)oc8c7)cc6oc5=O)cc4)(C(F)(F)F)C(F)(F)F)cc3)c(=O)oc2cc1OC(=O)COc1ccc2ccc(=O)oc2c1,257.0
[*]Cc1cc2cc(C(=O)Nc3ccc(Cc4ccc(NC(=O)c5cc6cc([*])c(OC(=O)COc7ccc8ccc(=O)oc8c7)cc6oc5=O)cc4)cc3)c(=O)oc2cc1OC(=O)COc1ccc2ccc(=O)oc2c1,221.0
[*]Cc1cc2cc(C(=O)Nc3ccc(NC(=O)c4cc5cc([*])c(OC(=O)COc6ccc7ccc(=O)oc7c6)cc5oc4=O)cc3)c(=O)oc2cc1OC(=O)COc1ccc2ccc(=O)oc2c1,252.0
[*]Cc1cc2cc(C(=O)Nc3ccc(Oc4ccc(NC(=O)c5cc6cc([*])c(OC(=O)COc7ccc8ccc(=O)oc8c7)cc6oc5=O)cc4)cc3)c(=O)oc2cc1OC(=O)COc1ccc2ccc(=O)oc2c1,226.0
[*]Cc1cc2cc(C(=O)Nc3ccc(S(=O)(=O)c4ccc(NC(=O)c5cc6cc([*])c(OC(=O)COc7ccc8ccc(=O)oc8c7)cc6oc5=O)cc4)cc3)c(=O)oc2cc1OC(=O)COc1ccc2ccc(=O)oc2c1,233.0
[*]Cc1cc2cc(C(=O)Nc3cccc(NC(=O)c4cc5cc([*])c(OC(=O)COc6ccc7ccc(=O)oc7c6)cc5oc4=O)c3)c(=O)oc2cc1OC(=O)COc1ccc2ccc(=O)oc2c1,240.0
[*]Cc1ccc(-c2ccc(OCCCCCCCCCCCCOc3ccc(C([*])C)cc3)cc2)cc1,40.0
[*]Cc1ccc(-c2sc(-c3ccc(CC(=O)Nc4ccc(-c5ccc(NC([*])=O)cc5)cc4)cc3)c(-c3ccccc3)c2-c2ccccc2)cc1,272.0
[*]Cc1ccc(-c2sc(-c3ccc(CC(=O)Nc4ccc(-c5sc(-c6ccc(NC([*])=O)cc6)c(-c6ccccc6)c5-c5ccccc5)cc4)cc3)c(-c3ccccc3)c2-c2ccccc2)cc1,273.0
[*]Cc1ccc(-c2sc(-c3ccc(CC(=O)Nc4ccc(Cc5ccc(NC([*])=O)cc5)cc4)cc3)c(-c3ccccc3)c2-c2ccccc2)cc1,227.0
[*]Cc1ccc(-c2sc(-c3ccc(CC(=O)Nc4ccc(NC([*])=O)cc4)cc3)c(-c3ccccc3)c2-c2ccccc2)cc1,251.0
[*]Cc1ccc(-c2sc(-c3ccc(CC(=O)Nc4ccc(Oc5ccc(NC([*])=O)cc5)cc4)cc3)c(-c3ccccc3)c2-c2ccccc2)cc1,226.0
[*]Cc1ccc(-c2sc(-c3ccc(CC(=O)Nc4ccc(S(=O)(=O)c5ccc(NC([*])=O)cc5)cc4)cc3)c(-c3ccccc3)c2-c2ccccc2)cc1,252.0
[*]Cc1ccc(-c2sc(-c3ccc(CC(=O)Nc4cccc(NC([*])=O)c4)cc3)c(-c3ccccc3)c2-c2ccccc2)cc1,228.0
[*]Cc1ccc(-c2sc(-c3ccc(CC(=O)Nc4cccc5c(NC([*])=O)cccc45)cc3)c(-c3ccccc3)c2-c2ccccc2)cc1,255.0
[*]Cc1ccc(-n2c(=O)c3cc4c(=O)n(-c5ccc([*])cc5C(C)(C)C)c(=O)c4cc3c2=O)c(C(C)(C)C)c1,217.0
[*]Cc1ccc(-n2c(=O)c3cc4c(=O)n(-c5ccc([*])cc5C)c(=O)c4cc3c2=O)c(C)c1,274.0
[*]Cc1ccc(-n2c(=O)c3ccc4c(=O)n(-c5ccc([*])cc5C)c(=O)c4c3c2=O)c(C)c1,354.0
[*]Cc1ccc(C(=O)NCCCCCCNC([*])=O)cc1,104.0
[*]Cc1ccc(C(=O)NCCCCCNC([*])=O)cc1,103.0
[*]Cc1ccc(C(=O)NCCCCNC([*])=O)cc1,84.0
[*]Cc1ccc(C(=O)NCCCNC([*])=O)cc1,109.0
[*]Cc1ccc(C(=O)OCCOC([*])=O)cc1,24.0
[*]Cc1ccc(C(=O)OCc2ccc(COC([*])=O)cc2)cc1,47.0
[*]Cc1ccc(C)c(N2C(=O)c3cccc(Sc4cccc5c4C(=O)N(c4ccc([*])cc4C)C5=O)c3C2=O)c1,274.0
[*]Cc1ccc(CC(=O)NCCCCCCCCCCCCCCCCCCNC([*])=O)cc1,78.0
[*]Cc1ccc(CC(=O)NCCCCCCCCNC([*])=O)cc1,110.0
[*]Cc1ccc(CC(=O)NCCCCCCNC([*])=O)cc1,95.0
[*]Cc1ccc(CC(=O)OC([*])=O)cc1,65.0
[*]Cc1ccc(N2C(=O)C3CCC4C(=O)N(c5ccc([*])cc5C)C(=O)C4C3C2=O)c(C)c1,340.0
[*]Cc1ccc(N2C(=O)c3ccc(-c4ccc5c(c4)C(=O)N(c4ccc([*])cc4C(C)(C)C)C5=O)cc3C2=O)c(C(C)(C)C)c1,324.0
[*]Cc1ccc(N2C(=O)c3ccc(C(=O)c4ccc5c(c4)C(=O)N(c4ccc([*])cc4C(C)(C)C)C5=O)cc3C2=O)c(C(C)(C)C)c1,213.0
[*]Cc1ccc(N2C(=O)c3ccc(C(c4ccc5c(c4)C(=O)N(c4ccc([*])cc4C(C)(C)C)C5=O)(C(F)(F)F)C(F)(F)F)cc3C2=O)c(C(C)(C)C)c1,274.0
[*]Cc1ccc(N2C(=O)c3ccc(Oc4ccc(Oc5ccc6c(c5)C(=O)N(c5ccc([*])cc5OC)C6=O)cc4)cc3C2=O)c(OC)c1,269.0
[*]Cc1ccc(N2C(=O)c3ccc(Oc4ccc5c(c4)C(=O)N(c4ccc([*])cc4C(C)(C)C)C5=O)cc3C2=O)c(C(C)(C)C)c1,216.0
[*]Cc1ccc(N2C(=O)c3ccc(S(=O)(=O)c4ccc5c(c4)C(=O)N(c4ccc([*])cc4C(C)(C)C)C5=O)cc3C2=O)c(C(C)(C)C)c1,336.0
[*]Cc1ccc(N2C(=O)c3ccc(Sc4ccc5c(c4)C(=O)N(c4ccc([*])cc4C(C)(C)C)C5=O)cc3C2=O)c(C(C)(C)C)c1,300.5
[*]Cc1ccc(N2C(=O)c3cccc4c(N5CCC(CCCC6CCN(c7ccc8c9c(cccc79)C(=O)N(c7ccc([*])cc7C(C)(C)C)C8=O)CC6)CC5)ccc(c34)C2=O)c(C(C)(C)C)c1,202.70000000000005
[*]Cc1ccc(NC(=O)CCC(=O)NC([*])(C)C)cc1,158.0
[*]Cc1ccc(NC(=O)CCCCC(=O)NC([*])(C)C)cc1,130.0
[*]Cc1ccc(NC(=O)CCCCCCCCC(=O)NC([*])(C)C)cc1,92.0
[*]Cc1ccc(NC(=O)c2ccc(C(=O)NC([*])(C)C)cc2)cc1,175.0
[*]Cc1ccc(OC(=O)CC(C)CCC(=O)Oc2ccc(CCC(=O)NC([*])C(=O)OC)cc2)cc1,53.0
[*]Cc1ccc(OC(=O)CCC(=O)Oc2ccc(CC(=O)NC([*])C(=O)OCC)cc2)cc1,75.5
[*]Cc1ccc(OC(=O)CCC(=O)Oc2ccc(CC(=O)NC([*])C(=O)OCCCCCC)cc2)cc1,59.0
[*]Cc1ccc(OC(=O)CCC(=O)Oc2ccc(CC(=O)NC([*])C(=O)OCCCCCCCC)cc2)cc1,51.0
[*]Cc1ccc(OC(=O)CCC(=O)Oc2ccc(CCC(=O)NC([*])C(=O)OC(C)C)cc2)cc1,82.0
[*]Cc1ccc(OC(=O)CCC(=O)Oc2ccc(CCC(=O)NC([*])C(=O)OC(C)CC)cc2)cc1,75.0
[*]Cc1ccc(OC(=O)CCC(=O)Oc2ccc(CCC(=O)NC([*])C(=O)OC)cc2)cc1,91.5
[*]Cc1ccc(OC(=O)CCC(=O)Oc2ccc(CCC(=O)NC([*])C(=O)OCC(C)C)cc2)cc1,75.0
[*]Cc1ccc(OC(=O)CCC(=O)Oc2ccc(CCC(=O)NC([*])C(=O)OCC)cc2)cc1,78.0
[*]Cc1ccc(OC(=O)CCC(=O)Oc2ccc(CCC(=O)NC([*])C(=O)OCCCC)cc2)cc1,67.0
[*]Cc1ccc(OC(=O)CCC(=O)Oc2ccc(CCC(=O)NC([*])C(=O)OCCCCCC)cc2)cc1,53.0
[*]Cc1ccc(OC(=O)CCC(=O)Oc2ccc(CCC(=O)NC([*])C(=O)OCCCCCCCC)cc2)cc1,48.0
[*]Cc1ccc(OC(=O)CCC(=O)Oc2ccc(CCC(=O)NC([*])C(=O)OCCCCCCCCCCCC)cc2)cc1,40.0
[*]Cc1ccc(OC(=O)CCC(=O)Oc2ccc(CCC(=O)NC([*])C(=O)OCCOCCOCC)cc2)cc1,34.0
[*]Cc1ccc(OC(=O)CCC(C)CC(=O)Oc2ccc(CC(=O)NC([*])C(=O)OCC)cc2)cc1,63.0
[*]Cc1ccc(OC(=O)CCC(C)CC(=O)Oc2ccc(CC(=O)NC([*])C(=O)OCCCCCC)cc2)cc1,38.0
[*]Cc1ccc(OC(=O)CCC(C)CC(=O)Oc2ccc(CC(=O)NC([*])C(=O)OCCCCCCCC)cc2)cc1,30.0
[*]Cc1ccc(OC(=O)CCC(C)CC(=O)Oc2ccc(CCC(=O)NC([*])C(=O)OC(C)CC)cc2)cc1,45.0
[*]Cc1ccc(OC(=O)CCC(C)CC(=O)Oc2ccc(CCC(=O)NC([*])C(=O)OCCCC)cc2)cc1,35.0
[*]Cc1ccc(OC(=O)CCCC(=O)Oc2ccc(CC(=O)NC([*])C(=O)OCC)cc2)cc1,65.0
[*]Cc1ccc(OC(=O)CCCC(=O)Oc2ccc(CC(=O)NC([*])C(=O)OCCCCCC)cc2)cc1,42.0
[*]Cc1ccc(OC(=O)CCCC(=O)Oc2ccc(CC(=O)NC([*])C(=O)OCCCCCCCC)cc2)cc1,38.0
[*]Cc1ccc(OC(=O)CCCC(=O)Oc2ccc(CCC(=O)NC([*])C(=O)OC(C)C)cc2)cc1,68.0
[*]Cc1ccc(OC(=O)CCCC(=O)Oc2ccc(CCC(=O)NC([*])C(=O)OC(C)CC)cc2)cc1,52.0
[*]Cc1ccc(OC(=O)CCCC(=O)Oc2ccc(CCC(=O)NC([*])C(=O)OC)cc2)cc1,76.0
[*]Cc1ccc(OC(=O)CCCC(=O)Oc2ccc(CCC(=O)NC([*])C(=O)OCC(C)C)cc2)cc1,62.0
[*]Cc1ccc(OC(=O)CCCC(=O)Oc2ccc(CCC(=O)NC([*])C(=O)OCC)cc2)cc1,70.0
[*]Cc1ccc(OC(=O)CCCC(=O)Oc2ccc(CCC(=O)NC([*])C(=O)OCCCC)cc2)cc1,56.0
[*]Cc1ccc(OC(=O)CCCC(=O)Oc2ccc(CCC(=O)NC([*])C(=O)OCCCCCC)cc2)cc1,43.0
[*]Cc1ccc(OC(=O)CCCC(=O)Oc2ccc(CCC(=O)NC([*])C(=O)OCCCCCCCC)cc2)cc1,32.5
[*]Cc1ccc(OC(=O)CCCC(=O)Oc2ccc(CCC(=O)NC([*])C(=O)OCCCCCCCCCCCC)cc2)cc1,27.5
[*]Cc1ccc(OC(=O)CCCC(=O)Oc2ccc(CCC(=O)NC([*])C(=O)OCCOCCOCC)cc2)cc1,21.0
[*]Cc1ccc(OC(=O)CCCCC(=O)Oc2ccc(CC(=O)NC([*])C(=O)OCC)cc2)cc1,63.0
[*]Cc1ccc(OC(=O)CCCCC(=O)Oc2ccc(CC(=O)NC([*])C(=O)OCCCCCC)cc2)cc1,36.0
[*]Cc1ccc(OC(=O)CCCCC(=O)Oc2ccc(CC(=O)NC([*])C(=O)OCCCCCCCC)cc2)cc1,28.0
[*]Cc1ccc(OC(=O)CCCCC(=O)Oc2ccc(CCC(=O)NC([*])C(=O)OC(C)C)cc2)cc1,56.5
[*]Cc1ccc(OC(=O)CCCCC(=O)Oc2ccc(CCC(=O)NC([*])C(=O)OC(C)CC)cc2)cc1,50.0
[*]Cc1ccc(OC(=O)CCCCC(=O)Oc2ccc(CCC(=O)NC([*])C(=O)OC)cc2)cc1,70.0
[*]Cc1ccc(OC(=O)CCCCC(=O)Oc2ccc(CCC(=O)NC([*])C(=O)OCC(C)C)cc2)cc1,56.0
[*]Cc1ccc(OC(=O)CCCCC(=O)Oc2ccc(CCC(=O)NC([*])C(=O)OCC)cc2)cc1,61.0
[*]Cc1ccc(OC(=O)CCCCC(=O)Oc2ccc(CCC(=O)NC([*])C(=O)OCCCC)cc2)cc1,46.0
[*]Cc1ccc(OC(=O)CCCCC(=O)Oc2ccc(CCC(=O)NC([*])C(=O)OCCCCCC)cc2)cc1,37.72500000000002
[*]Cc1ccc(OC(=O)CCCCC(=O)Oc2ccc(CCC(=O)NC([*])C(=O)OCCCCCCCC)cc2)cc1,28.0
[*]Cc1ccc(OC(=O)CCCCC(=O)Oc2ccc(CCC(=O)NC([*])C(=O)OCCCCCCCCCCCC)cc2)cc1,22.0
[*]Cc1ccc(OC(=O)CCCCC(=O)Oc2ccc(CCC(=O)NC([*])C(=O)OCCOCCOCC)cc2)cc1,15.0
[*]Cc1ccc(OC(=O)CCCCCCC(=O)Oc2ccc(CC(=O)NC([*])C(=O)OCC)cc2)cc1,54.0
[*]Cc1ccc(OC(=O)CCCCCCC(=O)Oc2ccc(CC(=O)NC([*])C(=O)OCCCCCC)cc2)cc1,27.0
[*]Cc1ccc(OC(=O)CCCCCCC(=O)Oc2ccc(CC(=O)NC([*])C(=O)OCCCCCCCC)cc2)cc1,22.0
[*]Cc1ccc(OC(=O)CCCCCCC(=O)Oc2ccc(CCC(=O)NC([*])C(=O)OC(C)C)cc2)cc1,46.0
[*]Cc1ccc(OC(=O)CCCCCCC(=O)Oc2ccc(CCC(=O)NC([*])C(=O)OC(C)CC)cc2)cc1,46.0
[*]Cc1ccc(OC(=O)CCCCCCC(=O)Oc2ccc(CCC(=O)NC([*])C(=O)OC)cc2)cc1,55.5
[*]Cc1ccc(OC(=O)CCCCCCC(=O)Oc2ccc(CCC(=O)NC([*])C(=O)OCC(C)C)cc2)cc1,42.0
[*]Cc1ccc(OC(=O)CCCCCCC(=O)Oc2ccc(CCC(=O)NC([*])C(=O)OCC)cc2)cc1,50.0
[*]Cc1ccc(OC(=O)CCCCCCC(=O)Oc2ccc(CCC(=O)NC([*])C(=O)OCCCC)cc2)cc1,37.0
[*]Cc1ccc(OC(=O)CCCCCCC(=O)Oc2ccc(CCC(=O)NC([*])C(=O)OCCCCCC)cc2)cc1,27.0
[*]Cc1ccc(OC(=O)CCCCCCC(=O)Oc2ccc(CCC(=O)NC([*])C(=O)OCCCCCCCC)cc2)cc1,22.0
[*]Cc1ccc(OC(=O)CCCCCCC(=O)Oc2ccc(CCC(=O)NC([*])C(=O)OCCCCCCCCCCCC)cc2)cc1,15.0
[*]Cc1ccc(OC(=O)CCCCCCC(=O)Oc2ccc(CCC(=O)NC([*])C(=O)OCCOCCOCC)cc2)cc1,6.0
[*]Cc1ccc(OC(=O)CCCCCCCCC(=O)Oc2ccc(CC(=O)NC([*])C(=O)OCC)cc2)cc1,43.0
[*]Cc1ccc(OC(=O)CCCCCCCCC(=O)Oc2ccc(CC(=O)NC([*])C(=O)OCCCCCC)cc2)cc1,23.0
[*]Cc1ccc(OC(=O)CCCCCCCCC(=O)Oc2ccc(CC(=O)NC([*])C(=O)OCCCCCCCC)cc2)cc1,16.0
[*]Cc1ccc(OC(=O)CCCCCCCCC(=O)Oc2ccc(CCC(=O)NC([*])C(=O)OC(C)C)cc2)cc1,44.0
[*]Cc1ccc(OC(=O)CCCCCCCCC(=O)Oc2ccc(CCC(=O)NC([*])C(=O)OC(C)CC)cc2)cc1,36.0
[*]Cc1ccc(OC(=O)CCCCCCCCC(=O)Oc2ccc(CCC(=O)NC([*])C(=O)OC)cc2)cc1,47.0
[*]Cc1ccc(OC(=O)CCCCCCCCC(=O)Oc2ccc(CCC(=O)NC([*])C(=O)OCC(C)C)cc2)cc1,33.0
[*]Cc1ccc(OC(=O)CCCCCCCCC(=O)Oc2ccc(CCC(=O)NC([*])C(=O)OCC)cc2)cc1,44.0
[*]Cc1ccc(OC(=O)CCCCCCCCC(=O)Oc2ccc(CCC(=O)NC([*])C(=O)OCCCC)cc2)cc1,30.0
[*]Cc1ccc(OC(=O)CCCCCCCCC(=O)Oc2ccc(CCC(=O)NC([*])C(=O)OCCCCCC)cc2)cc1,22.0
[*]Cc1ccc(OC(=O)CCCCCCCCC(=O)Oc2ccc(CCC(=O)NC([*])C(=O)OCCCCCCCC)cc2)cc1,15.5
[*]Cc1ccc(OC(=O)CCCCCCCCC(=O)Oc2ccc(CCC(=O)NC([*])C(=O)OCCCCCCCCCCCC)cc2)cc1,12.5
[*]Cc1ccc(OC(=O)CCCCCCCCC(=O)Oc2ccc(CCC(=O)NC([*])C(=O)OCCOCCOCC)cc2)cc1,2.0
[*]Cc1ccc(OC(=O)COCC(=O)Oc2ccc(CC(=O)NC([*])C(=O)OCC)cc2)cc1,66.0
[*]Cc1ccc(OC(=O)COCC(=O)Oc2ccc(CC(=O)NC([*])C(=O)OCCCCCC)cc2)cc1,46.0
[*]Cc1ccc(OC(=O)COCC(=O)Oc2ccc(CC(=O)NC([*])C(=O)OCCCCCCCC)cc2)cc1,51.0
[*]Cc1ccc(OC(=O)COCC(=O)Oc2ccc(CCC(=O)NC([*])C(=O)OC(C)C)cc2)cc1,80.0
[*]Cc1ccc(OC(=O)COCC(=O)Oc2ccc(CCC(=O)NC([*])C(=O)OC(C)CC)cc2)cc1,68.0
[*]Cc1ccc(OC(=O)COCC(=O)Oc2ccc(CCC(=O)NC([*])C(=O)OC)cc2)cc1,82.0
[*]Cc1ccc(OC(=O)COCC(=O)Oc2ccc(CCC(=O)NC([*])C(=O)OCC(C)C)cc2)cc1,72.0
[*]Cc1ccc(OC(=O)COCC(=O)Oc2ccc(CCC(=O)NC([*])C(=O)OCC)cc2)cc1,79.0
[*]Cc1ccc(OC(=O)COCC(=O)Oc2ccc(CCC(=O)NC([*])C(=O)OCCCC)cc2)cc1,64.0
[*]Cc1ccc(OC(=O)COCC(=O)Oc2ccc(CCC(=O)NC([*])C(=O)OCCCCCC)cc2)cc1,45.0
[*]Cc1ccc(OC(=O)COCC(=O)Oc2ccc(CCC(=O)NC([*])C(=O)OCCCCCCCC)cc2)cc1,40.0
[*]Cc1ccc(OC(=O)COCC(=O)Oc2ccc(CCC(=O)NC([*])C(=O)OCCCCCCCCCCCC)cc2)cc1,36.0
[*]Cc1ccc(OC(=O)COCC(=O)Oc2ccc(CCC(=O)NC([*])C(=O)OCCOCCOCC)cc2)cc1,27.0
[*]Cc1ccc(OC(=O)COCCOCC(=O)Oc2ccc(CC(=O)NC([*])C(=O)OCC)cc2)cc1,50.0
[*]Cc1ccc(OC(=O)COCCOCC(=O)Oc2ccc(CC(=O)NC([*])C(=O)OCCCCCC)cc2)cc1,31.0
[*]Cc1ccc(OC(=O)COCCOCC(=O)Oc2ccc(CC(=O)NC([*])C(=O)OCCCCCCCC)cc2)cc1,23.0
[*]Cc1ccc(OC(=O)COCCOCC(=O)Oc2ccc(CCC(=O)NC([*])C(=O)OC(C)C)cc2)cc1,58.0
[*]Cc1ccc(OC(=O)COCCOCC(=O)Oc2ccc(CCC(=O)NC([*])C(=O)OC(C)CC)cc2)cc1,44.0
[*]Cc1ccc(OC(=O)COCCOCC(=O)Oc2ccc(CCC(=O)NC([*])C(=O)OC)cc2)cc1,63.0
[*]Cc1ccc(OC(=O)COCCOCC(=O)Oc2ccc(CCC(=O)NC([*])C(=O)OCC(C)C)cc2)cc1,50.0
[*]Cc1ccc(OC(=O)COCCOCC(=O)Oc2ccc(CCC(=O)NC([*])C(=O)OCC)cc2)cc1,53.0
[*]Cc1ccc(OC(=O)COCCOCC(=O)Oc2ccc(CCC(=O)NC([*])C(=O)OCCCC)cc2)cc1,45.0
[*]Cc1ccc(OC(=O)COCCOCC(=O)Oc2ccc(CCC(=O)NC([*])C(=O)OCCCCCC)cc2)cc1,28.0
[*]Cc1ccc(OC(=O)COCCOCC(=O)Oc2ccc(CCC(=O)NC([*])C(=O)OCCCCCCCC)cc2)cc1,16.0
[*]Cc1ccc(OC(=O)COCCOCC(=O)Oc2ccc(CCC(=O)NC([*])C(=O)OCCCCCCCCCCCC)cc2)cc1,17.0
[*]Cc1ccc(OC(=O)COCCOCC(=O)Oc2ccc(CCC(=O)NC([*])C(=O)OCCOCCOCC)cc2)cc1,18.0
[*]Cc1ccc(OC(=O)Oc2ccc(CCC(=O)NC([*])C(=O)OCC)cc2)cc1,96.0
[*]Cc1ccc(OC(=O)Oc2ccc(CCC(=O)NC([*])C(=O)OCCCC)cc2)cc1,67.0
[*]Cc1ccc(OC(=O)Oc2ccc(CCC(=O)NC([*])C(=O)OCCCCCC)cc2)cc1,51.5
[*]Cc1ccc(OC(=O)Oc2ccc([*])cc2C)c(C)c1,51.0
[*]Cc1ccc(OC([*])=O)cc1,117.0
[*]Cc1ccc(Oc2c(F)c(F)c(-c3c(F)c(F)c(Oc4ccc([*])cc4C=O)c(F)c3F)c(F)c2F)c(C=O)c1,198.0
[*]Cc1ccc(Oc2ccc(CC([*])(C#N)C#N)cc2)cc1,147.0
[*]Cc1ccc(Oc2ccc(CC([*])(C#N)c3ccccc3)cc2)cc1,143.0
[*]Cc1ccc(Oc2ccc(CC([*])(C(=O)OCC)C(=O)OCC)cc2)cc1,54.0
[*]Cc1ccc(Oc2ccc(CC3([*])c4ccccc4-c4ccccc43)cc2)cc1,138.0
[*]Cc1cccc(CN(CC)c2ccc(/C=C/c3ccc(C=C(C#N)C(=O)NC4CCCCC4NC(=O)/C(C#N)=C/c4ccc(/C=C/c5ccc(N([*])CC)cc5)s4)s3)cc2)c1,157.0
[*]Cc1ccccc1CN(CC)c1ccc(/C=C(\C#N)C(=O)Nc2cccc(NC(=O)/C(C#N)=C/c3ccc(N([*])CC)cc3)c2)cc1,188.0
[*]Cc1ccccc1CN(CC)c1ccc(/C=C(\C#N)S(=O)(=O)C(C#N)=Cc2ccc(N([*])CC)cc2)cc1,190.0
[*]Cc1ccccc1CN(CC)c1ccc(/C=C/c2ccc(/C=C(\C#N)C(=O)NC3CCCCC3NC(=O)/C(C#N)=C/c3ccc(/C=C/c4ccc(N([*])CC)cc4)cc3)cc2)cc1,201.0
[*]Cc1ccccc1CN(CC)c1ccc(/C=C/c2ccc(/C=C(\C#N)C(=O)NC3CCCCC3NC(=O)C(C#N)=Cc3ccc(/C=C/c4ccc(N([*])CC)cc4)s3)s2)cc1,195.0
[*]Cc1ccccc1CN(CC)c1ccc(/C=C/c2ccc(/C=C(\C#N)S(=O)(=O)/C(C#N)=C/c3ccc(C=Cc4ccc(N([*])CC)cc4)s3)s2)cc1,178.0
[*]Cc1ccccc1CN(CC)c1ccc(/C=C/c2ccc(/C=C(\C#N)c3cccc(C(C#N)=Cc4ccc(/C=C/c5ccc(N([*])CC)cc5)s4)c3)s2)cc1,178.0
[*]Cc1ccccc1C[Si]([*])(C)C,75.0
[*]Cc1ccccc1[Si]([*])(C)C,48.0
[*]Cc1ccccc1[Si]([*])(C)c1ccccc1,93.80000000000001
[*]Cc1ccccc1[Si]([*])(c1ccccc1)c1ccccc1,122.0
[*]Cc1cocc1C[Ge]([*])(C)C,-27.99999999999997
[*]Cn1c(=O)c2cc3c(=O)n(CC(=O)Nc4ccc(C5(c6ccc(NC([*])=O)cc6)c6ccccc6-c6ccccc65)cc4)c(=O)c3cc2c1=O,350.0
[*]N(C)[Si](C)(C)N(C)[Si]([*])(C)C=C,-41.99999999999997
[*]N(C)[Si](C)(C)N(C)[Si]([*])(C)CC,-19.99999999999997
[*]N(C)[Si]([*])(C)C,-19.99999999999997
[*]N(C)[Si]([*])(C)C=C,-19.99999999999997
[*]N(CCC)[Si](C)(C)C[Si]([*])(C)C,-19.99999999999997
[*]N1CCOC1([*])CC,55.0
[*]N=CNc1ccc(CCc2ccc([*])cc2)cc1,125.0
[*]N=CNc1ccc(Cc2ccc([*])cc2)cc1,95.5
[*]N=Cc1ccc(-c2ccc(-c3ccc(/C=N/c4cccc([*])c4)cc3)s2)cc1,150.0
[*]N=Nc1ccc(-c2ccc(/N=N/P(=O)(OC)OCC3CCC(COP([*])(=O)OC)CC3)cc2)cc1,58.0
[*]N=Nc1ccc(-c2ccc(/N=N/P(=O)(OC)OCCCCCCOP([*])(=O)OC)cc2)cc1,37.0
[*]N=Nc1ccc(-c2ccc(/N=N/P(=O)(OC)OCCOCCOP([*])(=O)OC)cc2)cc1,22.0
[*]N=Nc1ccc(-c2ccc(/N=N/P(=O)(OC)OCc3ccc(COP([*])(=O)OC)cc3)cc2)cc1,48.0
[*]N=Nc1ccc(-c2ccc(/N=N/P(=O)(OCC)OCCOP([*])(=O)OCC)cc2)cc1,43.0
[*]N=Nc1ccc(C(=O)c2ccc(/N=N/P(=O)(OC)OCC3CCC(COP([*])(=O)OC)CC3)cc2)cc1,52.0
[*]N=Nc1ccc(C(=O)c2ccc(/N=N/P(=O)(OC)OCCCCCCOP([*])(=O)OC)cc2)cc1,31.0
[*]N=Nc1ccc(C(=O)c2ccc(/N=N/P(=O)(OC)OCCOCCOP([*])(=O)OC)cc2)cc1,33.0
[*]N=Nc1ccc(C(=O)c2ccc(/N=N/P(=O)(OC)OCc3ccc(COP([*])(=O)OC)cc3)cc2)cc1,48.0
[*]N=Nc1ccc(C(=O)c2ccc(/N=N/P(=O)(OCC)OCCOP([*])(=O)OCC)cc2)cc1,33.0
[*]N=Nc1ccc(CCOC(=O)c2cc(C(=O)OCCc3ccc(/N=N/P(=O)(OC)OCCCCCCOP([*])(=O)OC)cc3)cc(C(C)(C)C)c2)cc1,47.0
[*]N=Nc1ccc(CCOC(=O)c2cc(C(=O)OCCc3ccc(/N=N/P(=O)(OC)OCCOP([*])(=O)OC)cc3)cc(C(C)(C)C)c2)cc1,84.0
[*]N=Nc1ccc(COC(=O)c2cc(C(=O)OCc3ccc(/N=N/P(=O)(OC)OCCCCCCOP([*])(=O)OC)cc3)cc(C(C)(C)C)c2)cc1,62.0
[*]N=Nc1ccc(COC(=O)c2cc(C(=O)OCc3ccc(/N=N/P(=O)(OC)OCCOP([*])(=O)OC)cc3)cc(C(C)(C)C)c2)cc1,105.0
[*]N=Nc1ccc(OC(=O)c2ccc(C(=O)Oc3ccc(/N=N/c4c(C)cc(Cc5cc(C)c([*])c(C)c5[N+](=O)[O-])c([N+](=O)[O-])c4C)cc3)cc2)cc1,203.0
[*]N=Nc1ccc(Oc2ccc(/N=N/P(=O)(OC)OCC3CCC(COP([*])(=O)OC)CC3)cc2)cc1,50.0
[*]N=Nc1ccc(Oc2ccc(/N=N/P(=O)(OC)OCCCCCCOP([*])(=O)OC)cc2)cc1,25.0
[*]N=Nc1ccc(Oc2ccc(/N=N/P(=O)(OC)OCCOCCOP([*])(=O)OC)cc2)cc1,32.0
[*]N=Nc1ccc(Oc2ccc(/N=N/P(=O)(OC)OCc3ccc(COP([*])(=O)OC)cc3)cc2)cc1,50.0
[*]N=Nc1ccc(Oc2ccc(/N=N/P(=O)(OCC)OCCOP([*])(=O)OCC)cc2)cc1,22.0
[*]N=Nc1ccc([N+](=O)[O-])cc1OCCOC(=O)Nc1cc(NC(=O)OCCn2cc([*])c3cc(-c4ccc5c(c4)c4ccccc4n5CCCC)ccc32)ccc1C,160.0
[*]N=P([*])(C)C,-41.99999999999997
[*]N=P([*])(C)CCCC,-50.99999999999997
[*]N=P([*])(C)CCCCCC,-68.99999999999997
[*]N=P([*])(C)c1ccccc1,37.0
[*]N=P([*])(CC)c1ccccc1,20.0
[*]N=P([*])(CC1COCCOCCOCCO1)OCC1COCCOCCOCCO1,-39.99999999999997
[*]N=P([*])(CCC)CCC,10.0
[*]N=P([*])(Cl)Cl,-62.99999999999997
[*]N=P([*])(Cl)Oc1ccc(C)cc1,-5.0
[*]N=P([*])(N(C)C)N(C)C,-4.0
[*]N=P([*])(N1CCCCC1)N1CCCCC1,19.0
[*]N=P([*])(NC(C)C(=O)OCC)NC(C)C(=O)OCC,-16.75
[*]N=P([*])(NCC)NCC,30.0
[*]N=P([*])(NCCC)NCCC,-14.5
[*]N=P([*])(NCCCC)NCCCC,27.0
[*]N=P([*])(Nc1ccccc1)Nc1ccccc1,103.45000000000005
[*]N=P([*])(OC)OC,-66.79999999999998
[*]N=P([*])(OC/C=C/c1ccccc1)OC/C=C/c1ccccc1,1.0
[*]N=P([*])(OC1COCCOCCOCCOCCOC1)OC1COCCOCCOCCOCCOC1,-3.849999999999966
[*]N=P([*])(OCC(COC)OC)OCC(COC)OC,-78.99999999999997
[*]N=P([*])(OCC(COCCOC(C)C)OCCOC(C)C)OCC(COCCOC(C)C)OCCOC(C)C,-76.99999999999997
[*]N=P([*])(OCC(COCCOC)OCCOC)OCC(COCCOC)OCCOC,-80.99999999999997
[*]N=P([*])(OCC(COCCOCCCC)OCCOCCCC)OCC(COCCOCCCC)OCCOCCCC,-85.99999999999997
[*]N=P([*])(OCC(COCCOCCOC)OCCOCCOC)OCC(COCCOCCOC)OCCOCCOC,-80.99999999999997
[*]N=P([*])(OCC(F)(F)C(F)(F)C(F)(F)C(F)(F)C(F)(F)C(F)(F)C(F)(F)F)OCC(F)(F)C(F)(F)C(F)(F)C(F)(F)C(F)(F)C(F)(F)C(F)(F)F,-39.99999999999997
[*]N=P([*])(OCC(F)(F)C(F)(F)F)OCC(F)(F)C(F)(F)F,-52.49999999999997
[*]N=P([*])(OCC(F)(F)F)OCC(F)(F)F,-65.99999999999997
[*]N=P([*])(OCC)OCC,-83.99999999999997
[*]N=P([*])(OCC1COCCOCCOCCOCCO1)OCC1COCCOCCOCCOCCO1,-39.99999999999997
[*]N=P([*])(OCC1COCCOCCOCCOCCOCCO1)OCC1COCCOCCOCCOCCOCCO1,-39.99999999999997
[*]N=P([*])(OCCC)OCCC,-83.99999999999997
[*]N=P([*])(OCCC)OCCCCC,-99.99999999999997
[*]N=P([*])(OCCCC)OCCCC,-104.99999999999997
[*]N=P([*])(OCCCCC)OCCCCC,-103.99999999999997
[*]N=P([*])(OCCCCCC)OCCCCCC,-103.99999999999997
[*]N=P([*])(OCCCCCCC)OCCCCCCC,-93.99999999999997
[*]N=P([*])(OCCCCCCCC)OCCCCCCCC,-83.99999999999997
[*]N=P([*])(OCCCCCCCCC)OCCCCCCCCC,-55.99999999999997
[*]N=P([*])(OCCCCCCCCCC)OCCCCCCCCCC,-43.99999999999997
[*]N=P([*])(OCCCCCCOC1COCCOCCOCCOCCOC1)OCCCCCCOC1COCCOCCOCCOCCOC1,-26.099999999999966
[*]N=P([*])(OCCCOC1COCCOCCOCCOCCOC1)OCCCOC1COCCOCCOCCOCCOC1,-19.599999999999966
[*]N=P([*])(OCCCc1ccccc1)OCCCc1ccccc1,-46.99999999999997
[*]N=P([*])(OCCOC)OCCOC,-77.99999999999997
[*]N=P([*])(OCCOCCOC)OCCOCCOC,-80.99999999999997
[*]N=P([*])(OCCOCCOCC)OCCOCCOCC,-77.99999999999997
[*]N=P([*])(OCCOCCOCCCC)OCCOCCOCCCC,-83.99999999999997
[*]N=P([*])(OCCOCCOCCOC)OCCOCCOCCOC,-8.0
[*]N=P([*])(OCCOCCOCCOCCOC)OCCOCCOCCOCCOC,-79.99999999999997
[*]N=P([*])(OCCOCCOCCOCCOCCCCCCCCCCCC)OCCOCCOCCOCCOCCCCCCCCCCCC,-53.599999999999966
[*]N=P([*])(OCCOCCOCCOCCOCCOC)OCCOCCOCCOCCOCCOC,-78.99999999999997
[*]N=P([*])(OCCOCCOCCOCCOCCOCCOC)OCCOCCOCCOCCOCCOCCOC,-75.99999999999997
[*]N=P([*])(OCCOCCOCCOCCOCCOCCOCCOCCOC)OCCOCCOCCOCCOCCOCCOCCOCCOC,-74.99999999999997
[*]N=P([*])(OCCOCCOCCOP1(OCCOCCOC)=NP(OCCOCCOC)(OCCOCCOC)=NP(OCCOCCOC)(OCCOCCOC)=N1)OCCOCCOCCOP1(OCCOCCOC)=NP(OCCOCCOC)(OCCOCCOC)=NP(OCCOCCOC)(OCCOCCOC)=N1,-37.99999999999997
[*]N=P([*])(OCCOCCOc1ccc(CCCCCCCC)cc1)OCCOCCOc1ccc(CCCCCCCC)cc1,-13.299999999999955
[*]N=P([*])(OCCOc1ccc(-c2ccc(Br)cc2)cc1)OCCOc1ccc(-c2ccc(Br)cc2)cc1,89.70000000000005
[*]N=P([*])(OCCOc1ccc(-c2ccc(I)cc2)cc1)OCCOc1ccc(-c2ccc(I)cc2)cc1,111.40000000000003
[*]N=P([*])(OCCOc1ccc(-c2ccccc2)cc1)OCCOc1ccc(-c2ccccc2)cc1,56.200000000000045
[*]N=P([*])(OCCOc1ccc(-c2ccccc2)cc1I)OCCOc1ccc(-c2ccccc2)cc1I,69.5
[*]N=P([*])(OCCOc1ccc(/N=N/c2ccc(CCCC)cc2)cc1)OCCOc1ccc(/N=N/c2ccc(CCCC)cc2)cc1,80.0
[*]N=P([*])(OCCOc1ccc2cc(Br)ccc2c1)OCCOc1ccc2cc(Br)ccc2c1,43.5
[*]N=P([*])(OCCOc1ccc2cc(I)ccc2c1)OCCOc1ccc2cc(I)ccc2c1,64.80000000000001
[*]N=P([*])(OCCOc1ccc2ccccc2c1)OCCOc1ccc2ccccc2c1,30.600000000000023
[*]N=P([*])(OCCc1ccccc1)OCCc1ccccc1,-32.69999999999999
[*]N=P([*])(OCc1ccc(-c2ccccc2)cc1)OCc1ccc(-c2ccccc2)cc1,60.0
[*]N=P([*])(OCc1ccc(Br)cc1)OCc1ccc(Br)cc1,-0.7999999999999545
[*]N=P([*])(OCc1ccccc1)OCc1ccccc1,-31.399999999999977
[*]N=P([*])(Oc1ccc(-c2ccccc2)cc1)Oc1ccc(-c2ccccc2)cc1,85.0
[*]N=P([*])(Oc1ccc(Br)cc1)Oc1ccc(Br)cc1,20.650000000000034
[*]N=P([*])(Oc1ccc(C(=O)OC)cc1)Oc1ccc(C(=O)OC)cc1,-32.99999999999997
[*]N=P([*])(Oc1ccc(C(C)(C)C)cc1)Oc1ccc(C(C)(C)C)cc1,57.0
[*]N=P([*])(Oc1ccc(C(C)C)cc1)Oc1ccc(C(C)C)cc1,0.0
[*]N=P([*])(Oc1ccc(C(C)CC)cc1)Oc1ccc(C(C)CC)cc1,-11.5
[*]N=P([*])(Oc1ccc(C)c(C)c1)Oc1ccc(C)c(C)c1,-1.5
[*]N=P([*])(Oc1ccc(C)cc1)Oc1ccc(C)cc1,5.0
[*]N=P([*])(Oc1ccc(C)cc1)n1cncn1,73.25
[*]N=P([*])(Oc1ccc(CC)cc1)Oc1ccc(CC)cc1,-12.5
[*]N=P([*])(Oc1ccc(Cc2ccccc2)cc1)Oc1ccc(Cc2ccccc2)cc1,13.300000000000011
[*]N=P([*])(Oc1ccc(Cl)cc1)Oc1ccc(Cl)cc1,4.0
[*]N=P([*])(Oc1ccc(Cl)cc1Cl)Oc1ccc(Cl)cc1Cl,2.0
[*]N=P([*])(Oc1ccc(F)cc1)Oc1ccc(F)cc1,-4.0
[*]N=P([*])(Oc1ccc(I)cc1)Oc1ccc(I)cc1,43.10000000000002
[*]N=P([*])(Oc1ccc(OC)cc1)Oc1ccc(OC)cc1,11.300000000000011
[*]N=P([*])(Oc1ccc2cc(I)ccc2c1)Oc1ccc2cc(I)ccc2c1,90.30000000000001
[*]N=P([*])(Oc1ccc2ccccc2c1)Oc1ccc2ccccc2c1,47.0
[*]N=P([*])(Oc1cccc(Br)c1)Oc1cccc(Br)c1,-2.5
[*]N=P([*])(Oc1cccc(C(F)(F)F)c1)Oc1cccc(C(F)(F)F)c1,-34.99999999999997
[*]N=P([*])(Oc1cccc(C)c1)Oc1cccc(C)c1,-24.99999999999997
[*]N=P([*])(Oc1cccc(Cl)c1)Oc1cccc(Cl)c1,-23.99999999999997
[*]N=P([*])(Oc1cccc(F)c1)Oc1cccc(F)c1,-37.99999999999997
[*]N=P([*])(Oc1ccccc1)Oc1ccccc1,-8.0
[*]N=P1([*])Oc2ccc3ccccc3c2-c2c(ccc3ccccc23)O1,291.0
[*]N=P1([*])Oc2ccccc2-c2ccccc2O1,160.0
[*]NC(=O)C(=O)Nc1cc([*])ccc1C,-54.64999999999998
[*]NC(=O)C(C)OC(=O)C([*])C,57.650000000000034
[*]NC(=O)C(Cc1ccccc1)NC(=O)CCCCCCCCC(=O)NC(Cc1ccccc1)C(=O)NC(C(=O)NCC(=O)NCCCOCCOCCOCCCNC(=O)CNC(=O)C([*])C(C)C)C(C)C,58.0
[*]NC(=O)C(Cc1ccccc1)NC(=O)CCCCCCCCC(=O)NC(Cc1ccccc1)C(=O)NC(C(=O)NCCCOCCOCCOCCCNC(=O)C([*])C(C)C)C(C)C,66.0
[*]NC(=O)CCCCC(=O)NC(C(=O)OC1COC2C(OC(=O)C([*])C(C)CC)COC12)C(C)CC,102.0
[*]NC(=O)CCCCC(=O)NC(C)C(=O)OC1COC2C(OC(=O)C([*])C)COC12,56.0
[*]NC(=O)CCCCC(=O)NC(CC(C)C)C(=O)OC1COC2C(OC(=O)C([*])CC(C)C)COC12,91.0
[*]NC(=O)CCCCC(=O)NC(CCSC)C(=O)OC1COC2C(OC(=O)C([*])CCSC)COC12,71.0
[*]NC(=O)CCCCC(=O)NCC1(C)CC([*])CC(C)(C)C1,150.8
[*]NC(=O)CCCCC(=O)Nc1cc([N+](=O)[O-])c([*])cc1/C=C/c1ccc(N(C)C)cc1,206.0
[*]NC(=O)CCCCCC(=O)NC(C)C(=O)OC1COC2C(OC(=O)C([*])C)COC12,45.0
[*]NC(=O)CCCCCCC(=O)NC(C)C(=O)OC1COC2C(OC(=O)C([*])C)COC12,57.0
[*]NC(=O)CCCCCCC(=O)Nc1cc([N+](=O)[O-])c([*])cc1/C=C/c1ccc(N(C)C)cc1,180.0
[*]NC(=O)CCCCCCCC(=O)NC(C)C(=O)OC1COC2C(OC(=O)C([*])C)COC12,46.0
[*]NC(=O)CCCCCCCCC(=O)NC(C(=O)OC1COC2C(OC(=O)C([*])C(C)CC)COC12)C(C)CC,91.0
[*]NC(=O)CCCCCCCCC(=O)NC(C)C(=O)OC1COC2C(OC(=O)C([*])C)COC12,57.0
[*]NC(=O)CCCCCCCCC(=O)NC(CC(C)C)C(=O)OC1COC2C(OC(=O)C([*])CC(C)C)COC12,89.0
[*]NC(=O)CCCCCCCCC(=O)NC(CCSC)C(=O)OC1COC2C(OC(=O)C([*])CCSC)COC12,61.0
[*]NC(=O)CCCCCCCCC(=O)Nc1cc([N+](=O)[O-])c([*])cc1/C=C/c1ccc(N(C)C)cc1,159.0
[*]NC(=O)CCCCCCCCCCC(=O)NC(C)C(=O)OC1COC2C(OC(=O)C([*])C)COC12,28.0
[*]NC(=O)CCCCCCCCCCC(=O)Nc1cc([N+](=O)[O-])c([*])cc1/C=C/c1ccc(N(C)C)cc1,144.0
[*]NC(=O)CCCCCCCCCCCCC(=O)Nc1cc([N+](=O)[O-])c([*])cc1/C=C/c1ccc(N(C)C)cc1,125.0
[*]NC(=O)COC(=O)C([*])C,54.60000000000002
[*]NC(=O)Nc1ccc(CCc2ccccc2NC(=O)Nc2cc([*])ccc2C)cc1,227.0
[*]NC(=O)Nc1ccc(Oc2ccc(NC(=O)NCC3(C)CC([*])CC(C)(C)C3)cc2)cc1,274.0
[*]NC(=O)Nc1ccc(Oc2ccc(NC(=O)NCC3(C)CC([*])CC(C)(C)C3)cc2-c2ccc(Oc3ccccc3)cc2)c(-c2ccc(Oc3ccccc3)cc2)c1,281.0
[*]NC(=O)Nc1ccc(Oc2ccc(NC(=O)Nc3ccc(C)c([*])c3)cc2)cc1,269.0
[*]NC(=O)Nc1ccc(Oc2ccc(NC(=O)Nc3ccc(C)c([*])c3)cc2-c2ccc(Oc3ccccc3)cc2)c(-c2ccc(Oc3ccccc3)cc2)c1,279.0
[*]NC(=O)OC1CCN(c2ccc(/C=C/C3=CC(=C(C#N)C#N)C=C(/C=C/c4ccc(N5CCC(OC(=O)Nc6ccc(C)c([*])c6)CC5)s4)O3)s2)CC1,212.0
[*]NC(=O)OCC(C)(C)COC(=O)Nc1ccc(C)c([*])c1,-31.99999999999997
[*]NC(=O)OCCCCCCCCCCCOc1ccc(-c2ccc(OCCCCCCCCCCCOC(=O)Nc3ccc([*])cc3C)cc2)cc1,77.0
[*]NC(=O)OCCCCCCCCCCOC(=O)Nc1cc([*])ccc1C,18.0
[*]NC(=O)OCCCCCCCCCOC(=O)Nc1ccc(C)c([*])c1,62.0
[*]NC(=O)OCCCCCCCCOC(=O)Nc1cc([*])ccc1C,64.0
[*]NC(=O)OCCCCCCCCOc1ccc(-c2ccc(OCCCCCCCCOC(=O)Nc3ccc([*])cc3C)cc2)cc1,81.0
[*]NC(=O)OCCCCCCCOC(=O)Nc1ccc(C)c([*])c1,61.0
[*]NC(=O)OCCCCCCOC(=O)Nc1cc([*])ccc1C,32.0
[*]NC(=O)OCCCCCCOc1ccc(-c2ccc(OCCCCCCOC(=O)Nc3cc([*])ccc3C)cc2)cc1,87.0
[*]NC(=O)OCCCCCCOc1ccc(-c2ccc(OCCCCCCOC(=O)Nc3ccc([*])cc3C)cc2)cc1,89.0
[*]NC(=O)OCCCCCOC(=O)Nc1ccc(C)c([*])c1,52.0
[*]NC(=O)OCCCCCOC(=O)c1ccccc1C(=O)O[Ca]OC(=O)c1ccccc1C(=O)OCCCCCOC(=O)Nc1ccc(C)c([*])c1,5.100000000000023
[*]NC(=O)OCCCCCOC(=O)c1ccccc1C(=O)O[Cd]OC(=O)c1ccccc1C(=O)OCCCCCOC(=O)Nc1ccc(C)c([*])c1,2.3000000000000114
[*]NC(=O)OCCCCCOC(=O)c1ccccc1C(=O)O[Pb]OC(=O)c1ccccc1C(=O)OCCCCCOC(=O)Nc1ccc(C)c([*])c1,-11.299999999999955
[*]NC(=O)OCCCCCOC(=O)c1ccccc1C(=O)O[Zn]OC(=O)c1ccccc1C(=O)OCCCCCOC(=O)Nc1ccc(C)c([*])c1,4.2000000000000455
[*]NC(=O)OCCCCOC(=O)Nc1cc([*])ccc1C,42.0
[*]NC(=O)OCCCCn1c2ccccc2c2cc(/C=C(\C#N)C(=O)OCCCCCCOC(=O)/C(C#N)=C/c3ccc4c(c3)c3ccccc3n4CCCCOC(=O)Nc3cc([*])ccc3C)ccc21,117.0
[*]NC(=O)OCCCOC(=O)Nc1ccc(C)c([*])c1,6.0
[*]NC(=O)OCCN(C)c1ccc(/C=C/C2=CC(=C(C#N)C#N)C=C(C=Cc3ccc(N(C)CCOC(=O)Nc4ccc(C)c([*])c4)s3)O2)s1,183.0
[*]NC(=O)OCCN(C)c1ccc(/N=N/c2ccc(/C=C/C3=CC(=C(C#N)C#N)C=C(C=Cc4ccc(/N=N/c5ccc(N(C)CCOC(=O)Nc6ccc(C)c([*])c6)cc5)cc4)O3)cc2)cc1,196.0
[*]NC(=O)OCCN(CCCCCCOc1ccc(/C=C/c2ccc([N+](=O)[O-])cc2)cc1)CCOC(=O)Nc1ccc(C)c([*])c1,58.5
[*]NC(=O)OCCN(CCOC(=O)NC(C)(C)c1cccc(C([*])(C)C)c1)c1ccc(/N=N/c2ccc([N+](=O)[O-])cc2)cc1,103.0
[*]NC(=O)OCCN(CCOC(=O)NCC1(C)CC([*])CC(C)(C)C1)c1ccc(/N=N/c2ccc(C#N)cc2)cc1,136.0
[*]NC(=O)OCCN(CCOC(=O)NCC1(C)CC([*])CC(C)(C)C1)c1ccc(/N=N/c2ccc([N+](=O)[O-])cc2)cc1,137.0
[*]NC(=O)OCCN(CCOC(=O)NCC1(C)CC([*])CC(C)(C)C1)c1ccc(C=C(C#N)C#N)cc1,145.0
[*]NC(=O)OCCN(CCOC(=O)Nc1ccc(C)c([*])c1)c1ccc(-c2nc3ccc([N+](=O)[O-])cc3o2)cc1,156.0
[*]NC(=O)OCCN(CCOC(=O)Nc1ccc(C)c([*])c1)c1ccc(/C=C/c2ccc([N+](=O)[O-])cc2)cc1,121.0
[*]NC(=O)OCCN(CCOC(=O)Nc1ccc(C)c([*])c1)c1ccc(/C=C2/NC(=O)NC2=O)cc1,178.0
[*]NC(=O)OCCN(CCOC(=O)Nc1ccc(C)c([*])c1)c1ccc(/N=N/c2ccc(-c3nc4cc([N+](=O)[O-])ccc4[nH]3)cc2)cc1,188.0
[*]NC(=O)OCCN(CCOC(=O)Nc1ccc(C)c([*])c1)c1ccc(/N=N/c2ccc(-c3nc4ccccc4o3)cc2)cc1,152.0
[*]NC(=O)OCCN(CCOC(=O)Nc1ccc(C)c([*])c1)c1ccc(/N=N/c2ccc([N+](=O)[O-])cc2)cc1,144.0
[*]NC(=O)OCCN(CCOC(=O)Nc1ccc(C)c([*])c1)c1ccc(C(C#N)=C(C#N)C#N)cc1,125.0
[*]NC(=O)OCCN(CCOC(=O)Nc1ccc(C)c([*])c1)c1ccccc1,31.900000000000034
[*]NC(=O)OCCN(CCOC(=O)Nc1cccc([*])c1C)c1ccc(/C=C/c2ccc([N+](=O)[O-])cc2)cc1,123.0
[*]NC(=O)OCCN(CCOC(=O)Nc1cccc([*])c1C)c1ccc(/N=N/c2ccc([N+](=O)[O-])cc2)cc1,147.0
[*]NC(=O)OCCOC(=O)NCC1(C)CC([*])CC(C)(C)C1,84.0
[*]NC(=O)OCCOC(=O)Nc1cc([*])ccc1C,52.0
[*]NC(=O)OCCOc1ccc(C2(c3ccc(OCCOC(=O)Nc4cc([*])ccc4C)cc3)c3ccccc3-c3ccccc32)cc1,175.0
[*]NC(=O)OCCn1cc(/N=N/c2ccc([N+](=O)[O-])cc2OCCOC(=O)Nc2cc([*])ccc2C)c2cc(-c3ccccc3)ccc21,165.0
[*]NC(=O)OCCn1cc(/N=N/c2ccc([N+](=O)[O-])cc2OCCOC(=O)Nc2cc([*])ccc2C)c2ccccc21,150.0
[*]NC(=O)Oc1ccc(-c2[nH]c(-c3ccc(-c4nc(-c5ccc([N+](=O)[O-])cc5)c(-c5ccc([N+](=O)[O-])cc5)[nH]4)cc3)nc2-c2ccc(OC(=O)Nc3ccc(-c4ccc([*])cc4OC)c(OC)c3)cc2)cc1,223.0
[*]NC(=O)Oc1ccc(-c2[nH]c(-c3ccc([N+](=O)[O-])cc3)nc2-c2ccc(OC(=O)Nc3ccc(-c4ccc([*])cc4OC)c(OC)c3)cc2)cc1,202.0
[*]NC(=O)Oc1ccc(/N=C/C=N/c2ccc(OC(=O)NCC3(C)CC([*])CC(C)(C)C3)cc2)cc1,62.0
[*]NC(=O)Oc1ccc(/N=C/C=N/c2ccc(OC(=O)Nc3cc([*])ccc3C)cc2)cc1,76.0
[*]NC(=O)Oc1ccc(/N=C/CCC/C=N/c2ccc(OC(=O)NCC3(C)CC([*])CC(C)(C)C3)cc2)cc1,66.0
[*]NC(=O)Oc1ccc(/N=C/CCC/C=N/c2ccc(OC(=O)Nc3ccc(C)c([*])c3)cc2)cc1,69.0
[*]NC(=O)c1cc(OCCCN(C)c2ccc(/N=N/c3ccc(S(C)(=O)=O)cc3)cc2)cc(C(=O)Nc2cc([*])cc(C(=O)OCCCN(C)c3ccc(/N=N/c4ccc(S(C)(=O)=O)cc4)cc3)c2)c1,168.0
[*]NC(=O)c1cc(OCCN(C)c2ccc(C#N)cc2)cc(C(=O)Nc2cc([*])cc(C(=O)OCCN(C)c3ccc(C#N)cc3)c2)c1,167.0
[*]NC(=O)c1cc(OCCN(C)c2ccc(C#N)cc2)cc(C(=O)Nc2cc([*])cc(C(=O)OCCN(C)c3ccc(S(=O)(=O)C(F)(F)C(F)(F)C(F)(F)C(F)(F)C(F)(F)C(F)(F)C(F)(F)C(F)(F)F)cc3)c2)c1,165.0
[*]NC(=O)c1cc(OCCN(C)c2ccc(S(=O)(=O)C(F)(F)C(F)(F)C(F)(F)C(F)(F)C(F)(F)C(F)(F)C(F)(F)C(F)(F)F)cc2)cc(C(=O)Nc2cc([*])cc(C(=O)OCCN(C)c3ccc(C#N)cc3)c2)c1,157.0
[*]NC(=O)c1cc(OCCN(C)c2ccc([N+](=O)[O-])cc2)cc(C(=O)Nc2cc([*])cc(C(=O)OC)c2)c1,177.0
[*]NC(=O)c1cc(OCCN(C)c2ccc([N+](=O)[O-])cc2)cc(C(=O)Nc2cc([*])cc(C(=O)OC3CC(C)CCC3C(C)C)c2)c1,193.0
[*]NC(=O)c1ccc(-c2ccc(C(=O)Nc3cc([*])cc(C(=O)OCCOc4ccc(/C=C/C(=O)c5ccccc5)cc4)c3)cc2)cc1,254.0
[*]NC(=O)c1ccc(-n2c(=O)c3cc4c(=O)n(-c5ccc([*])c(C(=O)OCC)c5)c(=O)c4cc3c2=O)cc1,340.0
[*]NC(=O)c1ccc(C(=O)Nc2cc([*])cc(C(=O)OCCOC(=O)/C=C/c3ccc(N(C)C)cc3)c2)cc1,198.0
[*]NC(=O)c1ccc(C(=O)Nc2cc([*])cc(C(=O)OCCOc3ccc(/C=C/C(=O)c4ccccc4)cc3)c2)cc1,233.0
[*]NC(=O)c1ccc(NC(=O)CCCCCCC(=O)Nc2ccc(C(=O)Nc3ccc([*])cc3C(=O)OCCCCCCCCCCCCCCCCCC)cc2)cc1,305.0
[*]NC(=O)c1ccc(NC(=O)CCCCCCCCC(=O)Nc2ccc(C(=O)Nc3ccc([*])cc3C(=O)OCCCCCCCCCCCC)cc2)cc1,228.5
[*]NC(=O)c1ccc(NC(=O)CCCCCCCCC(=O)Nc2ccc(C(=O)Nc3ccc([*])cc3C(=O)OCCCCCCCCCCCCCC)cc2)cc1,225.0
[*]NC(=O)c1ccc(NC(=O)CCCCCCCCC(=O)Nc2ccc(C(=O)Nc3ccc([*])cc3C(=O)OCCCCCCCCCCCCCCCC)cc2)cc1,220.0
[*]NC(=O)c1ccc(NC(=O)CCCCCCCCC(=O)Nc2ccc(C(=O)Nc3ccc([*])cc3C(=O)OCCCCCCCCCCCCCCCCCC)cc2)cc1,280.0
[*]NC(=O)c1ccc(NC(=O)CCCCCCCCCCC(=O)Nc2ccc(C(=O)Nc3ccc([*])cc3C(=O)OCCCCCCCCCCCC)cc2)cc1,205.5
[*]NC(=O)c1ccc(NC(=O)CCCCCCCCCCC(=O)Nc2ccc(C(=O)Nc3ccc([*])cc3C(=O)OCCCCCCCCCCCCCC)cc2)cc1,199.5
[*]NC(=O)c1ccc(NC(=O)CCCCCCCCCCC(=O)Nc2ccc(C(=O)Nc3ccc([*])cc3C(=O)OCCCCCCCCCCCCCCCC)cc2)cc1,199.5
[*]NC(=O)c1ccc(NC(=O)CCCCCCCCCCC(=O)Nc2ccc(C(=O)Nc3ccc([*])cc3C(=O)OCCCCCCCCCCCCCCCCCC)cc2)cc1,196.5
[*]NC(=O)c1ccc(NC(=O)CCCCCCCCCCCCC(=O)Nc2ccc(C(=O)Nc3ccc([*])cc3C(=O)OCCCCCCCCCCCC)cc2)cc1,199.5
[*]NC(=O)c1ccc(NC(=O)CCCCCCCCCCCCC(=O)Nc2ccc(C(=O)Nc3ccc([*])cc3C(=O)OCCCCCCCCCCCCCC)cc2)cc1,204.5
[*]NC(=O)c1ccc(NC(=O)CCCCCCCCCCCCC(=O)Nc2ccc(C(=O)Nc3ccc([*])cc3C(=O)OCCCCCCCCCCCCCCCC)cc2)cc1,250.0
[*]NC(=O)c1ccc(NC(=O)CCCCCCCCCCCCC(=O)Nc2ccc(C(=O)Nc3ccc([*])cc3C(=O)OCCCCCCCCCCCCCCCCCC)cc2)cc1,191.0
[*]NC(=O)c1ccc(OC(=O)c2cccc(C(=O)Oc3ccc(C(=O)Nc4cc(C(c5ccc(C)c([*])c5)(C(F)(F)F)C(F)(F)F)ccc4C)cc3)c2)cc1,214.0
[*]NC(=O)c1ccc(Oc2cc(C(C)(C)C)c(Oc3ccc(C(=O)Nc4c(C)cc(Cc5cc(C)c([*])c(C(C)C)c5)cc4C(C)C)cc3)cc2C(C)(C)C)cc1,260.0
[*]NC(=O)c1ccc(Oc2ccc(C(=O)Nc3cc(SCCC#N)c([*])cc3SCCC#N)cc2)cc1,158.0
[*]NC(=O)c1ccc(Oc2ccc(C(=O)Nc3cc([*])cc(C(=O)OCCOC(=O)/C=C/c4ccc(N(C)C)cc4)c3)cc2)cc1,182.0
[*]NC(=O)c1ccc2c(c1)C(=O)N(C1CC(=O)N(c3cc(C)ccc3[*])C1=O)C2=O,237.0
[*]NC(=O)c1ccc2c(c1)C(=O)N(c1c(C)cc(C)c(N3C(=O)c4ccc(C(=O)Nc5c(C)cc(C)c([*])c5C)cc4C3=O)c1C)C2=O,288.0
[*]NC(=O)c1ccc2c(c1)C(=O)N(c1c(C)cc(C)c(N3C(=O)c4ccc(C(=O)Nc5ccc(-c6ccc([*])cc6C)c(C)c5)cc4C3=O)c1C)C2=O,259.0
[*]NC(=O)c1ccc2c(c1)C(=O)N(c1ccc(Oc3ccc(N4C(=O)c5ccc(C(=O)Nc6ccc([*])cc6OCCCCCCS(=O)(=O)c6ccc(/C=C/c7ccc(N(C)C)cc7)cc6)cc5C4=O)cc3)cc1)C2=O,192.0
[*]NC(=O)c1ccc2cc(C(=O)Nc3cc([*])cc(C(=O)OCCOc4ccc(/C=C/C(=O)c5ccccc5)cc4)c3)ccc2c1,247.0
[*]NC(=O)c1cccc(C(=O)Nc2cc([*])cc(C(=O)OCCOC(=O)/C=C/c3ccc(N(C)C)cc3)c2)c1,186.0
[*]NC(=O)c1cccc(C(=O)Nc2cc([*])cc(C(=O)OCCOc3ccc(/C=C/C(=O)c4ccccc4)cc3)c2)c1,216.0
[*]NC(=O)c1cccc(C(=O)Nc2cc([*])cc(C(=O)Oc3ccc(Oc4ccc(C#N)c(C#N)c4)cc3)c2)c1,305.0
[*]NC(=S)Nc1cccc(NC(=O)c2ccc(C(=O)Nc3ccc(C([*])=O)cc3)cc2)c1,273.0
[*]NC(=S)Nc1cccc(NC(=O)c2cccc(C(=O)Nc3ccc(C([*])=O)cc3)c2)c1,270.0
[*]NC(C)(CC)C([*])=O,74.15000000000003
[*]NC(CCC(=O)Nc1ccc(N(c2ccccc2)c2ccccc2)cc1)C([*])=O,132.0
[*]NC(CCC(=O)OC)C([*])=O,0.0
[*]NC(CCC(=O)OCC)C([*])=O,0.0
[*]NC(CCC(=O)OCCC)C([*])=O,-10.0
[*]NC(CCC(=O)OCCCC)C([*])=O,-15.0
[*]NC(CCC(=O)OCCCCC)C([*])=O,-19.99999999999997
[*]NC(CCC(=O)OCCCCCC)C([*])=O,-24.99999999999997
[*]NC(CCC(=O)OCCCCCCCC)C([*])=O,-59.49999999999997
[*]NC(CCC(=O)OCCCCCCCCCC)C([*])=O,-61.99999999999997
[*]NC(CCC(=O)OCc1ccc(C(F)(F)F)cc1)C([*])=O,26.57000000000005
[*]NC(CCC(=O)OCc1ccc(F)cc1)C([*])=O,46.900000000000034
[*]NC(CCC(=O)OCc1ccc([N+](=O)[O-])cc1)C([*])=O,53.150000000000034
[*]NC(CCC(=O)OCc1ccccc1)C([*])=O,17.0
[*]NC1CCC(CC2CCC(NC(=O)OC3CC4CC(OC([*])=O)CC(C3)O4)CC2)CC1,225.0
[*]NC1CCC(CC2CCC(NC(=O)OCCCCCCOc3ccc(CCc4ccc(OCCCCCCOC([*])=O)cc4)cc3)CC2)CC1,40.30000000000001
[*]NC1CCC(CC2CCC(NC(=O)OCCOc3ccc(C4(c5ccc(OCCOC([*])=O)cc5)c5ccccc5-c5ccccc54)cc3)CC2)CC1,140.0
[*]NC1CCC(CC2CCC(NC(=O)c3ccc4c(c3)C(=O)N(c3ccc(C([*])=O)cc3)C4=O)CC2)CC1,275.0
[*]NC1CCCC(C([*])=O)O1,145.0
[*]NCC(F)(F)C(F)(F)C(F)(F)C(F)(F)CNC(=O)OCC(F)(F)C(F)(F)C(F)(F)C(F)(F)COC([*])=O,20.0
[*]NCC(F)(F)C(F)(F)C(F)(F)C(F)(F)CNC(=O)OCC(F)(F)C(F)(F)C(F)(F)COC([*])=O,25.0
[*]NCC(F)(F)C(F)(F)C(F)(F)C(F)(F)CNC(=O)OCC(F)(F)C(F)(F)COC([*])=O,38.0
[*]NCC(F)(F)C(F)(F)C(F)(F)C(F)(F)CNC(=O)OCCCCCCOC([*])=O,5.0
[*]NCC(F)(F)C(F)(F)C(F)(F)C(F)(F)CNC(=O)OCCCCCOC([*])=O,33.0
[*]NCC(F)(F)C(F)(F)C(F)(F)C(F)(F)CNC(=O)OCCCCOC([*])=O,33.0
[*]NCC1CCC(CNC(=O)c2cccc(C([*])=O)c2)CC1,208.0
[*]NCC1CCCC(CNC(=O)c2cccc(C([*])=O)c2)C1,180.0
[*]NCCCC1(CCCNC(=O)c2cccc(C([*])=O)c2)c2ccccc2-c2ccccc21,175.0
[*]NCCCC1(CCCNC(=O)c2ccccc2-c2ccccc2C([*])=O)c2ccccc2-c2ccccc21,165.0
[*]NCCCCCCCCCCCCCCCCCCNC(=O)NCc1ccc(CNC([*])=O)cc1,52.0
[*]NCCCCCCCCCCCCCCCCCCNC(=O)Nc1ccc(Cc2ccc(NC([*])=O)cc2)cc1,48.0
[*]NCCCCCCCCCCCCCCNC(=O)NCCCCCCCCCCNC([*])=O,40.0
[*]NCCCCCCCCCCCCCCNC(=O)NCCCCCCNC([*])=O,47.0
[*]NCCCCCCCCCCCCCCNC(=O)NCc1ccc(CNC([*])=O)cc1,54.0
[*]NCCCCCCCCCCCCNC(=O)NCCCCCCNC([*])=O,49.0
[*]NCCCCCCCCCCCCNC(=O)Nc1ccc(Cc2ccc(NC([*])=O)cc2)cc1,51.0
[*]NCCCCCCCCCCCCNC(=O)c1ccc(-c2nc3ccccc3nc2-c2ccc(C([*])=O)cc2)cc1,154.0
[*]NCCCCCCCCCCCCNC(=O)c1ccc(C([*])=O)cc1,130.0
[*]NCCCCCCCCCCCCNC(=O)c1ccc(C([*])=O)cc1Oc1ccccc1,75.0
[*]NCCCCCCCCCCCCNC(=O)c1ccc(C([*])=O)cc1Sc1ccccc1,92.0
[*]NCCCCCCCCCCNC(=O)NCc1ccc(CNC([*])=O)cc1,55.0
[*]NCCCCCCCCCCNC(=O)Nc1ccc(Cc2ccc(NC([*])=O)cc2)cc1,46.0
[*]NCCCCCCCCCCNC(=O)OCCCCCCCCCCCCCCCCOC([*])=O,34.0
[*]NCCCCCCCCCCNC(=O)OCCCCCCCCCCCCOC([*])=O,34.0
[*]NCCCCCCCCCCNC(=O)OCCOC([*])=O,60.80000000000001
[*]NCCCCCCCCCCNC(=O)c1ccc(-c2nc3ccccc3nc2-c2ccc(C([*])=O)cc2)cc1,166.0
[*]NCCCCCCCCCCNC(=O)c1ccc(C([*])=O)cc1Oc1ccccc1,94.0
[*]NCCCCCCCCCCNC(=O)c1ccc(C([*])=O)cc1Sc1ccccc1,100.0
[*]NCCCCCCCCCCNC(=O)c1ccc(Cc2ccc(C([*])=O)cc2)cc1,140.0
[*]NCCCCCCCCCNC(=O)Nc1ccc(Cc2ccc(NC([*])=O)cc2)cc1,-49.99999999999997
[*]NCCCCCCCCCNC(=O)OCCOC([*])=O,44.0
[*]NCCCCCCCCCNC(=O)c1ccc(C([*])=O)cc1,115.0
[*]NCCCCCCCCCNC([*])=O,130.0
[*]NCCCCCCCCCNC([*])=S,48.0
[*]NCCCCCCCCNC(=O)NCc1ccc(CNC([*])=O)cc1,68.0
[*]NCCCCCCCCNC(=O)Nc1ccc(Cc2ccc(NC([*])=O)cc2)cc1,50.0
[*]NCCCCCCCCNC(=O)c1ccc(-c2nc3ccccc3nc2-c2ccc(C([*])=O)cc2)cc1,185.0
[*]NCCCCCCCCNC(=O)c1ccc(C([*])=O)cc1,123.0
[*]NCCCCCCCCNC(=O)c1ccc(C([*])=O)cc1Oc1ccccc1,96.0
[*]NCCCCCCCCNC(=O)c1ccc(C([*])=O)cc1Sc1ccccc1,110.0
[*]NCCCCCCCCNC(=O)c1cccc(C([*])=O)c1,110.0
[*]NCCCCCCCNC(=O)c1ccc(C([*])=O)cc1,160.0
[*]NCCCCCCCNC([*])=O,62.0
[*]NCCCCCCCNC([*])=S,52.0
[*]NCCCCCCNC(=O)C([*])=O,250.0
[*]NCCCCCCNC(=O)NCc1ccc(CNC([*])=O)cc1,72.0
[*]NCCCCCCNC(=O)Nc1ccc(Cc2ccc(NC([*])=O)cc2)cc1,78.0
[*]NCCCCCCNC(=O)Nc1cccc(NC([*])=O)n1,170.0
[*]NCCCCCCNC(=O)Nc1ccccc1CCc1ccc(NC([*])=O)cc1,150.0
[*]NCCCCCCNC(=O)OC(COC([*])=O)c1ccco1,17.0
[*]NCCCCCCNC(=O)OC/C=C/COC([*])=O,-38.99999999999997
[*]NCCCCCCNC(=O)OCC#CCOC([*])=O,-44.99999999999997
[*]NCCCCCCNC(=O)OCC(F)(F)C(F)(F)C(F)(F)C(F)(F)COC([*])=O,-2.0
[*]NCCCCCCNC(=O)OCC(F)(F)C(F)(F)C(F)(F)COC([*])=O,16.0
[*]NCCCCCCNC(=O)OCC(F)(F)C(F)(F)COC([*])=O,9.0
[*]NCCCCCCNC(=O)OCCCCCCCCCCCCCCCCOC([*])=O,39.0
[*]NCCCCCCNC(=O)OCCCCCCCCCCCCOC([*])=O,36.0
[*]NCCCCCCNC(=O)OCCCCCCCCCCOC([*])=O,55.0
[*]NCCCCCCNC(=O)OCCCCCCCCCOC([*])=O,58.0
[*]NCCCCCCNC(=O)OCCCCCCCCOC([*])=O,58.0
[*]NCCCCCCNC(=O)OCCCCCCCOC([*])=O,55.0
[*]NCCCCCCNC(=O)OCCCCCCOC([*])=O,168.0
[*]NCCCCCCNC(=O)OCCCCCOC(=O)c1ccccc1C(=O)O[Ca]OC(=O)c1ccccc1C(=O)OCCCCCOC([*])=O,-2.3999999999999773
[*]NCCCCCCNC(=O)OCCCCCOC(=O)c1ccccc1C(=O)O[Cd]OC(=O)c1ccccc1C(=O)OCCCCCOC([*])=O,-6.7999999999999545
[*]NCCCCCCNC(=O)OCCCCCOC(=O)c1ccccc1C(=O)O[Pb]OC(=O)c1ccccc1C(=O)OCCCCCOC([*])=O,-19.19999999999999
[*]NCCCCCCNC(=O)OCCCCCOC(=O)c1ccccc1C(=O)O[Zn]OC(=O)c1ccccc1C(=O)OCCCCCOC([*])=O,-4.2999999999999545
[*]NCCCCCCNC(=O)OCCCCCOC([*])=O,33.0
[*]NCCCCCCNC(=O)OCCCCOC([*])=O,33.5
[*]NCCCCCCNC(=O)OCCCOC([*])=O,55.0
[*]NCCCCCCNC(=O)OCCN(CCOC([*])=O)c1ccccc1,31.900000000000034
[*]NCCCCCCNC(=O)OCCOC([*])=O,56.0
[*]NCCCCCCNC(=O)OCCOCCOC([*])=O,17.0
[*]NCCCCCCNC(=O)OCCOCCOCCOC([*])=O,-6.5
[*]NCCCCCCNC(=O)OCCOCCOCCOCCOC([*])=O,-17.0
[*]NCCCCCCNC(=O)OCCOCCOCCOCCOCCOCCOC([*])=O,-30.99999999999997
[*]NCCCCCCNC(=O)OCCOc1ccc(C2(c3ccc(OCCOC([*])=O)cc3)c3ccccc3-c3ccccc32)cc1,61.0
[*]NCCCCCCNC(=O)OCc1ccc(COC([*])=O)o1,33.0
[*]NCCCCCCNC(=O)Oc1ccc(/N=C/C=N/c2ccc(OC([*])=O)cc2)cc1,80.0
[*]NCCCCCCNC(=O)Oc1ccc(/N=C/CCC/C=N/c2ccc(OC([*])=O)cc2)cc1,72.0
[*]NCCCCCCNC(=O)c1c(Cl)c(Cl)c(C([*])=O)c(Cl)c1Cl,282.0
[*]NCCCCCCNC(=O)c1ccc(-c2nc3ccccc3nc2-c2ccc(C([*])=O)cc2)cc1,201.0
[*]NCCCCCCNC(=O)c1ccc(C([*])=O)cc1,132.5
[*]NCCCCCCNC(=O)c1ccc(C([*])=O)cc1Oc1ccc(-c2ccccc2)cc1,112.0
[*]NCCCCCCNC(=O)c1ccc(C([*])=O)cc1Oc1ccc(Br)cc1,116.0
[*]NCCCCCCNC(=O)c1ccc(C([*])=O)cc1Oc1ccc(Cl)cc1,112.0
[*]NCCCCCCNC(=O)c1ccc(C([*])=O)cc1Oc1ccc(F)cc1,113.0
[*]NCCCCCCNC(=O)c1ccc(C([*])=O)cc1Oc1ccccc1,108.0
[*]NCCCCCCNC(=O)c1ccc(C([*])=O)cc1Sc1ccccc1,121.0
[*]NCCCCCCNC(=O)c1ccc(C([*])=O)cn1,80.0
[*]NCCCCCCNC(=O)c1ccc2c(c1)C(=O)N(c1ccc(C([*])=O)cc1)C2=O,225.0
[*]NCCCCCCNC(=O)c1ccccc1-c1ccccc1C([*])=O,122.5
[*]NCCCCCCNC(=O)c1ccccc1C(=O)NNC(=O)c1ccccc1C([*])=O,224.5
[*]NCCCCCCNS(=O)(=O)C(F)(F)C([*])=O,52.0
[*]NCCCCCCNS(=O)(=O)c1cccc(S([*])(=O)=O)c1,67.0
[*]NCCCCCCNc1nc([*])nc(-c2ccccc2)n1,95.0
[*]NCCCCCNC(=O)c1ccc(C([*])=O)cc1,177.0
[*]NCCCCCNC([*])=S,55.0
[*]NCCCCCNS(=O)(=O)c1cccc(S([*])(=O)=O)c1,74.0
[*]NCCCCCc1nc2cc(-c3ccc4[nH]c(CCCCCNc5nc([*])nc(N(CC)CC)n5)nc4c3)ccc2[nH]1,190.0
[*]NCCCCNC(=O)C([*])=O,120.0
[*]NCCCCNC(=O)OCCCCCCOC([*])=O,16.0
[*]NCCCCNC(=O)OCCCCOC([*])=O,7.0
[*]NCCCCNC(=O)c1ccc(C([*])=O)cc1Oc1ccccc1,125.0
[*]NCCCCNC(=O)c1ccc(C([*])=O)cc1Sc1ccccc1,136.0
[*]NCCCCNC(=O)c1ccc(N=Nc2ccc(C([*])=O)cc2)cc1,215.0
[*]NCCCCNC(=O)c1cccc(C([*])=O)c1,141.0
[*]NCCCCNS(=O)(=O)c1cccc(S([*])(=O)=O)c1,82.0
[*]NCCCNC(=O)c1ccc(C([*])=O)cc1,180.0
[*]NCCCNS(=O)(=O)c1cccc(S([*])(=O)=O)c1,92.0
[*]NCCCOC([*])=O,26.0
[*]NCCCOCCCNC(=O)c1ccc(C([*])=O)cc1,72.0
[*]NCCN(CCN1C(=O)c2ccc(C([*])=O)cc2C1=O)c1ccc(/C=C/c2ccc([N+](=O)[O-])cc2)cc1,142.0
[*]NCCN(CCNC(=O)c1ccc([Si](c2ccccc2)(c2ccccc2)c2ccc(C([*])=O)cc2)cc1)c1ccc(/C=C/c2ccc([N+](=O)[O-])cc2)cc1,165.0
[*]NCCN(CCNC(=O)c1ccc2c(c1)C(=O)N(c1ccc(C([*])=O)cc1)C2=O)c1ccc(/C=C/c2ccc([N+](=O)[O-])cc2)cc1,178.0
[*]NCCN(CCNC(=O)c1ccc2c(c1)C(=O)N(c1ccc(Oc3ccc(N4C(=O)c5ccc(C([*])=O)cc5C4=O)cc3)cc1)C2=O)c1ccc(/C=C/c2ccc([N+](=O)[O-])cc2)cc1,224.0
[*]NCCN(CCNC(=O)c1cccc(N2C(=O)c3ccc(C([*])=O)cc3C2=O)c1)c1ccc(/C=C/c2ccc([N+](=O)[O-])cc2)cc1,178.0
[*]NCCNC(=O)c1ccc(C([*])=O)cc1Oc1ccccc1,164.0
[*]NCCNC(=O)c1ccc(C([*])=O)cc1Sc1ccccc1,172.0
[*]NCCNC(=O)c1ccc2c(c1)C(=O)N(c1ccc(C([*])=O)cc1)C2=O,235.0
[*]NCCNS(=O)(=O)c1cccc(S([*])(=O)=O)c1,107.0
[*]NCCOCCOCCNC(=O)Nc1ccc(Cc2ccc(NC([*])=O)cc2)cc1,8.0
[*]NCCOc1ccc(C([*])=O)cc1,150.0
[*]NCCOc1cccc(C([*])=O)c1,106.0
[*]NCCOc1ccccc1C([*])=O,84.0
[*]NCCc1ccc(OC(=O)c2cccc(C(=O)Oc3ccc(CCNC(=O)c4cccc(C([*])=O)c4)cc3)c2)cc1,147.0
[*]NCCc1ccc(OC(=O)c2cccc(C([*])=O)c2)cc1,152.0
[*]NCc1ccc(CNC(=O)OC(COC([*])=O)c2ccco2)o1,30.0
[*]NCc1ccc(CNC(=O)OCCCCCCCCCCCCCCCCOC([*])=O)cc1,47.0
[*]NCc1ccc(CNC(=O)OCCCCCCCCCCCCOC([*])=O)cc1,45.0
[*]NCc1ccc(CNC(=O)OCCCCCCCCCCOC([*])=O)cc1,49.0
[*]NCc1ccc(CNC(=O)OCCCCCCOC([*])=O)cc1,56.0
[*]NCc1ccc(CNC(=O)OCc2ccc(COC([*])=O)o2)o1,75.0
[*]NCc1ccc(OC2COC3C(Oc4ccc(CNC(=O)c5ccc(C([*])=O)cc5)cc4)COC23)cc1,122.0
[*]NCc1ccc(OC2COC3C(Oc4ccc(CNC(=O)c5cccc(C([*])=O)c5)cc4)COC23)cc1,83.0
[*]NCc1cccc(CNC(=O)C2=C(C([*])=O)C3C=CC2C3)c1,291.0
[*]NCc1cccc(CNC(=O)c2cccc(C([*])=O)c2)c1,172.0
[*]NCc1cccc(CNC(=O)c2ccccc2-c2ccccc2C([*])=O)c1,159.0
[*]NNC(=O)c1ccc(C(=O)NNC(=O)c2ccc(OC(=O)c3cccc(C(=O)Oc4ccc(C([*])=O)cc4)c3)cc2)c(Oc2ccccc2)c1,160.0
[*]NNC(=O)c1ccc(C(=O)NNC(=O)c2ccc(OC(=O)c3cccc(C(=O)Oc4ccc(C([*])=O)cc4)c3)cc2)cc1,175.0
[*]NNC(=O)c1ccc(C(=O)NNC(=O)c2ccc([Si](c3ccccc3)(c3ccccc3)c3ccc(C([*])=O)cc3)cc2)c2ccccc12,270.0
[*]NNC(=O)c1ccc(C(=O)NNC(=O)c2ccc([Si](c3ccccc3)(c3ccccc3)c3ccc(C([*])=O)cc3)cc2)nc1,240.0
[*]NNC(=O)c1ccc(C(=O)NNC(=O)c2ccc([Si](c3ccccc3)(c3ccccc3)c3ccc(C([*])=O)cc3)cc2)o1,252.0
[*]NNC(=O)c1ccc(C2(c3ccc(C(=O)NNC(=O)c4ccc(C([*])=O)cc4)cc3)OC(=O)c3ccccc32)cc1,237.0
[*]NNC(=O)c1ccc(Oc2ccc(C([*])=O)cc2)cc1,263.0
[*]NNC(=O)c1cccc(C(=O)NNC(=O)c2ccc(OC(=O)c3cccc(C(=O)Oc4ccc(C([*])=O)cc4)c3)cc2)c1,180.0
[*]NNC(=O)c1ccccc1C(=O)Nc1cccc(C=C2CCC(=Cc3cccc(NC(=O)c4ccccc4C([*])=O)c3)C2=O)c1,202.10000000000002
[*]NNC(=O)c1ccccc1C(=O)Nc1cccc(C=C2CCCC(=Cc3cccc(NC(=O)c4ccccc4C([*])=O)c3)C2=O)c1,195.0
[*]NNC(=O)c1cncc(C(=O)NNC(=O)c2ccc([Si](c3ccccc3)(c3ccccc3)c3ccc(C([*])=O)cc3)cc2)c1,234.0
[*]N[Se]Nc1ccc([*])cc1,55.0
[*]N[Se]Nc1cccc2c([*])cccc12,53.0
[*]N[Se]Nc1cccc2c1C(=O)c1cccc([*])c1C2=O,52.0
[*]Nc1c(-c2ccccc2)cc(-c2ccc(-c3cc(-c4ccccc4)c(NC(=O)c4ccc(C([*])=O)cc4)c(-c4ccccc4)c3)cc2)cc1-c1ccccc1,135.0
[*]Nc1cc(C(F)(F)F)ccc1Oc1cccc2c(Oc3ccc(C(F)(F)F)cc3NC(=O)c3ccc4c(c3)C(=O)N(c3ccc(Oc5ccc(N6C(=O)c7ccc(C([*])=O)cc7C6=O)cc5-c5ccccc5)c(-c5ccccc5)c3)C4=O)cccc12,376.0
[*]Nc1cc(NC(=O)NC2CCC(CC3CCC(NC([*])=O)CC3)CC2)cc(C(=O)Nc2ccc3c(c2)C(=O)c2ccccc2C3=O)c1,148.0
[*]Nc1cc(NC(=O)NC2CCC(CC3CCC(NC([*])=O)CC3)CC2)cc(C(=O)Nc2cccc3c2C(=O)c2ccccc2C3=O)c1,156.0
[*]Nc1cc(NC(=O)Nc2cccc3c(NC([*])=O)cccc23)cc(C(=O)Nc2ccc3c(c2)C(=O)c2ccccc2C3=O)c1,178.0
[*]Nc1cc(NC(=O)Nc2cccc3c(NC([*])=O)cccc23)cc(C(=O)Nc2cccc3c2C(=O)c2ccccc2C3=O)c1,185.0
[*]Nc1cc(NC(=O)c2ccc(-c3ccc(C([*])=O)cc3)cc2)cc(-c2nnc(-c3ccccn3)o2)c1,120.0
[*]Nc1cc(NC(=O)c2ccc(C([*])=O)cc2)cc(-c2nc3ccccc3[nH]2)c1,267.5
[*]Nc1cc(NC(=O)c2ccc(C([*])=O)cc2)cc(-c2nc3ccccc3oc2=O)c1,103.0
[*]Nc1cc(NC(=O)c2ccc(C([*])=O)cc2)cc(-c2nnc(-c3ccccn3)o2)c1,230.0
[*]Nc1cc(NC(=O)c2ccc(C([*])=O)cc2)cc(C(=O)OC(c2ccccc2)c2ccccc2)c1,217.0
[*]Nc1cc(NC(=O)c2ccc(C([*])=O)cc2)cc(C(=O)Oc2ccc(-c3ccccc3)cc2)c1,178.0
[*]Nc1cc(NC(=O)c2ccc(C([*])=O)cc2)cc(C(=O)Oc2cccc3ccccc23)c1,192.0
[*]Nc1cc(NC(=O)c2ccc(C([*])=O)cc2)cc(C(=O)Oc2ccccc2)c1,200.0
[*]Nc1cc(NC(=O)c2ccc(OCCOCCOCCOCCOCCOCCOc3ccc(C([*])=O)cc3)cc2)cc(-c2nc3ccccc3[nH]2)c1,125.0
[*]Nc1cc(NC(=O)c2ccc(OCCOCCOCCOCCOCCOc3ccc(C([*])=O)cc3)cc2)cc(-c2nc3ccccc3[nH]2)c1,145.0
[*]Nc1cc(NC(=O)c2ccc(OCCOCCOCCOCCOc3ccc(C([*])=O)cc3)cc2)cc(-c2nc3ccccc3[nH]2)c1,163.0
[*]Nc1cc(NC(=O)c2ccc(OCCOCCOCCOc3ccc(C([*])=O)cc3)cc2)cc(-c2nc3ccccc3[nH]2)c1,165.0
[*]Nc1cc(NC(=O)c2ccc(OCCOCCOc3ccc(C([*])=O)cc3)cc2)cc(-c2nc3ccccc3[nH]2)c1,230.0
[*]Nc1cc(NC(=O)c2ccc(OCCOc3ccc(C([*])=O)cc3)cc2)cc(-c2nc3ccccc3[nH]2)c1,275.0
[*]Nc1cc(NC(=O)c2ccc(Oc3ccc(C([*])=O)cc3)cc2)cc(-c2nc3ccccc3[nH]2)c1,335.0
[*]Nc1cc(NC(=O)c2ccc3[nH]c(-c4cc(-c5nc6cc(C([*])=O)ccc6[nH]5)cc(N5C(=O)c6ccccc6C5=O)c4)nc3c2)cc(-c2nc3ccccc3[nH]2)c1,334.0
[*]Nc1cc(NC(=O)c2ccc3[nH]c(-c4cccc(-c5nc6cc(C([*])=O)ccc6[nH]5)c4)nc3c2)cc(-c2nc3ccccc3[nH]2)c1,315.0
[*]Nc1cc(NC(=O)c2ccc3c(c2)C(=O)N(c2cc(-c4nc5ccccc5o4)cc(N4C(=O)c5ccc(C([*])=O)cc5C4=O)c2)C3=O)cc(-c2nc3ccccc3[nH]2)c1,371.0
[*]Nc1cc(NC(=O)c2ccc3c(c2)C(=O)N(c2cc(-c4nc5ccccc5s4)cc(N4C(=O)c5ccc(C([*])=O)cc5C4=O)c2)C3=O)cc(-c2nc3ccccc3[nH]2)c1,368.0
[*]Nc1cc(NC(=O)c2ccc3c(c2)C(=O)N(c2cc(-c4nnc(-c5ccccn5)o4)cc(N4C(=O)c5ccc(C([*])=O)cc5C4=O)c2)C3=O)cc(-c2nnc(-c3ccccn3)o2)c1,164.0
[*]Nc1cc(NC(=O)c2ccc3c(c2)C(=O)N(c2cccc(N4C(=O)c5ccc(C([*])=O)cc5C4=O)c2)C3=O)cc(-c2nc3ccccc3[nH]2)c1,361.0
[*]Nc1cc(NC(=O)c2cccc(C([*])=O)c2)cc(-c2nnc(-c3ccccn3)o2)c1,155.0
[*]Nc1cc(NC(=O)c2cccc(C([*])=O)n2)cc(-c2nnc(-c3ccccn3)o2)c1,255.0
[*]Nc1cc(NC(=O)c2ccccc2C([*])=O)cc(-c2nnc(-c3ccccn3)o2)c1,90.0
[*]Nc1cc(NC(=O)c2cncc(C([*])=O)c2)cc(-c2nnc(-c3ccccn3)o2)c1,185.0
[*]Nc1ccc(-c2c(-c3ccc(-c4ccccc4)cc3)cc(-c3ccc(-c4cc(-c5ccc(-c6ccccc6)cc5)c(-c5ccc(NC(=O)c6ccc(C([*])=O)cc6)cc5)c(-c5ccc(-c6ccccc6)cc5)c4)cc3)cc2-c2ccc(-c3ccccc3)cc2)cc1,305.0
[*]Nc1ccc(-c2c(-c3ccc(-c4ccccc4)cc3)cc(-c3ccc(OCCCCCCCCCCOc4ccc(-c5cc(-c6ccc(-c7ccccc7)cc6)c(-c6ccc(NC(=O)c7ccc(C([*])=O)cc7)cc6)c(-c6ccc(-c7ccccc7)cc6)c5)cc4)cc3)cc2-c2ccc(-c3ccccc3)cc2)cc1,111.0
[*]Nc1ccc(-c2c(-c3ccc(-c4ccccc4)cc3)cc(-c3ccc(OCCCCCCOc4ccc(-c5cc(-c6ccc(-c7ccccc7)cc6)c(-c6ccc(NC(=O)c7ccc(C([*])=O)cc7)cc6)c(-c6ccc(-c7ccccc7)cc6)c5)cc4)cc3)cc2-c2ccc(-c3ccccc3)cc2)cc1,121.5
[*]Nc1ccc(-c2c(-c3ccccc3)cc(-c3ccc(-c4cc(-c5ccccc5)c(-c5ccc(NC(=O)c6ccc(C([*])=O)cc6)cc5)c(-c5ccccc5)c4)cc3)cc2-c2ccccc2)cc1,290.0
[*]Nc1ccc(-c2c(-c3ccccc3)cc(-c3ccc(OCCCCCCCCCCOc4ccc(-c5cc(-c6ccccc6)c(-c6ccc(NC(=O)c7ccc(C([*])=O)cc7)cc6)c(-c6ccccc6)c5)cc4)cc3)cc2-c2ccccc2)cc1,116.0
[*]Nc1ccc(-c2c(-c3ccccc3)cc(-c3ccc(OCCCCCCOc4ccc(-c5cc(-c6ccccc6)c(-c6ccc(NC(=O)c7ccc(C([*])=O)cc7)cc6)c(-c6ccccc6)c5)cc4)cc3)cc2-c2ccccc2)cc1,127.0
[*]Nc1ccc(-c2cc(-c3ccc(-c4ccccc4)cc3)cc(-c3ccc(NC(=O)Nc4ccc5c(c4)C(=O)N(c4ccc(-c6cc(-c7ccc(-c8ccccc8)cc7)cc(-c7ccc(N8C(=O)c9ccc(NC([*])=O)cc9C8=O)cc7)n6)cc4)C5=O)cc3)n2)cc1,272.0
[*]Nc1ccc(-c2cc(-c3ccc(-c4ccccc4)cc3)cc(-c3ccc(NC(=O)Nc4ccc5c(c4)C(=O)N(c4ccc(Oc6ccc7ccccc7c6-c6c(Oc7ccc(N8C(=O)c9ccc(NC([*])=O)cc9C8=O)cc7)ccc7ccccc67)cc4)C5=O)cc3)n2)cc1,302.0
[*]Nc1ccc(-c2cc(-c3ccccc3)cc(-c3ccc(NC(=O)c4ccc5c(c4)C(=O)N(c4ccc(Oc6cccc7c(N8C(=O)c9ccc(C([*])=O)cc9C8=O)cccc67)cc4)C5=O)cc3)n2)cc1,295.0
[*]Nc1ccc(-c2cc(-c3ccccc3)cc(-c3ccc(NC(=O)c4ccc5c(c4)C(=O)N(c4cccc(P(=O)(c6ccccc6)c6cccc(N7C(=O)c8ccc(C([*])=O)cc8C7=O)c6)c4)C5=O)cc3)n2)cc1,258.0
[*]Nc1ccc(-c2cc(Br)ccc2NC(=O)c2ccc(C([*])=O)cc2)cc1,285.0
[*]Nc1ccc(-c2cc(Br)ccc2NC(=O)c2ccc(Oc3ccc(C([*])=O)cc3)cc2)cc1,249.0
[*]Nc1ccc(-c2cc(Br)ccc2NC(=O)c2ccc(S(=O)(=O)c3ccc(C([*])=O)cc3)cc2)cc1,288.0
[*]Nc1ccc(-c2cc(Br)ccc2NC(=O)c2cccc(C([*])=O)c2)cc1,253.0
[*]Nc1ccc(-c2ccc(-n3c(=O)c4cc5c(=O)n(-c6ccc(-c7ccc(NC(=O)c8cccc(C([*])=O)c8)cc7)cc6)c(=O)c5cc4c3=O)cc2)cc1,227.0
[*]Nc1ccc(-c2ccc(N3C(=O)CC(N4C(=O)c5ccc(C([*])=O)cc5C4=O)C3=O)cc2)cc1,219.0
[*]Nc1ccc(-c2ccc(N3C(=O)c4ccc(-c5ccc6c(c5)C(=O)N(c5ccc(-c7ccc(NC(=O)c8cccc(C([*])=O)c8)cc7)cc5)C6=O)cc4C3=O)cc2)cc1,230.0
[*]Nc1ccc(-c2ccc(N3C(=O)c4ccc(C(=O)c5ccc6c(c5)C(=O)N(c5ccc(-c7ccc(NC(=O)c8cccc(C([*])=O)c8)cc7)cc5)C6=O)cc4C3=O)cc2)cc1,238.0
[*]Nc1ccc(-c2ccc(N3C(=O)c4ccc(Oc5ccc6c(c5)C(=O)N(c5ccc(-c7ccc(NC(=O)c8cccc(C([*])=O)c8)cc7)cc5)C6=O)cc4C3=O)cc2)cc1,233.0
[*]Nc1ccc(-c2ccc(NC(=O)c3cc(C([*])=O)cc(S(=O)(=O)c4ccccc4)c3)cc2)cc1,319.0
[*]Nc1ccc(-c2ccc(NC(=O)c3ccc(C([*])=O)cc3)cc2)cc1,340.0
[*]Nc1ccc(-c2ccc(NC(=O)c3ccc(Oc4ccc(C(c5ccc(Oc6ccc(C([*])=O)cc6)cc5)(C(F)(F)F)C(F)(F)F)cc4)cc3)cc2C(F)(F)F)c(C(F)(F)F)c1,240.0
[*]Nc1ccc(-c2ccc(NC(=O)c3ccc4c(c3)C(=O)N(c3ccc(Oc5ccc(N6C(=O)c7ccc(C([*])=O)cc7C6=O)cc5)cc3)C4=O)cc2)cc1,315.0
[*]Nc1ccc(-c2ccc(NC(=O)c3ccc4c(c3)C(=O)N(c3ccc(Oc5ccc(N6C(=O)c7ccc(C([*])=O)cc7C6=O)cc5-c5ccccc5)c(-c5ccccc5)c3)C4=O)cc2)cc1,358.0
[*]Nc1ccc(-c2ccc(NC(=O)c3ccc4c(c3)C(=O)N(c3ccc(Oc5cccc6c(N7C(=O)c8ccc(C([*])=O)cc8C7=O)cccc56)cc3)C4=O)cc2)cc1,301.0
[*]Nc1ccc(-c2ccc(NC(=O)c3ccc4c(c3)C(=O)N(c3ccc(S(=O)(=O)c5ccc(N6C(=O)c7ccc(C([*])=O)cc7C6=O)cc5)cc3)C4=O)cc2)cc1,370.0
[*]Nc1ccc(-c2ccc(NC(=O)c3ccc4c(c3)C(=O)N(c3cccc(P(=O)(c5ccccc5)c5cccc(N6C(=O)c7ccc(C([*])=O)cc7C6=O)c5)c3)C4=O)cc2)cc1,253.0
[*]Nc1ccc(-c2ccc(NC(=O)c3cccc(C([*])=O)c3)c(O)c2)cc1O,386.0
[*]Nc1ccc(-c2ccc(NC(=O)c3cccc(C([*])=O)c3)c(S)c2)cc1S,395.0
[*]Nc1ccc(-c2ccc(NC(=O)c3cccc(C([*])=O)c3)cc2)cc1,294.0
[*]Nc1ccc(-c2ccc(NC(=O)c3cccc(N4C(=O)c5ccc(C(c6ccc7c(c6)C(=O)N(c6cccc(C([*])=O)c6)C7=O)(C(F)(F)F)C(F)(F)F)cc5C4=O)c3)cc2)cc1,324.0
[*]Nc1ccc(-c2ccc(NC(=O)c3cccc(Oc4nc(Oc5cccc(C([*])=O)c5)nc(Sc5ccccc5)n4)c3)cc2)cc1,279.0
[*]Nc1ccc(-c2ccc(Nc3ccc4c(c3)c3cc([*])ccc3n4CC(CC)CCCC)cc2)cc1,231.0
[*]Nc1ccc(-c2ccccc2NC(=O)c2ccc(C([*])=O)cc2)cc1,275.0
[*]Nc1ccc(-c2ccccc2NC(=O)c2ccc(Oc3ccc(C([*])=O)cc3)cc2)cc1,251.0
[*]Nc1ccc(-c2ccccc2NC(=O)c2ccc(S(=O)(=O)c3ccc(C([*])=O)cc3)cc2)cc1,284.0
[*]Nc1ccc(-c2ccccc2NC(=O)c2cccc(C([*])=O)c2)cc1,248.0
[*]Nc1ccc(-c2nc(-c3ccc(-c4nc(-c5ccc([N+](=O)[O-])cc5)c(-c5ccc([N+](=O)[O-])cc5)[nH]4)cc3)[nH]c2-c2ccc(NC3CC(=O)N(c4ccc(-c5sc(-c6ccc(N7C(=O)CC([*])C7=O)cc6)c(-c6ccccc6)c5-c5ccccc5)cc4)C3=O)cc2)cc1,152.0
[*]Nc1ccc(-c2nc(-c3ccc(/C=C/c4ccc([N+](=O)[O-])cc4)cc3)[nH]c2-c2ccc(NC3CC(=O)N(c4ccc(Cc5ccc(N6C(=O)CC([*])C6=O)cc5)cc4)C3=O)cc2)cc1,250.0
[*]Nc1ccc(-c2nc(-c3ccc(/C=C/c4ccc([N+](=O)[O-])cc4)s3)[nH]c2-c2ccc(NC3CC(=O)N(c4ccc(-c5sc(-c6ccc(N7C(=O)CC([*])C7=O)cc6)c(-c6ccccc6)c5-c5ccccc5)cc4)C3=O)cc2)cc1,304.0
[*]Nc1ccc(-c2nc(-c3ccc(/N=N/c4ccc([N+](=O)[O-])cc4)cc3)[nH]c2-c2ccc(NC3CC(=O)N(c4ccc(Cc5ccc(N6C(=O)CC([*])C6=O)cc5)cc4)C3=O)cc2)cc1,258.0
[*]Nc1ccc(-c2nc3cc(-c4ccc5[nH]c(-c6ccc(Nc7nc([*])nc(N(c8ccccc8)c8ccccc8)n7)cc6)nc5c4)ccc3[nH]2)cc1,329.0
[*]Nc1ccc(-c2nc3cc(NC(=O)c4ccc(OCCOCCOCCOCCOCCOc5ccc(C([*])=O)cc5)cc4)ccc3[nH]2)cc1,125.0
[*]Nc1ccc(-c2nc3cc(NC(=O)c4ccc(OCCOCCOCCOCCOc5ccc(C([*])=O)cc5)cc4)ccc3[nH]2)cc1,140.0
[*]Nc1ccc(-c2nc3cc(NC(=O)c4ccc(OCCOCCOCCOc5ccc(C([*])=O)cc5)cc4)ccc3[nH]2)cc1,155.0
[*]Nc1ccc(-c2nc3cc(NC(=O)c4ccc(OCCOCCOc5ccc(C([*])=O)cc5)cc4)ccc3[nH]2)cc1,175.0
[*]Nc1ccc(-c2nc3cc(NC(=O)c4ccc(OCCOc5ccc(C([*])=O)cc5)cc4)ccc3[nH]2)cc1,225.0
[*]Nc1ccc(-c2nnc(-c3cc(C([*])=O)cc(N4C(=O)c5ccccc5C4=O)c3)o2)cc1,324.0
[*]Nc1ccc(-c2nnc(-c3ccc(C([*])=O)c(Oc4ccccc4)c3)o2)cc1,235.0
[*]Nc1ccc(-c2nnc(-c3ccc(NC(=O)c4cc(C([*])=O)cc(N5C(=O)c6ccccc6C5=O)c4)cc3)o2)cc1,327.0
[*]Nc1ccc(-c2nnc(-c3ccc(NC(=O)c4ccc(C([*])=O)cc4Oc4ccccc4)cc3)o2)cc1,272.0
[*]Nc1ccc(-c2sc(-c3ccc(NC(=O)c4ccc5c(c4)C(=O)N(c4ccc(-c6sc(-c7ccc(N8C(=O)c9ccc(C([*])=O)cc9C8=O)cc7)c(-c7ccccc7)c6-c6ccccc6)cc4)C5=O)cc3)c(-c3ccccc3)c2-c2ccccc2)cc1,338.0
[*]Nc1ccc(-c2sc(-c3ccc(NC(=O)c4ccc5c(c4)C(=O)N(c4ccc(Oc6ccc7ccc(Oc8ccc(N9C(=O)c%10ccc(C([*])=O)cc%10C9=O)cc8)cc7c6)cc4)C5=O)cc3)c(-c3ccccc3)c2-c2ccccc2)cc1,311.0
[*]Nc1ccc(-c2sc(-c3ccc(NC(=O)c4ccc5c(c4)C(=O)N(c4ccc(Oc6cccc7c(Oc8ccc(N9C(=O)c%10ccc(C([*])=O)cc%10C9=O)cc8)cccc67)cc4)C5=O)cc3)c(-c3ccccc3)c2-c2ccccc2)cc1,340.0
[*]Nc1ccc(-n2c(=O)c3cc4c(=O)n(-c5ccc(NC(=O)c6cccc(C([*])=O)c6)cc5)c(=O)c4cc3c2=O)cc1,296.0
[*]Nc1ccc(/C=C/c2ccc(NC(=C(C#N)C#N)c3ccc(C([*])=C(C#N)C#N)cc3)cc2)cc1,250.0
[*]Nc1ccc(/C=C/c2cccc(NC(=O)c3cccc(C([*])=O)c3)c2)cc1,272.0
[*]Nc1ccc(C#Cc2cccc(NC(=O)c3cccc(C([*])=O)c3)c2)cc1,268.0
[*]Nc1ccc(C(=O)OCCCCCCCCCCCCOC(=O)c2ccc3c(c2)C(=O)N(c2ccc(C([*])=O)cc2)C3=O)cc1,74.0
[*]Nc1ccc(C(=O)OCCCCCCCCCCOC(=O)c2ccc3c(c2)C(=O)N(c2ccc(C([*])=O)cc2)C3=O)cc1,102.0
[*]Nc1ccc(C(=O)OCCCCCCCCCOC(=O)c2ccc3c(c2)C(=O)N(c2ccc(C([*])=O)cc2)C3=O)cc1,100.0
[*]Nc1ccc(C(=O)OCCCCCCCCOC(=O)c2ccc3c(c2)C(=O)N(c2ccc(C([*])=O)cc2)C3=O)cc1,105.0
[*]Nc1ccc(C(=O)OCCCCCCCOC(=O)c2ccc3c(c2)C(=O)N(c2ccc(C([*])=O)cc2)C3=O)cc1,106.0
[*]Nc1ccc(C(=O)OCCCCCCOC(=O)c2ccc3c(c2)C(=O)N(c2ccc(C([*])=O)cc2)C3=O)cc1,107.0
[*]Nc1ccc(C(=O)OCCCCCOC(=O)c2ccc3c(c2)C(=O)N(c2ccc(C([*])=O)cc2)C3=O)cc1,129.0
[*]Nc1ccc(C(=O)OCCCCOC(=O)c2ccc3c(c2)C(=O)N(c2ccc(C([*])=O)cc2)C3=O)cc1,130.0
[*]Nc1ccc(C(=O)c2ccc(C(=O)c3ccc(Nc4ccc5c(c4)c4cc([*])ccc4n5CC(CC)CCCC)cc3)cc2)cc1,213.0
[*]Nc1ccc(C(=O)c2ccc(NC(=O)c3ccc(C([*])=O)cc3)cc2)cc1,300.0
[*]Nc1ccc(C(=O)c2ccc(NC(=O)c3ccc4c(c3)C(=O)N(c3cccc(P(=O)(c5ccccc5)c5cccc(N6C(=O)c7ccc(C([*])=O)cc7C6=O)c5)c3)C4=O)cc2)cc1,238.0
[*]Nc1ccc(C(=O)c2ccc(NC(=O)c3cccc(C([*])=O)c3)cc2)cc1,253.20000000000005
[*]Nc1ccc(C(=O)c2ccc(Nc3ccc4c(c3)c3cc([*])ccc3n4CC(CC)CCCC)cc2)cc1,236.055
[*]Nc1ccc(C(=O)c2ccc(Oc3ccc(C(=O)c4ccc(NC(=O)c5ccc(C([*])=O)cc5)cc4)cc3)cc2)cc1,187.0
[*]Nc1ccc(C(=O)c2ccc(Oc3ccc(C(=O)c4ccc(NC(=O)c5cccc(C([*])=O)c5)cc4)cc3)cc2)cc1,214.0
[*]Nc1ccc(C(=O)c2ccc(Oc3ccc(Oc4ccc(C(=O)c5ccc(NC(=O)c6ccc(C([*])=O)cc6)cc5)cc4)cc3)cc2)cc1,224.0
[*]Nc1ccc(C(=O)c2ccc(Oc3ccc(Oc4ccc(C(=O)c5ccc(NC(=O)c6cccc(C([*])=O)c6)cc5)cc4)cc3)cc2)cc1,198.0
[*]Nc1ccc(C(=O)c2ccc(Oc3cccc(Oc4ccc(C(=O)c5ccc(NC(=O)c6ccc(C([*])=O)cc6)cc5)cc4)c3)cc2)cc1,190.0
[*]Nc1ccc(C(=O)c2ccc(Oc3cccc(Oc4ccc(C(=O)c5ccc(NC(=O)c6cccc(C([*])=O)c6)cc5)cc4)c3)cc2)cc1,214.0
[*]Nc1ccc(C(c2ccc(NC(=O)c3cc(NC(=O)C45CC6CC(CC(C6)C4)C5)cc(C([*])=O)c3)cc2)(C(F)(F)F)C(F)(F)F)cc1,365.0
[*]Nc1ccc(C(c2ccc(NC(=O)c3cc4cc(Cc5ccc6oc(=O)c(C([*])=O)cc6c5)ccc4oc3=O)cc2)(C(F)(F)F)C(F)(F)F)cc1,329.0
[*]Nc1ccc(C(c2ccc(NC(=O)c3ccc(-c4ccc(C([*])=O)cc4)cc3)cc2)(P2(=O)Oc3ccccc3-c3ccccc32)P2(=O)Oc3ccccc3-c3ccccc32)cc1,251.0
[*]Nc1ccc(C(c2ccc(NC(=O)c3ccc(C([*])=O)cc3)cc2)(C(F)(F)F)C(F)(F)F)cc1,290.0
[*]Nc1ccc(C(c2ccc(NC(=O)c3ccc(C([*])=O)cc3)cc2)(P2(=O)Oc3ccccc3-c3ccccc32)P2(=O)Oc3ccccc3-c3ccccc32)cc1,245.0
[*]Nc1ccc(C(c2ccc(NC(=O)c3ccc(C(c4ccc(C([*])=O)cc4)(C(F)(F)F)C(F)(F)F)cc3)cc2)(P2(=O)Oc3ccccc3-c3ccccc32)P2(=O)Oc3ccccc3-c3ccccc32)cc1,235.0
[*]Nc1ccc(C(c2ccc(NC(=O)c3ccc(N4C(=O)c5ccc(C(c6ccc7c(c6)C(=O)N(c6ccc(C([*])=O)cc6)C7=O)(C(F)(F)F)C(F)(F)F)cc5C4=O)cc3)cc2)(C(F)(F)F)C(F)(F)F)cc1,351.0
[*]Nc1ccc(C(c2ccc(NC(=O)c3ccc(OC(=O)c4ccc(C(=O)Oc5ccc(C([*])=O)cc5)cc4)cc3)cc2)(C(F)(F)F)C(F)(F)F)cc1,266.0
[*]Nc1ccc(C(c2ccc(NC(=O)c3ccc(OC(=O)c4cccc(C(=O)Oc5ccc(C([*])=O)cc5)c4)cc3)cc2)(C(F)(F)F)C(F)(F)F)cc1,227.0
[*]Nc1ccc(C(c2ccc(NC(=O)c3ccc(Oc4ccc(C([*])=O)cc4)cc3)cc2)(P2(=O)Oc3ccccc3-c3ccccc32)P2(=O)Oc3ccccc3-c3ccccc32)cc1,243.0
[*]Nc1ccc(C(c2ccc(NC(=O)c3ccc4c(c3)C(=O)N(c3ccc(Oc5ccc6ccc(Oc7ccc(N8C(=O)c9ccc(C([*])=O)cc9C8=O)cc7)cc6c5)cc3)C4=O)cc2)(C(F)(F)F)C(F)(F)F)cc1,292.0
[*]Nc1ccc(C(c2ccc(NC(=O)c3ccc4c(c3)C(=O)N(c3ccc(Oc5cccc6c(Oc7ccc(N8C(=O)c9ccc(C([*])=O)cc9C8=O)cc7)cccc56)cc3)C4=O)cc2)(C(F)(F)F)C(F)(F)F)cc1,283.0
[*]Nc1ccc(C(c2ccc(NC(=O)c3ccc4c(c3)C(=O)N(c3cccc5c(N6C(=O)c7ccc(C([*])=O)cc7C6=O)cccc35)C4=O)cc2)(C(F)(F)F)C(F)(F)F)cc1,250.0
[*]Nc1ccc(C(c2ccc(NC(=O)c3ccc4cc(C([*])=O)ccc4c3)cc2)(P2(=O)Oc3ccccc3-c3ccccc32)P2(=O)Oc3ccccc3-c3ccccc32)cc1,241.0
[*]Nc1ccc(C(c2ccc(NC(=O)c3cccc(C([*])=O)c3)cc2)(C(F)(F)F)C(F)(F)F)cc1,272.0
[*]Nc1ccc(C(c2ccc(NC(=O)c3cccc(C([*])=O)c3)cc2)(P2(=O)Oc3ccccc3-c3ccccc32)P2(=O)Oc3ccccc3-c3ccccc32)cc1,230.0
[*]Nc1ccc(C(c2ccc(NC(=O)c3cccc(N4C(=O)c5ccc(C(c6ccc7c(c6)C(=O)N(c6cccc(C([*])=O)c6)C7=O)(C(F)(F)F)C(F)(F)F)cc5C4=O)c3)cc2)(C(F)(F)F)C(F)(F)F)cc1,273.5
[*]Nc1ccc(C2(c3ccc(N4C(=O)c5ccc(C([*])=O)cc5C4=O)cc3)CCCCC2)cc1,319.0
[*]Nc1ccc(C2(c3ccc(NC(=O)c4cc(NC(=O)C56CC7CC(CC(C7)C5)C6)cc(C([*])=O)c4)cc3)c3ccccc3-c3ccccc32)cc1,370.0
[*]Nc1ccc(C2(c3ccc(NC(=O)c4ccc(C([*])=O)cc4)cc3)c3ccccc3-c3ccccc32)cc1,319.0
[*]Nc1ccc(C2(c3ccc(NC(=O)c4ccc5c(c4)C(=O)N(c4ccc(Oc6ccc(N7C(=O)c8ccc(C([*])=O)cc8C7=O)cc6)cc4)C5=O)cc3)c3ccccc3-c3ccccc32)cc1,240.0
[*]Nc1ccc(C2(c3ccc(NC(=O)c4ccc5c(c4)C(=O)N(c4ccc(Oc6cccc(Oc7ccc(N8C(=O)c9ccc(C([*])=O)cc9C8=O)cc7)c6)cc4)C5=O)cc3)c3ccccc3-c3ccccc32)cc1,278.0
[*]Nc1ccc(C2(c3ccc(NC(=O)c4ccc5c(c4)C(=O)N(c4ccc(Sc6ccc(Oc7ccc(Sc8ccc(N9C(=O)c%10ccc(C([*])=O)cc%10C9=O)cc8)cc7)cc6)cc4)C5=O)cc3)c3ccccc3-c3ccccc32)cc1,298.0
[*]Nc1ccc(C2(c3ccc(NC(=O)c4ccc5c(c4)C(=O)N(c4cccc(N6C(=O)c7ccc(C([*])=O)cc7C6=O)c4)C5=O)cc3)c3ccccc3-c3ccccc32)cc1,209.0
[*]Nc1ccc(C2(c3ccc(NC(=O)c4cccc(C([*])=O)c4)cc3)c3ccccc3-c3ccccc32)cc1,277.0
[*]Nc1ccc(CCCCc2ccc(NC(=O)OCCOC([*])=O)cc2)cc1,105.70000000000005
[*]Nc1ccc(CCCc2ccc(NC(=O)OCCOC([*])=O)cc2)cc1,74.10000000000002
[*]Nc1ccc(CCOC(=O)c2cccc(C(=O)OCCc3ccc(NC(=O)c4cccc(C([*])=O)c4)cc3)c2)cc1,142.0
[*]Nc1ccc(CCc2ccc(NC(=O)Nc3ccccc3CCc3ccc(NC([*])=O)cc3)cc2)cc1,217.0
[*]Nc1ccc(CCc2ccc(NC(=O)Nc3ccccc3CCc3ccccc3NC([*])=O)cc2)cc1,235.0
[*]Nc1ccc(CCc2ccc(NC(=O)OCCOC([*])=O)cc2)cc1,116.90000000000003
[*]Nc1ccc(CCc2cccc(NC(=O)c3ccc(C([*])=O)cc3)c2)cc1,203.0
[*]Nc1ccc(CCc2cccc(NC(=O)c3cccc(C([*])=O)c3)c2)cc1,203.0
[*]Nc1ccc(CCc2ccccc2NC(=O)Nc2ccc(Cc3ccc(NC([*])=O)cc3)cc2)cc1,217.0
[*]Nc1ccc(CCc2ccccc2NC(=O)Nc2ccc(Oc3ccc(NC([*])=O)cc3)cc2)cc1,200.0
[*]Nc1ccc(CCc2ccccc2NC([*])=O)cc1,198.0
[*]Nc1ccc(Cc2ccc(-n3c(=O)c4cc5c(=O)n(-c6ccc(Cc7ccc(NC(=O)c8cccc(-c9nc%10cc(-c%11ccc%12[nH]c(-c%13cccc(C([*])=O)c%13)nc%12c%11)ccc%10[nH]9)c8)cc7)cc6)c(=O)c5cc4c3=O)cc2)cc1,277.0
[*]Nc1ccc(Cc2ccc(N3C(=O)CC(N4C(=O)c5ccc(C([*])=O)cc5C4=O)C3=O)cc2)cc1,123.0
[*]Nc1ccc(Cc2ccc(N3C(=O)c4ccc(C([*])=O)cc4C3=O)cc2)cc1,279.5
[*]Nc1ccc(Cc2ccc(N3C(=O)c4ccc(Oc5ccc(C([*])=O)cc5)cc4C3=O)cc2)cc1,250.0
[*]Nc1ccc(Cc2ccc(N3C(=O)c4ccc(Oc5cccc(C([*])=O)c5)cc4C3=O)cc2)cc1,243.0
[*]Nc1ccc(Cc2ccc(N3C(=O)c4ccc(S(=O)(=O)c5ccc6c(c5)C(=O)N(c5ccc(Cc7ccc(NC(=O)c8cccc(-c9nc%10cc(-c%11ccc%12[nH]c(-c%13cccc(C([*])=O)c%13)nc%12c%11)ccc%10[nH]9)c8)cc7)cc5)C6=O)cc4C3=O)cc2)cc1,270.0
[*]Nc1ccc(Cc2ccc(N3C(=O)c4cccc(Oc5ccc(C([*])=O)cc5)c4C3=O)cc2)cc1,258.0
[*]Nc1ccc(Cc2ccc(NC(=O)Nc3cc(NC([*])=O)cc(C(=O)Nc4ccc5c(c4)C(=O)c4ccccc4C5=O)c3)cc2)cc1,168.0
[*]Nc1ccc(Cc2ccc(NC(=O)Nc3cc(NC([*])=O)cc(C(=O)Nc4cccc5c4C(=O)c4ccccc4C5=O)c3)cc2)cc1,178.0
[*]Nc1ccc(Cc2ccc(NC(=O)Nc3ccc(C(=O)Nc4ccc(Oc5ccc(NC(=O)c6ccc(N7C(=O)c8ccc(C(=O)c9ccc%10c(c9)C(=O)N(c9ccc(C(=O)Nc%11ccc(Oc%12ccc(NC(=O)c%13ccc(NC([*])=O)cc%13)cc%12)cc%11)cc9)C%10=O)cc8C7=O)cc6)cc5)cc4)cc3)cc2)cc1,229.0
[*]Nc1ccc(Cc2ccc(NC(=O)Nc3cccc(NC([*])=O)n3)cc2)cc1,206.5
[*]Nc1ccc(Cc2ccc(NC(=O)OC(COC([*])=O)c3ccco3)cc2)cc1,40.0
[*]Nc1ccc(Cc2ccc(NC(=O)OC(c3ccco3)C(OC([*])=O)c3ccco3)cc2)cc1,74.0
[*]Nc1ccc(Cc2ccc(NC(=O)OC3CC4CC(OC([*])=O)CC(C3)O4)cc2)cc1,200.0
[*]Nc1ccc(Cc2ccc(NC(=O)OCC3CCC(COC([*])=O)CC3)cc2)cc1,134.0
[*]Nc1ccc(Cc2ccc(NC(=O)OCCCCCCCCCCCCCCCCOC([*])=O)cc2)cc1,40.0
[*]Nc1ccc(Cc2ccc(NC(=O)OCCCCCCCCCCCCOC([*])=O)cc2)cc1,43.0
[*]Nc1ccc(Cc2ccc(NC(=O)OCCCCCCCCCCOC([*])=O)cc2)cc1,60.0
[*]Nc1ccc(Cc2ccc(NC(=O)OCCCCCCCCCOC([*])=O)cc2)cc1,72.0
[*]Nc1ccc(Cc2ccc(NC(=O)OCCCCCCCCOC([*])=O)cc2)cc1,79.0
[*]Nc1ccc(Cc2ccc(NC(=O)OCCCCCCCOC([*])=O)cc2)cc1,84.0
[*]Nc1ccc(Cc2ccc(NC(=O)OCCCCCCOC([*])=O)cc2)cc1,71.0
[*]Nc1ccc(Cc2ccc(NC(=O)OCCCCCOC([*])=O)cc2)cc1,95.0
[*]Nc1ccc(Cc2ccc(NC(=O)OCCCCOC([*])=O)cc2)cc1,109.0
[*]Nc1ccc(Cc2ccc(NC(=O)OCCCOC([*])=O)cc2)cc1,119.0
[*]Nc1ccc(Cc2ccc(NC(=O)OCCN(CCCCCCOc3ccc(/N=N/c4ccccc4)cc3)CCOC([*])=O)cc2)cc1,44.0
[*]Nc1ccc(Cc2ccc(NC(=O)OCCN(CCCCCOc3ccc(/N=N/c4ccccc4)cc3)CCOC([*])=O)cc2)cc1,59.60000000000002
[*]Nc1ccc(Cc2ccc(NC(=O)OCCN(CCOC([*])=O)c3ccc(/N=N/c4ccc([N+](=O)[O-])cc4)cc3)cc2)cc1,136.40000000000003
[*]Nc1ccc(Cc2ccc(NC(=O)OCCN(CCOC([*])=O)c3ccccc3)cc2)cc1,31.900000000000034
[*]Nc1ccc(Cc2ccc(NC(=O)OCCOC([*])=O)cc2)cc1,139.0
[*]Nc1ccc(Cc2ccc(NC(=O)OCCOCCOCCOCCOC([*])=O)cc2)cc1,37.0
[*]Nc1ccc(Cc2ccc(NC(=O)OCCOc3ccc(C4(c5ccc(OCCOC([*])=O)cc5)c5ccccc5-c5ccccc54)cc3)cc2)cc1,152.0
[*]Nc1ccc(Cc2ccc(NC(=O)OCCOc3ccc(OCCOC([*])=O)cc3)cc2)cc1,98.0
[*]Nc1ccc(Cc2ccc(NC(=O)OCc3ccc(COC([*])=O)o3)cc2)cc1,81.0
[*]Nc1ccc(Cc2ccc(NC(=O)OCc3cccc(COC([*])=O)c3)cc2)cc1,106.0
[*]Nc1ccc(Cc2ccc(NC(=O)OCc3cocc3COC([*])=O)cc2)cc1,45.0
[*]Nc1ccc(Cc2ccc(NC(=O)Oc3ccc(/N=C/C=N/c4ccc(OC([*])=O)cc4)cc3)cc2)cc1,133.0
[*]Nc1ccc(Cc2ccc(NC(=O)Oc3ccc(/N=C/CCC/C=N/c4ccc(OC([*])=O)cc4)cc3)cc2)cc1,76.0
[*]Nc1ccc(Cc2ccc(NC(=O)Oc3ccc(C(c4ccc(OC([*])=O)cc4)(C(F)(F)F)C(F)(F)F)cc3)cc2)cc1,81.0
[*]Nc1ccc(Cc2ccc(NC(=O)c3cc(C([*])=O)cc(N4C(=O)C5C6C=CC(C6)C5C4=O)c3)cc2)cc1,303.0
[*]Nc1ccc(Cc2ccc(NC(=O)c3cc(C([*])=O)cc(N4C(=O)C5C6CCC(C6)C5C4=O)c3)cc2)cc1,293.0
[*]Nc1ccc(Cc2ccc(NC(=O)c3cc(C([*])=O)cc(N4C(=O)C5CC=CCC5C4=O)c3)cc2)cc1,286.0
[*]Nc1ccc(Cc2ccc(NC(=O)c3cc(C([*])=O)cc(N4C(=O)C=CC4=O)c3)cc2)cc1,287.0
[*]Nc1ccc(Cc2ccc(NC(=O)c3cc(C([*])=O)cc(S(=O)(=O)c4ccccc4)c3)cc2)cc1,270.0
[*]Nc1ccc(Cc2ccc(NC(=O)c3ccc(C([*])=O)cc3)cc2)cc1,294.5
[*]Nc1ccc(Cc2ccc(NC(=O)c3ccc(Oc4ccc(C(=O)c5ccc(S(=O)(=O)c6ccc(C(=O)c7ccc(Oc8ccc(C([*])=O)cc8)cc7)cc6)cc5)cc4)cc3)cc2)cc1,240.0
[*]Nc1ccc(Cc2ccc(NC(=O)c3ccc(Oc4ccc(Oc5ccc(C([*])=O)cc5)cc4)cc3)cc2)cc1,216.0
[*]Nc1ccc(Cc2ccc(NC(=O)c3ccc(Oc4ccc(Oc5ccc(C([*])=O)cc5)cc4-c4ccccc4)cc3)cc2)cc1,218.0
[*]Nc1ccc(Cc2ccc(NC(=O)c3ccc(Oc4nc(Oc5ccc(C([*])=O)cc5)nc(Sc5ccccc5)n4)cc3)cc2)cc1,302.0
[*]Nc1ccc(Cc2ccc(NC(=O)c3ccc(P(=O)(c4ccccc4)c4ccc(C([*])=O)cc4)cc3)cc2)cc1,307.0
[*]Nc1ccc(Cc2ccc(NC(=O)c3ccc4c(c3)C(=O)N(c3ccc(-c5sc(-c6ccc(N7C(=O)c8ccc(C([*])=O)cc8C7=O)cc6)c(-c6ccccc6)c5-c5ccccc5)cc3)C4=O)cc2)cc1,253.0
[*]Nc1ccc(Cc2ccc(NC(=O)c3ccc4c(c3)C(=O)N(c3ccc(C([*])=O)cc3)C4=O)cc2)cc1,222.0
[*]Nc1ccc(Cc2ccc(NC(=O)c3ccc4c(c3)C(=O)N(c3ccc(Oc5ccc(N6C(=O)c7ccc(C([*])=O)cc7C6=O)cc5)cc3)C4=O)cc2)cc1,270.0
[*]Nc1ccc(Cc2ccc(NC(=O)c3ccc4c(c3)C(=O)N(c3ccc(Oc5ccc6ccc(Oc7ccc(N8C(=O)c9ccc(C([*])=O)cc9C8=O)cc7)cc6c5)cc3)C4=O)cc2)cc1,273.0
[*]Nc1ccc(Cc2ccc(NC(=O)c3ccc4c(c3)C(=O)N(c3ccc(S(=O)(=O)c5ccc(N6C(=O)c7ccc(C([*])=O)cc7C6=O)cc5)cc3)C4=O)cc2)cc1,324.0
[*]Nc1ccc(Cc2ccc(NC(=O)c3ccc4c(c3)C(=O)N(c3cccc(P(=O)(c5ccccc5)c5cccc(N6C(=O)c7ccc(C([*])=O)cc7C6=O)c5)c3)C4=O)cc2)cc1,233.0
[*]Nc1ccc(Cc2ccc(NC(=O)c3cccc(C([*])=O)c3)cc2)cc1,265.0
[*]Nc1ccc(Cc2ccc(NC3CC(=O)N(c4ccc(Cc5ccc(N6C(=O)CC([*])C6=O)cc5)cc4)C3=O)cc2)cc1,239.0
[*]Nc1ccc(N(c2ccc(NC3CC(=O)N(c4ccc(Cc5ccc(N6C(=O)CC([*])C6=O)cc5)cc4)C3=O)cc2)c2ccc([N+](=O)[O-])cc2)cc1,276.0
[*]Nc1ccc(N(c2ccc(Nc3ccc([N+](=O)[O-])cc3)cc2)c2ccc(NC3CC(=O)N(c4ccc(Cc5ccc(N6C(=O)CC([*])C6=O)cc5)cc4)C3=O)cc2)cc1,324.0
[*]Nc1ccc(N2C(=O)CC(N3C(=O)c4ccc(C([*])=O)cc4C3=O)C2=O)cc1,120.0
[*]Nc1ccc(N2C(=O)c3ccc(-c4ccc5c(c4)C(=O)N(c4ccc(C([*])=O)cc4)C5=O)cc3C2=O)cc1,335.0
[*]Nc1ccc(N2C(=O)c3ccc(C(=O)Nc4ccc(-c5cc(-c6ccccc6)cc(-c6ccc(NC(=O)c7ccc8c(c7)C(=O)N(c7ccc(NC([*])=O)cc7)C8=O)cc6)n5)cc4)cc3C2=O)cc1,215.0
[*]Nc1ccc(N2C(=O)c3ccc(C(=O)Nc4ccc(-c5ccc(NC(=O)c6ccc7c(c6)C(=O)N(c6ccc(NC([*])=O)cc6)C7=O)cc5)cc4)cc3C2=O)cc1,233.0
[*]Nc1ccc(N2C(=O)c3ccc(C(=O)Nc4ccc(C(=O)c5ccc(NC(=O)c6ccc7c(c6)C(=O)N(c6ccc(NC([*])=O)cc6)C7=O)cc5)cc4)cc3C2=O)cc1,212.0
[*]Nc1ccc(N2C(=O)c3ccc(C(=O)Nc4ccc(Cc5ccc(NC(=O)c6ccc7c(c6)C(=O)N(c6ccc(NC([*])=O)cc6)C7=O)cc5)cc4)cc3C2=O)cc1,211.0
[*]Nc1ccc(N2C(=O)c3ccc(C(=O)Nc4ccc(NC(=O)c5ccc6c(c5)C(=O)N(c5ccc(NC([*])=O)cc5)C6=O)cc4)cc3C2=O)cc1,216.0
[*]Nc1ccc(N2C(=O)c3ccc(C(=O)Nc4ccc(Oc5ccc(NC(=O)c6ccc7c(c6)C(=O)N(c6ccc(NC([*])=O)cc6)C7=O)cc5)cc4)cc3C2=O)cc1,205.0
[*]Nc1ccc(N2C(=O)c3ccc(C(=O)Nc4ccc(S(=O)(=O)c5ccc(NC(=O)c6ccc7c(c6)C(=O)N(c6ccc(NC([*])=O)cc6)C7=O)cc5)cc4)cc3C2=O)cc1,205.0
[*]Nc1ccc(N2C(=O)c3ccc(C(=O)Nc4ccc5c(c4)Cc4cc(NC(=O)c6ccc7c(c6)C(=O)N(c6ccc(NC([*])=O)cc6)C7=O)ccc4-5)cc3C2=O)cc1,224.0
[*]Nc1ccc(N2C(=O)c3ccc(C(=O)c4ccc5c(c4)C(=O)N(c4ccc(C([*])=O)cc4)C5=O)cc3C2=O)cc1,300.0
[*]Nc1ccc(N2C(=O)c3ccc(C(=O)c4ccc5c(c4)C(=O)N(c4ccc(NC(=O)c6cccc(C([*])=O)c6)cc4)C5=O)cc3C2=O)cc1,247.0
[*]Nc1ccc(N2C(=O)c3ccc(C(=O)c4ccc5c(c4)C(=O)N(c4cccc(C([*])=O)c4)C5=O)cc3C2=O)cc1,308.0
[*]Nc1ccc(NC(=O)Nc2cc(NC([*])=O)cc(C(=O)Nc3ccc4c(c3)C(=O)c3ccccc3C4=O)c2)cc1,184.0
[*]Nc1ccc(NC(=O)Nc2cc(NC([*])=O)cc(C(=O)Nc3cccc4c3C(=O)c3ccccc3C4=O)c2)cc1,190.0
[*]Nc1ccc(NC(=O)Nc2ccc(-c3[nH]c(-c4ccc(-c5nc(-c6ccc([N+](=O)[O-])cc6)c(-c6ccc([N+](=O)[O-])cc6)[nH]5)cc4)nc3-c3ccc(NC([*])=O)cc3)cc2)cc1,272.0
[*]Nc1ccc(NC(=O)Nc2ccc(-c3[nH]c(-c4ccc([N+](=O)[O-])cc4)nc3-c3ccc(NC([*])=O)cc3)cc2)cc1,292.0
[*]Nc1ccc(NC(=O)Nc2ccc3c(c2)C(=O)N(c2ccc(-c4cc(-c5ccc(-c6ccccc6)cc5)cc(-c5ccc(N6C(=O)c7ccc(NC([*])=O)cc7C6=O)cc5)n4)cc2)C3=O)cc1,243.0
[*]Nc1ccc(NC(=O)c2cc(C([*])=O)cc(S(=O)(=O)c3ccccc3)c2)cc1,308.0
[*]Nc1ccc(NC(=O)c2cc(NC(=O)C34CC5CC(CC(C5)C3)C4)cc(C(=O)Nc3ccc(C([*])=O)cc3)c2)cc1,365.0
[*]Nc1ccc(NC(=O)c2ccc(-n3nc(-c4ccc(Oc5ccc(C([*])=O)cc5)c5ccccc45)c4ccccc4c3=O)cc2)cc1,347.5
[*]Nc1ccc(NC(=O)c2ccc(C([*])=O)cc2)cc1,295.0
[*]Nc1ccc(NC(=O)c2ccc(Oc3ccc(C(c4ccc(Oc5ccc(C([*])=O)cc5)cc4)(C(F)(F)F)C(F)(F)F)cc3)cc2)cc1,218.0
[*]Nc1ccc(NC(=O)c2ccc(Oc3ccc(C(c4ccccc4)(c4ccccc4)c4ccc(Oc5ccc(C([*])=O)cc5)cc4)cc3)cc2)cc1,254.0
[*]Nc1ccc(NC(=O)c2ccc(P(=O)(c3ccccc3)c3ccc(C(=O)Nc4ccc(C([*])=O)cc4)cc3)cc2)cc1,243.0
[*]Nc1ccc(NC(=O)c2ccc(P(=O)(c3ccccc3)c3ccc(C([*])=O)cc3)cc2)cc1,252.0
[*]Nc1ccc(NC(=O)c2ccc3[nH]c(-c4cc(-c5nc6cc(C([*])=O)ccc6[nH]5)cc(N5C(=O)c6ccccc6C5=O)c4)nc3c2)cc1,295.0
[*]Nc1ccc(NC(=O)c2ccc3[nH]c(-c4ccc(-c5nc6cc(C(=O)Nc7ccc(C([*])=O)cc7)ccc6[nH]5)cc4)nc3c2)cc1,300.0
[*]Nc1ccc(NC(=O)c2ccc3[nH]c(-c4ccc(C(=O)Nc5ccc(C([*])=O)cc5)cc4)nc3c2)cc1,295.0
[*]Nc1ccc(NC(=O)c2ccc3[nH]c(-c4cccc(-c5nc6cc(C(=O)Nc7ccc(C([*])=O)cc7)ccc6[nH]5)c4)nc3c2)cc1,322.0
[*]Nc1ccc(NC(=O)c2ccc3c(c2)C(=O)N(c2cc(-c4nc5ccccc5s4)cc(N4C(=O)c5ccc(C([*])=O)cc5C4=O)c2)C3=O)cc1,356.0
[*]Nc1ccc(NC(=O)c2ccc3c(c2)C(=O)N(c2ccc(-c4sc(-c5ccc(N6C(=O)c7ccc(C([*])=O)cc7C6=O)cc5)c(-c5ccccc5)c4-c4ccccc4)cc2)C3=O)cc1,333.0
[*]Nc1ccc(NC(=O)c2ccc3c(c2)C(=O)N(c2ccc(C([*])=O)cc2)C3=O)cc1,297.5
[*]Nc1ccc(NC(=O)c2ccc3c(c2)C(=O)N(c2ccc(NC(=O)Nc4ccc(N5C(=O)c6ccc(C(=O)Nc7ccc(NC([*])=O)cc7)cc6C5=O)cc4)cc2)C3=O)cc1,208.0
[*]Nc1ccc(NC(=O)c2ccc3c(c2)C(=O)N(c2ccc(Oc4cccc5c(N6C(=O)c7ccc(C([*])=O)cc7C6=O)cccc45)cc2)C3=O)cc1,307.0
[*]Nc1ccc(NC(=O)c2ccc3c(c2)C(=O)N(c2ccc(S(=O)(=O)c4ccc(N5C(=O)c6ccc(C([*])=O)cc6C5=O)cc4)cc2)C3=O)cc1,368.0
[*]Nc1ccc(NC(=O)c2ccc3c(c2)C(=O)N(c2cccc(N4C(=O)c5ccc(C([*])=O)cc5C4=O)c2)C3=O)cc1,341.0
[*]Nc1ccc(NC(=O)c2ccc3c(c2)C(=O)N(c2cccc(P(=O)(c4ccccc4)c4cccc(N5C(=O)c6ccc(C([*])=O)cc6C5=O)c4)c2)C3=O)cc1,204.0
[*]Nc1ccc(NC(=O)c2cccc(C(=O)c3ccc(C([*])=O)cc3)c2)cc1,257.5
[*]Nc1ccc(NC(=O)c2cccc(C([*])=O)c2)cc1,295.0
[*]Nc1ccc(NC(=O)c2cccc(N3C(=O)c4ccc(C(c5ccc6c(c5)C(=O)N(c5cccc(C(=O)Nc7ccc(C([*])=O)cc7)c5)C6=O)(C(F)(F)F)C(F)(F)F)cc4C3=O)c2)cc1,328.0
[*]Nc1ccc(NC(=O)c2cccc(N3C(=O)c4ccc(C(c5ccc6c(c5)C(=O)N(c5cccc(C([*])=O)c5)C6=O)(C(F)(F)F)C(F)(F)F)cc4C3=O)c2)cc1,311.0
[*]Nc1ccc(NC(=O)c2cccc(N3C(=O)c4cccc(-c5ccc6c(c5)C(=O)N(c5cccc(C([*])=O)c5)C6=O)c4C3=O)c2)cc1,328.0
[*]Nc1ccc(OC(=O)c2ccc([Si](c3ccccc3)(c3ccccc3)c3ccc(C([*])=O)cc3)cc2)cc1,235.0
[*]Nc1ccc(OC2COC3C(Oc4ccc(NC(=O)c5ccc(C([*])=O)cc5)cc4)COC23)cc1,57.0
[*]Nc1ccc(OC2COC3C(Oc4ccc(NC(=O)c5ccc(OC6COC7C(Oc8ccc(C([*])=O)cc8)COC67)cc5)cc4)COC23)cc1,165.0
[*]Nc1ccc(OC2COC3C(Oc4ccc(NC(=O)c5cccc(C([*])=O)c5)cc4)COC23)cc1,218.0
[*]Nc1ccc(OCCCCCCCCOc2ccc(NC(=O)c3cccc(C([*])=O)c3)cc2)cc1,128.0
[*]Nc1ccc(OCCCCCOc2ccc(NC(=O)c3cccc(C([*])=O)c3)cc2)cc1,155.0
[*]Nc1ccc(OCCOCCOCCOc2ccc(NC(=O)c3cccc(C([*])=O)c3)cc2)cc1,129.0
[*]Nc1ccc(OCCOCCOc2ccc(NC(=O)c3cccc(C([*])=O)c3)cc2)cc1,155.0
[*]Nc1ccc(OP(=O)(Oc2ccc(NC(=O)OCCCCCCOC([*])=O)cc2)c2ccccc2)cc1,-3.0
[*]Nc1ccc(OP(=O)(Oc2ccc(NC(=O)Oc3ccc(-c4ccc(OC([*])=O)cc4)cc3)cc2)c2ccccc2)cc1,34.0
[*]Nc1ccc(Oc2ccc(-c3ccc(Oc4ccc(NC(=O)c5ccc(N6C(=O)c7ccc(C(c8ccc9c(c8)C(=O)N(c8ccc(C([*])=O)cc8)C9=O)(C(F)(F)F)C(F)(F)F)cc7C6=O)cc5)cc4)cc3)cc2)cc1,296.0
[*]Nc1ccc(Oc2ccc(-c3ccc(Oc4ccc(NC(=O)c5ccc(Oc6ccc(Oc7ccc(C([*])=O)cc7)cc6-c6ccccc6)cc5)cc4)cc3)cc2)cc1,232.0
[*]Nc1ccc(Oc2ccc(-c3ccc(Oc4ccc(NC(=O)c5ccc6c(c5)C(=O)N(c5ccc(Oc7ccc(N8C(=O)c9ccc(C([*])=O)cc9C8=O)cc7)cc5)C6=O)cc4)cc3)cc2)cc1,262.0
[*]Nc1ccc(Oc2ccc(-c3ccc(Oc4ccc(NC(=O)c5ccc6c(c5)C(=O)N(c5ccc(Oc7ccc(S(=O)(=O)c8ccc(Oc9ccc(N%10C(=O)c%11ccc(C([*])=O)cc%11C%10=O)cc9)cc8)cc7)cc5)C6=O)cc4)cc3)cc2)cc1,267.0
[*]Nc1ccc(Oc2ccc(-c3ccc(Oc4ccc(NC(=O)c5ccc6c(c5)C(=O)N(c5ccc(Oc7cccc8c(Oc9ccc(N%10C(=O)c%11ccc(C([*])=O)cc%11C%10=O)cc9)cccc78)cc5)C6=O)cc4)cc3)cc2)cc1,310.0
[*]Nc1ccc(Oc2ccc(-c3ccc(Oc4ccc(NC(=O)c5ccc6c(c5)C(=O)N(c5ccc(Oc7ccccc7-c7ccccc7Oc7ccc(N8C(=O)c9ccc(C([*])=O)cc9C8=O)cc7)cc5)C6=O)cc4)cc3)cc2)cc1,254.0
[*]Nc1ccc(Oc2ccc(-c3ccc(Oc4ccc(NC(=O)c5ccc6c(c5)C(=O)N(c5cccc(N7C(=O)c8ccc(C([*])=O)cc8C7=O)c5)C6=O)cc4)cc3)cc2)cc1,292.0
[*]Nc1ccc(Oc2ccc(-c3ccc(Oc4ccc(NC(=O)c5cccc(N6C(=O)c7ccc(-c8ccc9c(c8)C(=O)N(c8cccc(C([*])=O)c8)C9=O)cc7C6=O)c5)cc4)cc3)cc2)cc1,270.0
[*]Nc1ccc(Oc2ccc(-c3ccc(Oc4ccc(NC(=O)c5cccc(N6C(=O)c7ccc(-c8cccc9c8C(=O)N(c8cccc(C([*])=O)c8)C9=O)cc7C6=O)c5)cc4)cc3)cc2)cc1,275.0
[*]Nc1ccc(Oc2ccc(-c3ccc(Oc4ccc(NC(=O)c5cccc(N6C(=O)c7ccc(C(c8ccc9c(c8)C(=O)N(c8cccc(C([*])=O)c8)C9=O)(C(F)(F)F)C(F)(F)F)cc7C6=O)c5)cc4)cc3)cc2)cc1,280.0
[*]Nc1ccc(Oc2ccc(-c3nnc(-c4ccc(Oc5ccc(NC(=O)c6cc(C([*])=O)cc(N7C(=O)c8ccccc8C7=O)c6)cc5)cc4)o3)cc2)cc1,285.0
[*]Nc1ccc(Oc2ccc(-c3nnc(-c4ccc(Oc5ccc(NC(=O)c6ccc(C([*])=O)cc6Oc6ccccc6)cc5)cc4)o3)cc2)cc1,245.0
[*]Nc1ccc(Oc2ccc(-n3c(=O)c4cc5c(=O)n(-c6ccc(Oc7ccc(NC(=O)c8cccc(C([*])=O)c8)cc7)cc6)c(=O)c5cc4c3=O)cc2)cc1,282.0
[*]Nc1ccc(Oc2ccc(C(=O)c3ccc(Oc4ccc(NC(=O)c5ccc(C([*])=O)cc5)cc4)cc3)cc2)cc1,160.0
[*]Nc1ccc(Oc2ccc(C(=O)c3ccc(Oc4ccc(NC(=O)c5ccc(C([*])=O)cn5)cc4)cc3)cc2)cc1,170.0
[*]Nc1ccc(Oc2ccc(C(=O)c3ccc(Oc4ccc(NC(=O)c5cccc(C([*])=O)c5)cc4)cc3)cc2)cc1,145.0
[*]Nc1ccc(Oc2ccc(C(=O)c3ccc(Oc4cccc(NC(=O)c5ccc(C([*])=O)cc5)c4)cc3)cc2)cc1,126.0
[*]Nc1ccc(Oc2ccc(C(=O)c3ccc(Oc4cccc(NC(=O)c5cccc(C([*])=O)c5)c4)cc3)cc2)cc1,114.0
[*]Nc1ccc(Oc2ccc(C([*])=O)cc2)cc1,225.0
[*]Nc1ccc(Oc2ccc(C(c3ccc(Oc4ccc(NC(=O)c5cc(C([*])=O)cc([N+](=O)[O-])c5)cc4)cc3)(C(F)(F)F)C(F)(F)F)cc2)cc1,232.0
[*]Nc1ccc(Oc2ccc(C(c3ccc(Oc4ccc(NC(=O)c5cc6cc(Cc7ccc8oc(=O)c(C([*])=O)cc8c7)ccc6oc5=O)cc4)cc3)(C(F)(F)F)C(F)(F)F)cc2)cc1,283.0
[*]Nc1ccc(Oc2ccc(C(c3ccc(Oc4ccc(NC(=O)c5ccc(C([*])=O)cc5)cc4)cc3)(C(F)(F)F)C(F)(F)F)cc2)cc1,243.0
[*]Nc1ccc(Oc2ccc(C(c3ccc(Oc4ccc(NC(=O)c5ccc(N6C(=O)c7ccc(C(c8ccc9c(c8)C(=O)N(c8ccc(C([*])=O)cc8)C9=O)(C(F)(F)F)C(F)(F)F)cc7C6=O)cc5)cc4)cc3)(C(F)(F)F)C(F)(F)F)cc2)cc1,293.0
[*]Nc1ccc(Oc2ccc(C(c3ccc(Oc4ccc(NC(=O)c5ccc(Oc6ccc7ccc(Oc8ccc(C([*])=O)cc8)cc7c6)cc5)cc4)cc3)(C(F)(F)F)C(F)(F)F)cc2)cc1,163.0
[*]Nc1ccc(Oc2ccc(C(c3ccc(Oc4ccc(NC(=O)c5ccc(S(=O)(=O)c6ccc(C([*])=O)cc6)cc5)cc4)cc3)(C(F)(F)F)C(F)(F)F)cc2)cc1,250.0
[*]Nc1ccc(Oc2ccc(C(c3ccc(Oc4ccc(NC(=O)c5ccc6c(c5)C(=O)N(c5ccc(Oc7ccc(C8(c9ccc(Oc%10ccc(N%11C(=O)c%12ccc(C([*])=O)cc%12C%11=O)cc%10)cc9)CC9CC8C8CCCC98)cc7)cc5)C6=O)cc4)cc3)(C(F)(F)F)C(F)(F)F)cc2)cc1,254.0
[*]Nc1ccc(Oc2ccc(C(c3ccc(Oc4ccc(NC(=O)c5ccc6c(c5)C(=O)N(c5ccc(Oc7ccc8ccc(Oc9ccc(N%10C(=O)c%11ccc(C([*])=O)cc%11C%10=O)cc9)cc8c7)cc5)C6=O)cc4)cc3)(C(F)(F)F)C(F)(F)F)cc2)cc1,250.0
[*]Nc1ccc(Oc2ccc(C(c3ccc(Oc4ccc(NC(=O)c5ccc6c(c5)C(=O)N(c5ccc(Oc7cccc8c(Oc9ccc(N%10C(=O)c%11ccc(C([*])=O)cc%11C%10=O)cc9)cccc78)cc5)C6=O)cc4)cc3)(C(F)(F)F)C(F)(F)F)cc2)cc1,231.0
[*]Nc1ccc(Oc2ccc(C(c3ccc(Oc4ccc(NC(=O)c5cccc(C([*])=O)c5)cc4)cc3)(C(F)(F)F)C(F)(F)F)cc2)cc1,228.5
[*]Nc1ccc(Oc2ccc(C(c3ccc(Oc4ccc(NC(=O)c5cccc(N6C(=O)c7ccc(C(c8ccc9c(c8)C(=O)N(c8cccc(C([*])=O)c8)C9=O)(C(F)(F)F)C(F)(F)F)cc7C6=O)c5)cc4)cc3)(C(F)(F)F)C(F)(F)F)cc2)cc1,266.0
[*]Nc1ccc(Oc2ccc(C3(c4ccc(Oc5ccc(NC(=O)c6ccc(-c7ccc(C([*])=O)cc7)cc6)cc5)cc4)CC4CCC3C4)cc2)cc1,296.0
[*]Nc1ccc(Oc2ccc(C3(c4ccc(Oc5ccc(NC(=O)c6ccc(C([*])=O)c7ccccc67)cc5)cc4)C4CC5CC(C4)CC3C5)cc2)cc1,269.0
[*]Nc1ccc(Oc2ccc(C3(c4ccc(Oc5ccc(NC(=O)c6ccc(C([*])=O)cc6)cc5)cc4)C4CC5CC(C4)CC3C5)cc2)cc1,264.0
[*]Nc1ccc(Oc2ccc(C3(c4ccc(Oc5ccc(NC(=O)c6ccc(C([*])=O)cc6)cc5)cc4)CC4CCC3C4)cc2)cc1,281.0
[*]Nc1ccc(Oc2ccc(C3(c4ccc(Oc5ccc(NC(=O)c6ccc(C(c7ccc(C([*])=O)cc7)(C(F)(F)F)C(F)(F)F)cc6)cc5)cc4)C4CC5CC(C4)CC3C5)cc2)cc1,241.0
[*]Nc1ccc(Oc2ccc(C3(c4ccc(Oc5ccc(NC(=O)c6ccc(Oc7ccc(C([*])=O)cc7)cc6)cc5)cc4)C4CC5CC(C4)CC3C5)cc2)cc1,230.0
[*]Nc1ccc(Oc2ccc(C3(c4ccc(Oc5ccc(NC(=O)c6ccc(S(=O)(=O)c7ccc(C([*])=O)cc7)cc6)cc5)cc4)C4CC5CC(C4)CC3C5)cc2)cc1,252.0
[*]Nc1ccc(Oc2ccc(C3(c4ccc(Oc5ccc(NC(=O)c6ccc(S(=O)(=O)c7ccc(C([*])=O)cc7)cc6)cc5)cc4)CC4CCC3C4)cc2)cc1,287.0
[*]Nc1ccc(Oc2ccc(C3(c4ccc(Oc5ccc(NC(=O)c6ccc7c(c6)C(=O)N(c6ccc(Cc8ccc(N9C(=O)c%10ccc(C([*])=O)cc%10C9=O)cc8)cc6)C7=O)cc5)cc4)NC(=O)c4ccccc43)cc2)cc1,302.0
[*]Nc1ccc(Oc2ccc(C3(c4ccc(Oc5ccc(NC(=O)c6ccc7c(c6)C(=O)N(c6ccc(N8C(=O)c9ccc(C([*])=O)cc9C8=O)cc6)C7=O)cc5)cc4)NC(=O)c4ccccc43)cc2)cc1,322.0
[*]Nc1ccc(Oc2ccc(C3(c4ccc(Oc5ccc(NC(=O)c6ccc7c(c6)C(=O)N(c6ccc(Oc8ccc(C9(c%10ccc(Oc%11ccc(N%12C(=O)c%13ccc(C([*])=O)cc%13C%12=O)cc%11)cc%10)NC(=O)c%10ccccc%109)cc8)cc6)C7=O)cc5)cc4)NC(=O)c4ccccc43)cc2)cc1,330.0
[*]Nc1ccc(Oc2ccc(C3(c4ccc(Oc5ccc(NC(=O)c6ccc7c(c6)C(=O)N(c6ccc(Oc8ccc(N9C(=O)c%10ccc(C([*])=O)cc%10C9=O)cc8)cc6)C7=O)cc5)cc4)NC(=O)c4ccccc43)cc2)cc1,320.0
[*]Nc1ccc(Oc2ccc(C3(c4ccc(Oc5ccc(NC(=O)c6ccc7c(c6)C(=O)N(c6ccc(Oc8ccc(Oc9ccc(N%10C(=O)c%11ccc(C([*])=O)cc%11C%10=O)cc9)cc8)cc6)C7=O)cc5)cc4)NC(=O)c4ccccc43)cc2)cc1,284.0
[*]Nc1ccc(Oc2ccc(C3(c4ccc(Oc5ccc(NC(=O)c6ccc7c(c6)C(=O)N(c6ccc(Oc8ccc(S(=O)(=O)c9ccc(Oc%10ccc(N%11C(=O)c%12ccc(C([*])=O)cc%12C%11=O)cc%10)cc9)cc8)cc6)C7=O)cc5)cc4)NC(=O)c4ccccc43)cc2)cc1,283.0
[*]Nc1ccc(Oc2ccc(C3(c4ccc(Oc5ccc(NC(=O)c6ccc7c(c6)C(=O)N(c6ccc(Oc8cccc(Oc9ccc(N%10C(=O)c%11ccc(C([*])=O)cc%11C%10=O)cc9)c8)cc6)C7=O)cc5)cc4)NC(=O)c4ccccc43)cc2)cc1,267.0
[*]Nc1ccc(Oc2ccc(C3(c4ccc(Oc5ccc(NC(=O)c6ccc7c(c6)C(=O)N(c6ccc(Sc8ccc(N9C(=O)c%10ccc(C([*])=O)cc%10C9=O)cc8)cc6)C7=O)cc5)cc4)NC(=O)c4ccccc43)cc2)cc1,298.0
[*]Nc1ccc(Oc2ccc(C3(c4ccc(Oc5ccc(NC(=O)c6ccc7c(c6)C(=O)N(c6cccc(N8C(=O)c9ccc(C([*])=O)cc9C8=O)c6)C7=O)cc5)cc4)NC(=O)c4ccccc43)cc2)cc1,320.0
[*]Nc1ccc(Oc2ccc(C3(c4ccc(Oc5ccc(NC(=O)c6ccc7c(c6)C(=O)N(c6cccc(Oc8ccc(N9C(=O)c%10ccc(C([*])=O)cc%10C9=O)cc8)c6)C7=O)cc5)cc4)NC(=O)c4ccccc43)cc2)cc1,272.0
[*]Nc1ccc(Oc2ccc(C3(c4ccc(Oc5ccc(NC(=O)c6ccc7cc(C([*])=O)ccc7c6)cc5)cc4)C4CC5CC(C4)CC3C5)cc2)cc1,266.0
[*]Nc1ccc(Oc2ccc(C3(c4ccc(Oc5ccc(NC(=O)c6ccc7cc(C([*])=O)ccc7c6)cc5)cc4)CC4CCC3C4)cc2)cc1,276.0
[*]Nc1ccc(Oc2ccc(C3(c4ccc(Oc5ccc(NC(=O)c6cccc(C([*])=O)c6)cc5)cc4)C4CC5CC(C4)CC3C5)cc2)cc1,273.0
[*]Nc1ccc(Oc2ccc(C3(c4ccc(Oc5ccc(NC(=O)c6cccc(C([*])=O)c6)cc5)cc4)CC4CCC3C4)cc2)cc1,256.0
[*]Nc1ccc(Oc2ccc(C34CC5CC(CC(C5)C3)C4)c(Oc3ccc(NC(=O)c4cc(NC(=O)C56CC7CC(CC(C7)C5)C6)cc(C([*])=O)c4)cc3)c2)cc1,345.0
[*]Nc1ccc(Oc2ccc(N3C(=O)CC(N4C(=O)c5ccc(C([*])=O)cc5C4=O)C3=O)cc2)cc1,223.0
[*]Nc1ccc(Oc2ccc(N3C(=O)c4ccc(C(=O)c5ccc6c(c5)C(=O)N(c5ccc(Oc7ccc(NC(=O)c8cccc(C([*])=O)c8)cc7)cc5)C6=O)cc4C3=O)cc2)cc1,232.0
[*]Nc1ccc(Oc2ccc(N3C(=O)c4ccc(C([*])=O)cc4C3=O)cc2)cc1,295.0
[*]Nc1ccc(Oc2ccc(N3C(=O)c4ccc(Oc5ccc(C([*])=O)cc5)cc4C3=O)cc2)cc1,262.0
[*]Nc1ccc(Oc2ccc(N3C(=O)c4ccc(Oc5cccc(C([*])=O)c5)cc4C3=O)cc2)cc1,231.0
[*]Nc1ccc(Oc2ccc(N3C(=O)c4cccc(Oc5ccc(C([*])=O)cc5)c4C3=O)cc2)cc1,253.0
[*]Nc1ccc(Oc2ccc(NC(=C(C#N)C#N)c3ccc(-c4ccc(-c5ccc(C([*])=C(C#N)C#N)cc5)cc4)cc3)cc2)cc1,240.0
[*]Nc1ccc(Oc2ccc(NC(=C(C#N)C#N)c3ccc(-c4ccc(C([*])=C(C#N)C#N)cc4)cc3)cc2)cc1,220.0
[*]Nc1ccc(Oc2ccc(NC(=C(C#N)C#N)c3ccc(C([*])=C(C#N)C#N)cc3)cc2)cc1,274.0
[*]Nc1ccc(Oc2ccc(NC(=C(C#N)C#N)c3ccc4cc(C([*])=C(C#N)C#N)ccc4c3)cc2)cc1,280.0
[*]Nc1ccc(Oc2ccc(NC(=O)Nc3ccc4c(c3)C(=O)N(c3ccc(-c5cc(-c6ccc(-c7ccccc7)cc6)cc(-c6ccc(N7C(=O)c8ccc(NC([*])=O)cc8C7=O)cc6)n5)cc3)C4=O)cc2)cc1,241.0
[*]Nc1ccc(Oc2ccc(NC(=O)Nc3ccc4c(c3)C(=O)N(c3ccc(Oc5ccc6ccccc6c5-c5c(Oc6ccc(N7C(=O)c8ccc(NC([*])=O)cc8C7=O)cc6)ccc6ccccc56)cc3)C4=O)cc2)cc1,274.0
[*]Nc1ccc(Oc2ccc(NC(=O)Nc3ccccc3CCc3ccccc3NC([*])=O)cc2)cc1,232.0
[*]Nc1ccc(Oc2ccc(NC(=O)c3cc(C([*])=O)cc(C(F)(F)C(F)(F)C(F)(F)C(F)(F)C(F)(F)C(F)(F)C(F)(F)C(F)(F)F)c3)cc2)cc1,230.0
[*]Nc1ccc(Oc2ccc(NC(=O)c3cc(C([*])=O)cc(C(F)(F)C(F)(F)C(F)(F)C(F)(F)F)c3)cc2)cc1,257.0
[*]Nc1ccc(Oc2ccc(NC(=O)c3cc(C([*])=O)cc(S(=O)(=O)c4ccccc4)c3)cc2)cc1,279.0
[*]Nc1ccc(Oc2ccc(NC(=O)c3cc(NC(=O)C45CC6CC(CC(C6)C4)C5)cc(C([*])=O)c3)cc2)cc1,335.0
[*]Nc1ccc(Oc2ccc(NC(=O)c3cc4cc(Cc5ccc6oc(=O)c(C([*])=O)cc6c5)ccc4oc3=O)cc2)cc1,312.0
[*]Nc1ccc(Oc2ccc(NC(=O)c3ccc(-n4c(=O)c5cc6c(=O)n(-c7ccc(C([*])=O)cc7)c(=O)c6cc5c4=O)cc3)cc2)cc1,360.0
[*]Nc1ccc(Oc2ccc(NC(=O)c3ccc(-n4nc(-c5ccc(Oc6ccc(C([*])=O)cc6)c6ccccc56)c5ccccc5c4=O)cc3)cc2)cc1,317.5
[*]Nc1ccc(Oc2ccc(NC(=O)c3ccc(-n4nc(-c5ccc(Oc6ccc(C([*])=O)cc6)cc5)c5ccccc5c4=O)cc3)cc2)cc1,280.0
[*]Nc1ccc(Oc2ccc(NC(=O)c3ccc(C(=O)Nc4ccc(Oc5ccc(NC(=C(C#N)C#N)c6cccc(C([*])=C(C#N)C#N)c6)cc5)cc4)cc3)cc2)cc1,274.0
[*]Nc1ccc(Oc2ccc(NC(=O)c3ccc(C([*])=O)cc3)cc2)cc1,240.5
[*]Nc1ccc(Oc2ccc(NC(=O)c3ccc(N4C(=O)c5ccc(C(c6ccc7c(c6)C(=O)N(c6ccc(C([*])=O)cc6)C7=O)(C(F)(F)F)C(F)(F)F)cc5C4=O)cc3)cc2)cc1,322.0
[*]Nc1ccc(Oc2ccc(NC(=O)c3ccc(Oc4ccc(C([*])=O)cc4)cc3)cc2)cc1,274.0
[*]Nc1ccc(Oc2ccc(NC(=O)c3ccc(Oc4ccc(Oc5ccc(C([*])=O)cc5)cc4-c4ccccc4)cc3)cc2)cc1,219.0
[*]Nc1ccc(Oc2ccc(NC(=O)c3ccc(P(=O)(c4ccccc4)c4ccc(C([*])=O)cc4)cc3)cc2)cc1,254.0
[*]Nc1ccc(Oc2ccc(NC(=O)c3ccc4c(c3)C(=O)N(C3CCC(CC5CCC(N6C(=O)c7ccc(C([*])=O)cc7C6=O)CC5)CC3)C4=O)cc2)cc1,250.0
[*]Nc1ccc(Oc2ccc(NC(=O)c3ccc4c(c3)C(=O)N(c3ccc(-c5sc(-c6ccc(N7C(=O)c8ccc(C([*])=O)cc8C7=O)cc6)c(-c6ccccc6)c5-c5ccccc5)cc3)C4=O)cc2)cc1,320.0
[*]Nc1ccc(Oc2ccc(NC(=O)c3ccc4c(c3)C(=O)N(c3ccc(C([*])=O)cc3)C4=O)cc2)cc1,296.0
[*]Nc1ccc(Oc2ccc(NC(=O)c3ccc4c(c3)C(=O)N(c3ccc(Cc5ccc(N6C(=O)c7ccc(C([*])=O)cc7C6=O)cc5)cc3)C4=O)cc2)cc1,251.0
[*]Nc1ccc(Oc2ccc(NC(=O)c3ccc4c(c3)C(=O)N(c3ccc(Oc5ccc(C6(c7ccc(Oc8ccc(N9C(=O)c%10ccc(C([*])=O)cc%10C9=O)cc8)cc7)CC7CC6C6CCCC76)cc5)cc3)C4=O)cc2)cc1,250.0
[*]Nc1ccc(Oc2ccc(NC(=O)c3ccc4c(c3)C(=O)N(c3ccc(Oc5ccc(C6(c7ccc(Oc8ccc(N9C(=O)c%10ccc(C([*])=O)cc%10C9=O)cc8)cc7)NC(=O)c7ccccc76)cc5)cc3)C4=O)cc2)cc1,325.0
[*]Nc1ccc(Oc2ccc(NC(=O)c3ccc4c(c3)C(=O)N(c3ccc(Oc5ccc(N6C(=O)c7ccc(C([*])=O)cc7C6=O)cc5)cc3)C4=O)cc2)cc1,282.0
[*]Nc1ccc(Oc2ccc(NC(=O)c3ccc4c(c3)C(=O)N(c3ccc(Oc5ccc(N6C(=O)c7ccc(C([*])=O)cc7C6=O)cc5-c5ccccc5)c(-c5ccccc5)c3)C4=O)cc2)cc1,345.0
[*]Nc1ccc(Oc2ccc(NC(=O)c3ccc4c(c3)C(=O)N(c3ccc(Oc5ccc(N6C(=O)c7ccc(C([*])=O)cc7C6=O)cc5-c5ccccc5)c(-c5ccccc5)c3)C4=O)cc2-c2ccccc2)c(-c2ccccc2)c1,369.0
[*]Nc1ccc(Oc2ccc(NC(=O)c3ccc4c(c3)C(=O)N(c3ccc(Oc5cccc6c(N7C(=O)c8ccc(C([*])=O)cc8C7=O)cccc56)cc3)C4=O)cc2)cc1,278.0
[*]Nc1ccc(Oc2ccc(NC(=O)c3ccc4c(c3)C(=O)N(c3ccc(S(=O)(=O)c5ccc(N6C(=O)c7ccc(C([*])=O)cc7C6=O)cc5)cc3)C4=O)cc2)cc1,281.0
[*]Nc1ccc(Oc2ccc(NC(=O)c3ccc4c(c3)C(=O)N(c3cccc(P(=O)(c5ccccc5)c5cccc(N6C(=O)c7ccc(C([*])=O)cc7C6=O)c5)c3)C4=O)cc2)cc1,235.0
[*]Nc1ccc(Oc2ccc(NC(=O)c3cccc(C([*])=O)c3)cc2)cc1,264.0
[*]Nc1ccc(Oc2ccc(NC(=O)c3cccc(N4C(=O)c5ccc(-c6ccc7c(c6)C(=O)N(c6cccc(C([*])=O)c6)C7=O)cc5C4=O)c3)cc2)cc1,253.0
[*]Nc1ccc(Oc2ccc(NC(=O)c3cccc(N4C(=O)c5ccc(-c6cccc7c6C(=O)N(c6cccc(C([*])=O)c6)C7=O)cc5C4=O)c3)cc2)cc1,291.0
[*]Nc1ccc(Oc2ccc(NC(=O)c3cccc(N4C(=O)c5ccc(C(c6ccc7c(c6)C(=O)N(c6cccc(C([*])=O)c6)C7=O)(C(F)(F)F)C(F)(F)F)cc5C4=O)c3)cc2)cc1,298.0
[*]Nc1ccc(Oc2ccc(Nc3ccc(/N=N/c4ccc([*])cc4)cc3)cc2)cc1,169.0
[*]Nc1ccc(Oc2ccc(Nc3ccc4c(c3)c3cc([*])ccc3n4CC(CC)CCCC)cc2)cc1,220.0
[*]Nc1ccc(Oc2ccc(Oc3ccc(N4C(=O)c5ccc(C([*])=O)cc5C4=O)cc3)cc2)cc1,250.0
[*]Nc1ccc(Oc2ccc(Oc3ccc(N4C(=O)c5ccc(Oc6ccc(C([*])=O)cc6)cc5C4=O)cc3)cc2)cc1,242.0
[*]Nc1ccc(Oc2ccc(Oc3ccc(N4C(=O)c5ccc(Oc6cccc(C([*])=O)c6)cc5C4=O)cc3)cc2)cc1,213.0
[*]Nc1ccc(Oc2ccc(Oc3ccc(N4C(=O)c5cccc(Oc6ccc(C([*])=O)cc6)c5C4=O)cc3)cc2)cc1,244.0
[*]Nc1ccc(Oc2ccc(Oc3ccc(NC(=C(C#N)C#N)c4ccc(C([*])=C(C#N)C#N)cc4)cc3)cc2)cc1,255.0
[*]Nc1ccc(Oc2ccc(Oc3ccc(NC(=C(C#N)C#N)c4cccc(C([*])=C(C#N)C#N)c4)cc3)cc2)cc1,228.0
[*]Nc1ccc(Oc2ccc(Oc3ccc(NC(=O)c4cc5cc(Cc6ccc7oc(=O)c(C([*])=O)cc7c6)ccc5oc4=O)cc3)cc2)cc1,290.0
[*]Nc1ccc(Oc2ccc(Oc3ccc(NC(=O)c4ccc(-n5nc(-c6ccc(Oc7ccc(C([*])=O)cc7)c7ccccc67)c6ccccc6c5=O)cc4)cc3)cc2)cc1,289.5
[*]Nc1ccc(Oc2ccc(Oc3ccc(NC(=O)c4ccc(-n5nc(-c6ccc(Oc7ccc(C([*])=O)cc7)c7ccccc67)c6ccccc6c5=O)cc4)cc3C(F)(F)F)cc2)c(C(F)(F)F)c1,281.5
[*]Nc1ccc(Oc2ccc(Oc3ccc(NC(=O)c4ccc(N5C(=O)c6ccc(C(c7ccc8c(c7)C(=O)N(c7ccc(C([*])=O)cc7)C8=O)(C(F)(F)F)C(F)(F)F)cc6C5=O)cc4)cc3)cc2)cc1,303.0
[*]Nc1ccc(Oc2ccc(Oc3ccc(NC(=O)c4ccc(Oc5ccc(Oc6ccc(C([*])=O)cc6)cc5)cc4)cc3)cc2)cc1,236.0
[*]Nc1ccc(Oc2ccc(Oc3ccc(NC(=O)c4ccc(Oc5ccc(Oc6ccc(C([*])=O)cc6)cc5-c5ccccc5)cc4)cc3)cc2)cc1,209.0
[*]Nc1ccc(Oc2ccc(Oc3ccc(NC(=O)c4ccc(Oc5ccc(Oc6ccc(C([*])=O)cc6)cc5-c5ccccc5)cc4)cc3)cc2-c2ccccc2)cc1,200.5
[*]Nc1ccc(Oc2ccc(Oc3ccc(NC(=O)c4ccc(Oc5ccc6ccc(Oc7ccc(C([*])=O)cc7)cc6c5)cc4)cc3)cc2)cc1,191.0
[*]Nc1ccc(Oc2ccc(Oc3ccc(NC(=O)c4ccc5c(c4)C(=O)N(c4ccc(-c6sc(-c7ccc(N8C(=O)c9ccc(C([*])=O)cc9C8=O)cc7)c(-c7ccccc7)c6-c6ccccc6)cc4)C5=O)cc3)cc2)cc1,303.0
[*]Nc1ccc(Oc2ccc(Oc3ccc(NC(=O)c4ccc5c(c4)C(=O)N(c4ccc(Oc6ccc(C7(c8ccc(Oc9ccc(N%10C(=O)c%11ccc(C([*])=O)cc%11C%10=O)cc9)cc8)CC8CC7C7CCCC87)cc6)cc4)C5=O)cc3)cc2)cc1,257.0
[*]Nc1ccc(Oc2ccc(Oc3ccc(NC(=O)c4ccc5c(c4)C(=O)N(c4ccc(Oc6ccc(C7(c8ccc(Oc9ccc(N%10C(=O)c%11ccc(C([*])=O)cc%11C%10=O)cc9)cc8)NC(=O)c8ccccc87)cc6)cc4)C5=O)cc3)cc2)cc1,300.0
[*]Nc1ccc(Oc2ccc(Oc3ccc(NC(=O)c4ccc5c(c4)C(=O)N(c4ccc(Oc6ccc(N7C(=O)c8ccc(C([*])=O)cc8C7=O)cc6)cc4)C5=O)cc3)cc2)cc1,260.0
[*]Nc1ccc(Oc2ccc(Oc3ccc(NC(=O)c4ccc5c(c4)C(=O)N(c4ccc(Oc6cccc7c(Oc8ccc(N9C(=O)c%10ccc(C([*])=O)cc%10C9=O)cc8)cccc67)cc4)C5=O)cc3)cc2)cc1,285.0
[*]Nc1ccc(Oc2ccc(Oc3ccc(NC(=O)c4ccc5c(c4)C(=O)N(c4ccc(S(=O)(=O)c6ccc(N7C(=O)c8ccc(C([*])=O)cc8C7=O)cc6)cc4)C5=O)cc3)cc2)cc1,243.0
[*]Nc1ccc(Oc2ccc(Oc3ccc(NC(=O)c4cccc(N5C(=O)c6ccc(-c7ccc8c(c7)C(=O)N(c7cccc(C([*])=O)c7)C8=O)cc6C5=O)c4)cc3)cc2)cc1,244.0
[*]Nc1ccc(Oc2ccc(Oc3ccc(NC(=O)c4cccc(N5C(=O)c6ccc(-c7cccc8c7C(=O)N(c7cccc(C([*])=O)c7)C8=O)cc6C5=O)c4)cc3)cc2)cc1,268.0
[*]Nc1ccc(Oc2ccc(Oc3ccc(NC(=O)c4cccc(N5C(=O)c6ccc(C(c7ccc8c(c7)C(=O)N(c7cccc(C([*])=O)c7)C8=O)(C(F)(F)F)C(F)(F)F)cc6C5=O)c4)cc3)cc2)cc1,283.0
[*]Nc1ccc(Oc2ccc(Oc3ccc(Oc4ccc(NC(=O)c5cccc(N6C(=O)c7ccc(-c8ccc9c(c8)C(=O)N(c8cccc(C([*])=O)c8)C9=O)cc7C6=O)c5)cc4)cc3)cc2)cc1,244.0
[*]Nc1ccc(Oc2ccc(Oc3ccc(Oc4ccc(NC(=O)c5cccc(N6C(=O)c7ccc(-c8cccc9c8C(=O)N(c8cccc(C([*])=O)c8)C9=O)cc7C6=O)c5)cc4)cc3)cc2)cc1,260.0
[*]Nc1ccc(Oc2ccc(P(=O)(c3ccccc3)c3ccc(Oc4ccc(NC(=O)c5ccc(P(=O)(c6ccccc6)c6ccc(C([*])=O)cc6)cc5)cc4)cc3)cc2)cc1,225.0
[*]Nc1ccc(Oc2ccc(S(=O)(=O)c3ccc(Oc4ccc(NC(=O)c5ccc(N6C(=O)c7ccc(-c8ccc9c(c8)C(=O)N(c8ccc(C([*])=O)cc8)C9=O)cc7C6=O)cc5)cc4)cc3)cc2)cc1,258.0
[*]Nc1ccc(Oc2ccc(S(=O)(=O)c3ccc(Oc4ccc(NC(=O)c5ccc(N6C(=O)c7cccc(-c8ccc9c(c8)C(=O)N(c8ccc(C([*])=O)cc8)C9=O)c7C6=O)cc5)cc4)cc3)cc2)cc1,287.0
[*]Nc1ccc(Oc2ccc(S(=O)(=O)c3ccc(Oc4ccc(NC(=O)c5ccc(Oc6ccc(Oc7ccc(C([*])=O)cc7)cc6)cc5)cc4)cc3)cc2)cc1,220.0
[*]Nc1ccc(Oc2ccc(S(=O)(=O)c3ccc(Oc4ccc(NC(=O)c5ccc(Oc6ccc(Oc7ccc(C([*])=O)cc7)cc6-c6ccccc6)cc5)cc4)cc3)cc2)cc1,231.0
[*]Nc1ccc(Oc2ccc(S(=O)(=O)c3ccc(Oc4ccc(NC(=O)c5ccc(Oc6ccc7ccc(Oc8ccc(C([*])=O)cc8)cc7c6)cc5)cc4)cc3)cc2)cc1,227.0
[*]Nc1ccc(Oc2ccc(S(=O)(=O)c3ccc(Oc4ccc(NC(=O)c5ccc6c(c5)C(=O)N(c5ccc(Oc7ccc(C8(c9ccc(Oc%10ccc(N%11C(=O)c%12ccc(C([*])=O)cc%12C%11=O)cc%10)cc9)NC(=O)c9ccccc98)cc7)cc5)C6=O)cc4)cc3)cc2)cc1,302.0
[*]Nc1ccc(Oc2ccc(S(=O)(=O)c3ccc(Oc4ccc(NC(=O)c5ccc6c(c5)C(=O)N(c5ccc(Oc7ccc8ccc(Oc9ccc(N%10C(=O)c%11ccc(C([*])=O)cc%11C%10=O)cc9)cc8c7)cc5)C6=O)cc4)cc3)cc2)cc1,274.0
[*]Nc1ccc(Oc2ccc(S(=O)(=O)c3ccc(Oc4ccc(NC(=O)c5ccc6c(c5)C(=O)N(c5ccc(Oc7cccc8c(Oc9ccc(N%10C(=O)c%11ccc(C([*])=O)cc%11C%10=O)cc9)cccc78)cc5)C6=O)cc4)cc3)cc2)cc1,260.0
[*]Nc1ccc(Oc2ccc(S(=O)(=O)c3ccc(Oc4ccc(NC(=O)c5cccc(C([*])=O)c5)cc4)cc3)cc2)cc1,260.0
[*]Nc1ccc(Oc2ccc(S(=O)(=O)c3ccc(Oc4ccc(NC(=O)c5cccc(N6C(=O)c7ccc(-c8ccc9c(c8)C(=O)N(c8cccc(C([*])=O)c8)C9=O)cc7C6=O)c5)cc4)cc3)cc2)cc1,258.0
[*]Nc1ccc(Oc2ccc(S(=O)(=O)c3ccc(Oc4ccc(NC(=O)c5cccc(N6C(=O)c7ccc(-c8cccc9c8C(=O)N(c8cccc(C([*])=O)c8)C9=O)cc7C6=O)c5)cc4)cc3)cc2)cc1,263.0
[*]Nc1ccc(Oc2ccc3cccc(Oc4ccc(NC(=O)c5ccc(C(c6ccc(C([*])=O)cc6)(C(F)(F)F)C(F)(F)F)cc5)cc4)c3c2)cc1,252.0
[*]Nc1ccc(Oc2ccc3cccc(Oc4ccc(NC(=O)c5ccc(Oc6ccc(C([*])=O)cc6)cc5)cc4)c3c2)cc1,236.0
[*]Nc1ccc(Oc2ccc3cccc(Oc4ccc(NC(=O)c5ccc(Oc6ccc(Oc7ccc(C([*])=O)cc7)cc6)cc5)cc4)c3c2)cc1,224.0
[*]Nc1ccc(Oc2ccc3cccc(Oc4ccc(NC(=O)c5ccc(Oc6ccc(S(=O)(=O)c7ccc(Oc8ccc(C([*])=O)cc8)cc7)cc6)cc5)cc4)c3c2)cc1,218.0
[*]Nc1ccc(Oc2ccc3cccc(Oc4ccc(NC(=O)c5ccc(Oc6cccc(Oc7ccc(C([*])=O)cc7)c6)cc5)cc4)c3c2)cc1,196.0
[*]Nc1ccc(Oc2ccc3cccc(Oc4ccc(NC(=O)c5ccc(Oc6ccccc6Oc6ccc(C([*])=O)cc6)cc5)cc4)c3c2)cc1,180.0
[*]Nc1ccc(Oc2ccc3cccc(Oc4ccc(NC(=O)c5ccc(S(=O)(=O)c6ccc(C([*])=O)cc6)cc5)cc4)c3c2)cc1,259.0
[*]Nc1ccc(Oc2ccc3nc(-c4ccc([N+](=O)[O-])cc4)c(-c4ccc(Oc5ccc(-c6nc7cc(Oc8ccc(NC(=O)c9cc(C([*])=O)cc(N%10C(=O)c%11ccccc%11C%10=O)c9)cc8)ccc7nc6-c6ccc([N+](=O)[O-])cc6)cc5)cc4)nc3c2)cc1,305.0
[*]Nc1ccc(Oc2ccc3nc(-c4ccc([N+](=O)[O-])cc4)c(-c4ccc(Oc5ccc(-c6nc7cc(Oc8ccc(NC(=O)c9ccc%10c(c9)C(=O)N(c9ccc(C(c%11ccc(N%12C(=O)c%13ccc(C([*])=O)cc%13C%12=O)cc%11)(C(F)(F)F)C(F)(F)F)cc9)C%10=O)cc8)ccc7nc6-c6ccc([N+](=O)[O-])cc6)cc5)cc4)nc3c2)cc1,303.0
[*]Nc1ccc(Oc2ccc3nc(-c4ccccc4)c(-c4ccc(-c5ccc(-c6nc7cc(Oc8ccc(NC(=O)c9ccc%10c(c9)C(=O)N(c9ccc(C(c%11ccc(N%12C(=O)c%13ccc(C([*])=O)cc%13C%12=O)cc%11)(C(F)(F)F)C(F)(F)F)cc9)C%10=O)cc8)ccc7nc6-c6ccccc6)cc5)cc4)nc3c2)cc1,290.0
[*]Nc1ccc(Oc2ccc3nc(-c4ccccc4)c(-c4ccc(-c5nc6cc(Oc7ccc(NC(=O)c8cc(C([*])=O)cc(N9C(=O)c%10ccccc%10C9=O)c8)cc7)ccc6nc5-c5ccccc5)cc4)nc3c2)cc1,302.0
[*]Nc1ccc(Oc2ccc3nc(-c4ccccc4)c(-c4ccc(-c5nc6cc(Oc7ccc(NC(=O)c8ccc9c(c8)C(=O)N(c8ccc(C(c%10ccc(N%11C(=O)c%12ccc(C([*])=O)cc%12C%11=O)cc%10)(C(F)(F)F)C(F)(F)F)cc8)C9=O)cc7)ccc6nc5-c5ccccc5)cc4)nc3c2)cc1,293.0
[*]Nc1ccc(Oc2ccc3nc(-c4ccccc4)c(-c4ccc(N5C(=O)c6ccc7c8c(ccc(c68)C5=O)C(=O)N(c5ccc(-c6nc8cc(Oc9ccc(NC(=O)c%10cc(C([*])=O)cc(N%11C(=O)c%12c(Cl)c(Cl)c(Cl)c(Cl)c%12C%11=O)c%10)cc9)ccc8nc6-c6ccccc6)cc5)C7=O)cc4)nc3c2)cc1,345.0
[*]Nc1ccc(Oc2ccc3nc(-c4ccccc4)c(-c4ccc(N5C(=O)c6ccc7c8c(ccc(c68)C5=O)C(=O)N(c5ccc(-c6nc8cc(Oc9ccc(NC(=O)c%10cc(C([*])=O)cc(N%11C(=O)c%12ccccc%12C%11=O)c%10)cc9)ccc8nc6-c6ccccc6)cc5)C7=O)cc4)nc3c2)cc1,345.0
[*]Nc1ccc(Oc2ccc3nc(-c4ccccc4)c(-c4ccc(Oc5ccc(-c6nc7cc(Oc8ccc(NC(=O)c9cc(C([*])=O)cc(N%10C(=O)c%11c(Cl)c(Cl)c(Cl)c(Cl)c%11C%10=O)c9)cc8)ccc7nc6-c6ccccc6)cc5)cc4)nc3c2)cc1,295.0
[*]Nc1ccc(Oc2ccc3nc(-c4ccccc4)c(-c4ccc(Oc5ccc(-c6nc7cc(Oc8ccc(NC(=O)c9cc(C([*])=O)cc(N%10C(=O)c%11ccccc%11C%10=O)c9)cc8)ccc7nc6-c6ccccc6)cc5)cc4)nc3c2)cc1,260.0
[*]Nc1ccc(Oc2ccc3nc(-c4ccccc4)c(-c4ccc(Oc5ccc(-c6nc7cc(Oc8ccc(NC(=O)c9ccc%10c(c9)C(=O)N(c9ccc(C(c%11ccc(N%12C(=O)c%13ccc(C([*])=O)cc%13C%12=O)cc%11)(C(F)(F)F)C(F)(F)F)cc9)C%10=O)cc8)ccc7nc6-c6ccccc6)cc5)cc4)nc3c2)cc1,289.0
[*]Nc1ccc(Oc2cccc(NC(=O)c3ccc(C([*])=O)cc3)c2)cc1,280.0
[*]Nc1ccc(Oc2cccc(NC(=O)c3ccc(Oc4ccc5ccc(Oc6ccc(C([*])=O)cc6)cc5c4)cc3)c2)cc1,164.0
[*]Nc1ccc(Oc2cccc(NC(=O)c3ccc4c(c3)C(=O)N(c3ccc(-c5sc(-c6ccc(N7C(=O)c8ccc(C([*])=O)cc8C7=O)cc6)c(-c6ccccc6)c5-c5ccccc5)cc3)C4=O)c2)cc1,315.0
[*]Nc1ccc(Oc2cccc(NC(=O)c3ccc4c(c3)C(=O)N(c3ccc(Oc5ccc(C6(c7ccc(Oc8ccc(N9C(=O)c%10ccc(C([*])=O)cc%10C9=O)cc8)cc7)NC(=O)c7ccccc76)cc5)cc3)C4=O)c2)cc1,302.0
[*]Nc1ccc(Oc2cccc(NC(=O)c3ccc4c(c3)C(=O)N(c3ccc(Oc5ccc(N6C(=O)c7ccc(C([*])=O)cc7C6=O)cc5)cc3)C4=O)c2)cc1,236.0
[*]Nc1ccc(Oc2cccc(NC(=O)c3ccc4c(c3)C(=O)N(c3ccc(Oc5ccc6ccc(Oc7ccc(N8C(=O)c9ccc(C([*])=O)cc9C8=O)cc7)cc6c5)cc3)C4=O)c2)cc1,263.0
[*]Nc1ccc(Oc2cccc(NC(=O)c3ccc4c(c3)C(=O)N(c3ccc(Oc5cccc(N6C(=O)c7ccc(C([*])=O)cc7C6=O)c5)cc3)C4=O)c2)cc1,211.0
[*]Nc1ccc(Oc2cccc(Oc3ccc(NC(=O)c4ccc(N5C(=O)c6ccc(C(c7ccc8c(c7)C(=O)N(c7ccc(C([*])=O)cc7)C8=O)(C(F)(F)F)C(F)(F)F)cc6C5=O)cc4)cc3)c2)cc1,286.0
[*]Nc1ccc(Oc2cccc(Oc3ccc(NC(=O)c4ccc(Oc5cccc(Oc6ccc(C([*])=O)cc6)c5)cc4)cc3)c2)cc1,176.5
[*]Nc1ccc(Oc2cccc(Oc3ccc(NC(=O)c4ccc5c(c4)C(=O)N(c4ccc(Oc6ccc(C7(c8ccc(Oc9ccc(N%10C(=O)c%11ccc(C([*])=O)cc%11C%10=O)cc9)cc8)NC(=O)c8ccccc87)cc6)cc4)C5=O)cc3)c2)cc1,288.0
[*]Nc1ccc(Oc2cccc(Oc3ccc(NC(=O)c4ccc5c(c4)C(=O)N(c4ccc(Sc6ccc(Oc7ccc(Sc8ccc(N9C(=O)c%10ccc(C([*])=O)cc%10C9=O)cc8)cc7)cc6)cc4)C5=O)cc3)c2)cc1,179.0
[*]Nc1ccc(Oc2cccc(Oc3ccc(NC(=O)c4cccc(N5C(=O)c6ccc(-c7ccc8c(c7)C(=O)N(c7cccc(C([*])=O)c7)C8=O)cc6C5=O)c4)cc3)c2)cc1,253.0
[*]Nc1ccc(Oc2cccc(Oc3ccc(NC(=O)c4cccc(N5C(=O)c6ccc(C(c7ccc8c(c7)C(=O)N(c7cccc(C([*])=O)c7)C8=O)(C(F)(F)F)C(F)(F)F)cc6C5=O)c4)cc3)c2)cc1,264.0
[*]Nc1ccc(Oc2cccc(Oc3ccc(NC(=O)c4cccc(N5C(=O)c6cccc(-c7ccc8c(c7)C(=O)N(c7cccc(C([*])=O)c7)C8=O)c6C5=O)c4)cc3)c2)cc1,253.0
[*]Nc1ccc(Oc2cccc3c(NC(=O)c4ccc5c(c4)C(=O)N(c4ccc(Oc6cccc7c(N8C(=O)c9ccc(C([*])=O)cc9C8=O)cccc67)cc4)C5=O)cccc23)cc1,276.0
[*]Nc1ccc(Oc2cccc3ccc(Oc4ccc(NC(=O)c5cccc(C([*])=O)c5)cc4)cc23)cc1,256.0
[*]Nc1ccc(Oc2ccccc2-c2ccccc2Oc2ccc(NC(=O)Nc3ccc4c(c3)C(=O)N(c3ccc(-c5cc(-c6ccc(-c7ccccc7)cc6)cc(-c6ccc(N7C(=O)c8ccc(NC([*])=O)cc8C7=O)cc6)n5)cc3)C4=O)cc2)cc1,249.0
[*]Nc1ccc(Oc2ccccc2-c2ccccc2Oc2ccc(NC(=O)Nc3ccc4c(c3)C(=O)N(c3ccc(Oc5ccc6ccccc6c5-c5c(Oc6ccc(N7C(=O)c8ccc(NC([*])=O)cc8C7=O)cc6)ccc6ccccc56)cc3)C4=O)cc2)cc1,285.0
[*]Nc1ccc(Oc2ccccc2-c2ccccc2Oc2ccc(NC(=O)c3ccc4c(c3)C(=O)N(c3ccc(Cc5ccc(N6C(=O)c7ccc(C([*])=O)cc7C6=O)cc5)cc3)C4=O)cc2)cc1,240.0
[*]Nc1ccc(Oc2ccccc2-c2ccccc2Oc2ccc(NC(=O)c3ccc4c(c3)C(=O)N(c3ccc(N5C(=O)c6ccc(C([*])=O)cc6C5=O)cc3)C4=O)cc2)cc1,268.0
[*]Nc1ccc(Oc2ccccc2-c2ccccc2Oc2ccc(NC(=O)c3ccc4c(c3)C(=O)N(c3ccc(Oc5ccc(-c6ccc(Oc7ccc(N8C(=O)c9ccc(C([*])=O)cc9C8=O)cc7)cc6)cc5)cc3)C4=O)cc2)cc1,239.0
[*]Nc1ccc(Oc2ccccc2-c2ccccc2Oc2ccc(NC(=O)c3ccc4c(c3)C(=O)N(c3ccc(Oc5ccc(N6C(=O)c7ccc(C([*])=O)cc7C6=O)cc5)cc3)C4=O)cc2)cc1,239.0
[*]Nc1ccc(Oc2ccccc2-c2ccccc2Oc2ccc(NC(=O)c3ccc4c(c3)C(=O)N(c3ccc(Oc5ccc(Oc6ccc(N7C(=O)c8ccc(C([*])=O)cc8C7=O)cc6)cc5)cc3)C4=O)cc2)cc1,238.0
[*]Nc1ccc(Oc2ccccc2-c2ccccc2Oc2ccc(NC(=O)c3ccc4c(c3)C(=O)N(c3ccc(Oc5ccc(S(=O)(=O)c6ccc(Oc7ccc(N8C(=O)c9ccc(C([*])=O)cc9C8=O)cc7)cc6)cc5)cc3)C4=O)cc2)cc1,236.0
[*]Nc1ccc(Oc2ccccc2-c2ccccc2Oc2ccc(NC(=O)c3ccc4c(c3)C(=O)N(c3ccc(Oc5cccc(Oc6ccc(N7C(=O)c8ccc(C([*])=O)cc8C7=O)cc6)c5)cc3)C4=O)cc2)cc1,229.0
[*]Nc1ccc(Oc2ccccc2-c2ccccc2Oc2ccc(NC(=O)c3ccc4c(c3)C(=O)N(c3ccc(Oc5ccccc5-c5ccccc5Oc5ccc(N6C(=O)c7ccc(C([*])=O)cc7C6=O)cc5)cc3)C4=O)cc2)cc1,227.0
[*]Nc1ccc(Oc2ccccc2-c2ccccc2Oc2ccc(NC(=O)c3ccc4c(c3)C(=O)N(c3cccc(N5C(=O)c6ccc(C([*])=O)cc6C5=O)c3)C4=O)cc2)cc1,237.0
[*]Nc1ccc(Oc2ccccc2Oc2ccc(NC(=O)c3ccc(N4C(=O)c5ccc(C(c6ccc7c(c6)C(=O)N(c6ccc(C([*])=O)cc6)C7=O)(C(F)(F)F)C(F)(F)F)cc5C4=O)cc3)cc2)cc1,281.0
[*]Nc1ccc(Oc2ccccc2Oc2ccc(NC(=O)c3cccc(N4C(=O)c5ccc(C(c6ccc7c(c6)C(=O)N(c6cccc(C([*])=O)c6)C7=O)(C(F)(F)F)C(F)(F)F)cc5C4=O)c3)cc2)cc1,265.0
[*]Nc1ccc(S(=O)(=O)c2ccc(-n3c(=O)c4cc5c(=O)n(-c6ccc(S(=O)(=O)c7ccc(NC(=O)c8cccc(C([*])=O)c8)cc7)cc6)c(=O)c5cc4c3=O)cc2)cc1,286.0
[*]Nc1ccc(S(=O)(=O)c2ccc(N3C(=O)CC(N4C(=O)c5ccc(C([*])=O)cc5C4=O)C3=O)cc2)cc1,145.0
[*]Nc1ccc(S(=O)(=O)c2ccc(N3C(=O)c4ccc(C(=O)c5ccc6c(c5)C(=O)N(c5ccc(S(=O)(=O)c7ccc(NC(=O)c8cccc(C([*])=O)c8)cc7)cc5)C6=O)cc4C3=O)cc2)cc1,226.0
[*]Nc1ccc(S(=O)(=O)c2ccc(NC(=O)c3cc(C([*])=O)cc(S(=O)(=O)c4ccccc4)c3)cc2)cc1,307.0
[*]Nc1ccc(S(=O)(=O)c2ccc(NC(=O)c3ccc(Oc4ccc(C(=O)c5ccc(S(=O)(=O)c6ccc(C(=O)c7ccc(Oc8ccc(C([*])=O)cc8)cc7)cc6)cc5)cc4)cc3)cc2)cc1,260.0
[*]Nc1ccc(S(=O)(=O)c2ccc(NC(=O)c3ccc(Oc4nc(Oc5ccc(C([*])=O)cc5)nc(Sc5ccccc5)n4)cc3)cc2)cc1,310.0
[*]Nc1ccc(S(=O)(=O)c2ccc(NC(=O)c3ccc4[nH]c(-c5cc(-c6nc7cc(C([*])=O)ccc7[nH]6)cc(N6C(=O)c7ccccc7C6=O)c5)nc4c3)cc2)cc1,325.0
[*]Nc1ccc(S(=O)(=O)c2ccc(NC(=O)c3ccc4[nH]c(-c5cccc(-c6nc7cc(C([*])=O)ccc7[nH]6)c5)nc4c3)cc2)cc1,312.0
[*]Nc1ccc(S(=O)(=O)c2ccc(NC(=O)c3ccc4c(c3)C(=O)N(CCCCCCN3C(=O)c5ccc(C([*])=O)cc5C3=O)C4=O)cc2)cc1,198.0
[*]Nc1ccc(S(=O)(=O)c2ccc(NC(=O)c3ccc4c(c3)C(=O)N(c3cc(-c5nc6ccccc6o5)cc(N5C(=O)c6ccc(C([*])=O)cc6C5=O)c3)C4=O)cc2)cc1,367.0
[*]Nc1ccc(S(=O)(=O)c2ccc(NC(=O)c3ccc4c(c3)C(=O)N(c3cc(-c5nc6ccccc6s5)cc(N5C(=O)c6ccc(C([*])=O)cc6C5=O)c3)C4=O)cc2)cc1,357.0
[*]Nc1ccc(S(=O)(=O)c2ccc(NC(=O)c3ccc4c(c3)C(=O)N(c3ccc(-c5sc(-c6ccc(N7C(=O)c8ccc(C([*])=O)cc8C7=O)cc6)c(-c6ccccc6)c5-c5ccccc5)cc3)C4=O)cc2)cc1,340.0
[*]Nc1ccc(S(=O)(=O)c2ccc(NC(=O)c3ccc4c(c3)C(=O)N(c3ccc(C([*])=O)cc3)C4=O)cc2)cc1,252.0
[*]Nc1ccc(S(=O)(=O)c2ccc(NC(=O)c3ccc4c(c3)C(=O)N(c3ccc(Oc5ccc(N6C(=O)c7ccc(C([*])=O)cc7C6=O)cc5)cc3)C4=O)cc2)cc1,275.0
[*]Nc1ccc(S(=O)(=O)c2ccc(NC(=O)c3ccc4c(c3)C(=O)N(c3ccc(S(=O)(=O)c5ccc(N6C(=O)c7ccc(C([*])=O)cc7C6=O)cc5)cc3)C4=O)cc2)cc1,307.0
[*]Nc1ccc(S(=O)(=O)c2ccc(NC(=O)c3ccc4c(c3)C(=O)N(c3cccc(N5C(=O)c6ccc(C([*])=O)cc6C5=O)c3)C4=O)cc2)cc1,342.0
[*]Nc1ccc(S(=O)(=O)c2ccc(NC(=O)c3ccc4c(c3)C(=O)N(c3cccc(P(=O)(c5ccccc5)c5cccc(N6C(=O)c7ccc(C([*])=O)cc7C6=O)c5)c3)C4=O)cc2)cc1,241.0
[*]Nc1ccc(S(=O)(=O)c2ccc(NC(=O)c3cccc(C([*])=O)c3)cc2)cc1,78.0
[*]Nc1ccc(S(=O)(=O)c2ccc(NC(=O)c3cccc(Oc4nc(Oc5cccc(C([*])=O)c5)nc(Sc5ccccc5)n4)c3)cc2)cc1,304.0
[*]Nc1ccc(S(=O)(=O)c2cccc(NC(=O)c3ccc4c(c3)C(=O)N(CCCCCCN3C(=O)c5ccc(C([*])=O)cc5C3=O)C4=O)c2)cc1,190.0
[*]Nc1ccc(Sc2ccc(NC(=O)c3ccc4c(c3)C(=O)N(c3ccc(Oc5ccc(C6(c7ccc(Oc8ccc(N9C(=O)c%10ccc(C([*])=O)cc%10C9=O)cc8)cc7)NC(=O)c7ccccc76)cc5)cc3)C4=O)cc2)cc1,312.0
[*]Nc1ccc(Sc2ccc(NC(=O)c3ccc4c(c3)C(=O)N(c3ccc(Oc5ccc(N6C(=O)c7ccc(C([*])=O)cc7C6=O)cc5)cc3)C4=O)cc2)cc1,284.0
[*]Nc1ccc(Sc2ccc(Nc3ccc([*])cc3)cc2)cc1,114.0
[*]Nc1ccc([*])cc1,75.30000000000001
[*]Nc1ccc([*])cc1C,-71.39999999999998
[*]Nc1ccc([*])cc1OC,90.0
[*]Nc1ccc([*])cc1OCCCCCCCCCC,77.0
[*]Nc1ccc([*])cc1OCCCCCCCCCCCC,87.0
[*]Nc1ccc([*])cc1OCCCCCCCCCCCCCCCC,92.0
[*]Nc1ccc([*])cc1OCCCCCCCCCCOc1ccc(C2CCC(CCCCC)CC2)cc1,64.5
[*]Nc1ccc2[nH]c(-c3cccc(NC(=O)c4ccc(OCCOCCOCCOCCOCCOc5ccc(C([*])=O)cc5)cc4)c3)nc2c1,140.0
[*]Nc1ccc2[nH]c(-c3cccc(NC(=O)c4ccc(OCCOCCOCCOCCOc5ccc(C([*])=O)cc5)cc4)c3)nc2c1,155.0
[*]Nc1ccc2[nH]c(-c3cccc(NC(=O)c4ccc(OCCOCCOCCOc5ccc(C([*])=O)cc5)cc4)c3)nc2c1,180.0
[*]Nc1ccc2[nH]c(-c3cccc(NC(=O)c4ccc(OCCOCCOc5ccc(C([*])=O)cc5)cc4)c3)nc2c1,215.0
[*]Nc1ccc2[nH]c(-c3cccc(NC(=O)c4ccc(OCCOc5ccc(C([*])=O)cc5)cc4)c3)nc2c1,250.0
[*]Nc1ccc2c(c1)-c1cc(NC(=O)c3ccc4c(c3)C(=O)N(c3cccc(P(=O)(c5ccccc5)c5cccc(N6C(=O)c7ccc(C([*])=O)cc7C6=O)c5)c3)C4=O)ccc1C2,248.0
[*]Nc1ccc2c(c1)C(=O)N(c1ccc(-c3cc(-c4ccc(-c5ccccc5)cc4)cc(-c4ccc(N5C(=O)c6ccc(NC(=O)Nc7cccc(NC([*])=O)n7)cc6C5=O)cc4)n3)cc1)C2=O,248.0
[*]Nc1ccc2c(c1)C(=O)N(c1ccc(-c3cc(-c4ccc(-c5ccccc5)cc4)cc(-c4ccc(N5C(=O)c6ccc(NC(=O)Nc7cccc8c(NC([*])=O)cccc78)cc6C5=O)cc4)n3)cc1)C2=O,254.0
[*]Nc1ccc2c(c1)C(=O)N(c1ccc(Oc3ccc4ccccc4c3-c3c(Oc4ccc(N5C(=O)c6ccc(NC(=O)Nc7cccc(NC([*])=O)n7)cc6C5=O)cc4)ccc4ccccc34)cc1)C2=O,283.0
[*]Nc1ccc2c(c1)C(=O)N(c1ccc(Oc3ccc4ccccc4c3-c3c(Oc4ccc(N5C(=O)c6ccc(NC(=O)Nc7cccc8c(NC([*])=O)cccc78)cc6C5=O)cc4)ccc4ccccc34)cc1)C2=O,297.0
[*]Nc1ccc2c(c1)C(=O)N(c1cccc(P(=O)(c3ccccc3)c3cccc(N4C(=O)c5ccc(NC(=O)OCCOc6ccc(C(c7ccc(OCCOC([*])=O)cc7)(C(F)(F)F)C(F)(F)F)cc6)cc5C4=O)c3)c1)C2=O,214.0
[*]Nc1ccc2c(c1)C(=O)N(c1cccc(P(=O)(c3ccccc3)c3cccc(N4C(=O)c5ccc(NC(=O)OCCOc6ccc(P(=O)(c7ccccc7)c7ccc(OCCOC([*])=O)cc7)cc6)cc5C4=O)c3)c1)C2=O,218.0
[*]Nc1ccc2ccccc2c1-c1c(NC(=O)c2ccc3c(c2)C(=O)N(c2ccc(Cc4ccc(N5C(=O)c6ccc(C([*])=O)cc6C5=O)cc4)cc2)C3=O)ccc2ccccc12,285.4
[*]Nc1ccc2ccccc2c1-c1c(NC(=O)c2ccc3c(c2)C(=O)N(c2ccc(Oc4ccc(N5C(=O)c6ccc(C([*])=O)cc6C5=O)cc4)cc2)C3=O)ccc2ccccc12,287.80000000000007
[*]Nc1cccc(-n2c(=O)c3cc4c(=O)n(-c5ccc(C([*])=O)cc5)c(=O)c4cc3c2=O)c1,390.0
[*]Nc1cccc(-n2c(=O)c3cc4c(=O)n(-c5cccc(NC(=O)c6cccc(C([*])=O)c6)c5)c(=O)c4cc3c2=O)c1,338.0
[*]Nc1cccc(C(=O)Nc2cccc(NC(=O)c3ccc4[nH]c(-c5ccc(-c6nc7cc(C([*])=O)ccc7[nH]6)cc5)nc4c3)c2)c1,312.0
[*]Nc1cccc(C(=O)Nc2cccc(NC(=O)c3ccc4[nH]c(-c5ccc(C([*])=O)cc5)nc4c3)c2)c1,292.0
[*]Nc1cccc(C(=O)c2ccc(NC(=O)c3cccc(C(=O)c4ccc(C([*])=O)cc4)c3)cc2)c1,215.0
[*]Nc1cccc(C(=O)c2ccc(Oc3ccc(C(=O)c4ccc(NC(=O)c5cccc(C([*])=O)c5)cc4)cc3)cc2)c1,204.0
[*]Nc1cccc(C(=O)c2ccc(Oc3ccc(C(=O)c4cccc(NC(=O)c5ccc(C([*])=O)cc5)c4)cc3)cc2)c1,189.0
[*]Nc1cccc(C(=O)c2ccc(Oc3ccc(C(=O)c4cccc(NC(=O)c5cccc(C([*])=O)c5)c4)cc3)cc2)c1,191.0
[*]Nc1cccc(C(=O)c2ccc(Oc3ccc(Oc4ccc(C(=O)c5cccc(NC(=O)c6ccc(C([*])=O)cc6)c5)cc4)cc3)cc2)c1,210.0
[*]Nc1cccc(C(=O)c2ccc(Oc3ccc(Oc4ccc(C(=O)c5cccc(NC(=O)c6cccc(C([*])=O)c6)c5)cc4)cc3)cc2)c1,202.0
[*]Nc1cccc(C(=O)c2cccc(NC(=O)c3ccc4c(c3)C(=O)N(c3ccc(-c5sc(-c6ccc(N7C(=O)c8ccc(C([*])=O)cc8C7=O)cc6)c(-c6ccccc6)c5-c5ccccc5)cc3)C4=O)c2)c1,308.0
[*]Nc1cccc(N2C(=O)CC(N3C(=O)c4ccc(C([*])=O)cc4C3=O)C2=O)c1,130.0
[*]Nc1cccc(N2C(=O)c3ccc(C(=O)c4ccc5c(c4)C(=O)N(c4ccc(C([*])=O)cc4)C5=O)cc3C2=O)c1,311.0
[*]Nc1cccc(N2C(=O)c3ccc(C(=O)c4ccc5c(c4)C(=O)N(c4cccc(C([*])=O)c4)C5=O)cc3C2=O)c1,287.0
[*]Nc1cccc(N2C(=O)c3ccc(C(=O)c4ccc5c(c4)C(=O)N(c4cccc(NC(=O)c6cccc(C([*])=O)c6)c4)C5=O)cc3C2=O)c1,204.0
[*]Nc1cccc(N2C(=O)c3ccc(C(=O)c4ccc5c(c4)C(=O)N(c4cccc(Nc6nc([*])nc(N(C)C)n6)c4)C5=O)cc3C2=O)c1,294.0
[*]Nc1cccc(NC(=C(C#N)C#N)c2cccc(C([*])=C(C#N)C#N)c2)c1,278.0
[*]Nc1cccc(NC(=O)c2cc(C([*])=O)cc(S(=O)(=O)c3ccccc3)c2)c1,277.0
[*]Nc1cccc(NC(=O)c2cc(NC(=O)C34CC5CC(CC(C5)C3)C4)cc(C([*])=O)c2)c1,365.0
[*]Nc1cccc(NC(=O)c2ccc(C([*])=O)cc2)c1,238.0
[*]Nc1cccc(NC(=O)c2ccc(Oc3ccc4ccc(Oc5ccc(C([*])=O)cc5)cc4c3)cc2)c1,168.0
[*]Nc1cccc(NC(=O)c2ccc3[nH]c(-c4cc(-c5nc6cc(C([*])=O)ccc6[nH]5)cc(N5C(=O)c6ccccc6C5=O)c4)nc3c2)c1,304.0
[*]Nc1cccc(NC(=O)c2ccc3[nH]c(-c4cc(-c5nc6cc(C([*])=O)ccc6[nH]5)cc(N5C(=O)c6ccccc6C5=O)c4)nc3c2)n1,312.0
[*]Nc1cccc(NC(=O)c2ccc3[nH]c(-c4ccc(-c5nc6cc(C([*])=O)ccc6[nH]5)cc4)nc3c2)c1,294.0
[*]Nc1cccc(NC(=O)c2ccc3[nH]c(-c4ccc(C([*])=O)cc4)nc3c2)c1,325.0
[*]Nc1cccc(NC(=O)c2ccc3[nH]c(-c4cccc(-c5nc6cc(C([*])=O)ccc6[nH]5)c4)nc3c2)c1,297.5
[*]Nc1cccc(NC(=O)c2ccc3[nH]c(-c4cccc(-c5nc6cc(C([*])=O)ccc6[nH]5)c4)nc3c2)n1,302.0
[*]Nc1cccc(NC(=O)c2ccc3c(c2)C(=O)N(c2cc(-c4nc5ccccc5o4)cc(N4C(=O)c5ccc(C([*])=O)cc5C4=O)c2)C3=O)n1,365.0
[*]Nc1cccc(NC(=O)c2ccc3c(c2)C(=O)N(c2cc(-c4nc5ccccc5s4)cc(N4C(=O)c5ccc(C([*])=O)cc5C4=O)c2)C3=O)n1,358.0
[*]Nc1cccc(NC(=O)c2ccc3c(c2)C(=O)N(c2ccc(-c4sc(-c5ccc(N6C(=O)c7ccc(C([*])=O)cc7C6=O)cc5)c(-c5ccccc5)c4-c4ccccc4)cc2)C3=O)c1,334.0
[*]Nc1cccc(NC(=O)c2ccc3c(c2)C(=O)N(c2ccc(C([*])=O)cc2)C3=O)c1,240.0
[*]Nc1cccc(NC(=O)c2ccc3c(c2)C(=O)N(c2ccc(Oc4ccc(C5(c6ccc(Oc7ccc(N8C(=O)c9ccc(C([*])=O)cc9C8=O)cc7)cc6)NC(=O)c6ccccc65)cc4)cc2)C3=O)c1,328.0
[*]Nc1cccc(NC(=O)c2ccc3c(c2)C(=O)N(c2ccc(Oc4ccc5ccc(Oc6ccc(N7C(=O)c8ccc(C([*])=O)cc8C7=O)cc6)cc5c4)cc2)C3=O)c1,286.0
[*]Nc1cccc(NC(=O)c2ccc3c(c2)C(=O)N(c2ccc(Oc4cccc5c(N6C(=O)c7ccc(C([*])=O)cc7C6=O)cccc45)cc2)C3=O)n1,293.0
[*]Nc1cccc(NC(=O)c2ccc3c(c2)C(=O)N(c2ccc(Oc4cccc5c(Oc6ccc(N7C(=O)c8ccc(C([*])=O)cc8C7=O)cc6)cccc45)cc2)C3=O)c1,263.0
[*]Nc1cccc(NC(=O)c2ccc3c(c2)C(=O)N(c2ccc(S(=O)(=O)c4ccc(N5C(=O)c6ccc(C([*])=O)cc6C5=O)cc4)cc2)C3=O)c1,311.0
[*]Nc1cccc(NC(=O)c2ccc3c(c2)C(=O)N(c2cccc(N4C(=O)c5ccc(C([*])=O)cc5C4=O)c2)C3=O)n1,339.0
[*]Nc1cccc(NC(=O)c2ccc3c(c2)C(=O)N(c2cccc(P(=O)(c4ccccc4)c4cccc(N5C(=O)c6ccc(C([*])=O)cc6C5=O)c4)c2)C3=O)n1,156.0
[*]Nc1cccc(NC(=O)c2cccc(C([*])=O)c2)c1,275.0
[*]Nc1cccc(NC(=O)c2cccc(NC(=O)c3ccc4[nH]c(-c5cccc(-c6nc7cc(C([*])=O)ccc7[nH]6)c5)nc4c3)c2)c1,331.0
[*]Nc1cccc(OCCCCCCCCOc2cccc(NC(=O)c3ccc(C([*])=O)cc3)c2)c1,122.0
[*]Nc1cccc(OCCCCCCCCOc2cccc(NC(=O)c3cccc(C([*])=O)c3)c2)c1,117.0
[*]Nc1cccc(OCCCCCOc2cccc(NC(=O)c3ccc(C([*])=O)cc3)c2)c1,135.0
[*]Nc1cccc(OCCCCCOc2cccc(NC(=O)c3cccc(C([*])=O)c3)c2)c1,131.5
[*]Nc1cccc(OCCOCCOCCOc2cccc(NC(=O)c3ccc(C([*])=O)cc3)c2)c1,116.0
[*]Nc1cccc(OCCOCCOCCOc2cccc(NC(=O)c3cccc(C([*])=O)c3)c2)c1,111.0
[*]Nc1cccc(OCCOCCOc2cccc(NC(=O)c3ccc(C([*])=O)cc3)c2)c1,140.0
[*]Nc1cccc(OCCOCCOc2cccc(NC(=O)c3cccc(C([*])=O)c3)c2)c1,128.5
[*]Nc1cccc(Oc2ccc(-c3nnc(-c4ccc(Oc5cccc(NC(=O)c6cc(C([*])=O)cc(N7C(=O)c8c(Cl)c(Cl)c(Cl)c(Cl)c8C7=O)c6)c5)cc4)o3)cc2)c1,275.0
[*]Nc1cccc(Oc2ccc(-c3nnc(-c4ccc(Oc5cccc(NC(=O)c6cc(C([*])=O)cc(N7C(=O)c8ccccc8C7=O)c6)c5)cc4)o3)cc2)c1,245.0
[*]Nc1cccc(Oc2ccc(-c3nnc(-c4ccc(Oc5cccc(NC(=O)c6ccc(C([*])=O)cc6Oc6ccccc6)c5)cc4)o3)cc2)c1,234.0
[*]Nc1cccc(Oc2ccc(C(=O)c3ccc(Oc4cccc(NC(=O)c5ccc(C([*])=O)cn5)c4)cc3)cc2)c1,154.0
[*]Nc1cccc(Oc2ccc(NC(=O)c3cc(C([*])=O)cc(C(F)(F)C(F)(F)C(F)(F)C(F)(F)C(F)(F)C(F)(F)C(F)(F)C(F)(F)F)c3)cc2)c1,210.0
[*]Nc1cccc(Oc2ccc(NC(=O)c3cc(C([*])=O)cc(C(F)(F)C(F)(F)C(F)(F)C(F)(F)F)c3)cc2)c1,230.0
[*]Nc1cccc(Oc2ccc(NC(=O)c3cccc(C(=O)c4ccc(C([*])=O)cc4)c3)cc2)c1,237.0
[*]Nc1cccc(Oc2ccc(NC(=O)c3cccc(C([*])=O)c3)cc2)c1,240.0
[*]Nc1cccc(Oc2ccc(P(=O)(c3ccccc3)c3ccc(Oc4cccc(NC(=O)c5ccc(P(=O)(c6ccccc6)c6ccc(C([*])=O)cc6)cc5)c4)cc3)cc2)c1,235.0
[*]Nc1cccc(Oc2ccc(S(=O)(=O)c3ccc(Oc4cccc(NC(=O)c5ccc(N6C(=O)c7ccc(-c8ccc9c(c8)C(=O)N(c8ccc(C([*])=O)cc8)C9=O)cc7C6=O)cc5)c4)cc3)cc2)c1,262.0
[*]Nc1cccc(Oc2ccc(S(=O)(=O)c3ccc(Oc4cccc(NC(=O)c5ccc(N6C(=O)c7cccc(-c8ccc9c(c8)C(=O)N(c8ccc(C([*])=O)cc8)C9=O)c7C6=O)cc5)c4)cc3)cc2)c1,241.0
[*]Nc1cccc(Oc2ccc(S(=O)(=O)c3ccc(Oc4cccc(NC(=O)c5ccc6c(c5)C(=O)N(c5ccc(C([*])=O)cc5)C6=O)c4)cc3)cc2)c1,235.0
[*]Nc1cccc(Oc2cccc(Oc3cccc(NC(=O)c4cccc(Oc5cccc(Oc6cccc(C([*])=O)c6)c5)c4)c3)c2)c1,137.5
[*]Nc1cccc(P(=O)(c2ccccc2)c2cccc(NC(=O)OCCCCCCOC([*])=O)c2)c1,30.0
[*]Nc1cccc(P(=O)(c2ccccc2)c2cccc(NC(=O)Oc3ccc(-c4ccc(OC([*])=O)cc4)cc3)c2)c1,72.0
[*]Nc1cccc(P(=O)(c2ccccc2)c2cccc(NC(=O)c3ccc(OCCCCOc4ccc(C([*])=O)cc4)cc3)c2)c1,191.0
[*]Nc1cccc(P(=O)(c2ccccc2)c2cccc(NC(=O)c3ccc4c(c3)C(=O)N(c3cccc(P(=O)(c5ccccc5)c5cccc(N6C(=O)c7ccc(C([*])=O)cc7C6=O)c5)c3)C4=O)c2)c1,206.0
[*]Nc1cccc(S(=O)(=O)c2cccc(NC(=O)c3ccc(N4C(=O)c5ccc(-c6ccc7c(c6)C(=O)N(c6ccc(C([*])=O)cc6)C7=O)cc5C4=O)cc3)c2)c1,256.0
[*]Nc1cccc(S(=O)(=O)c2cccc(NC(=O)c3ccc4c(c3)C(=O)N(c3cc(-c5nnc(-c6ccccn6)o5)cc(N5C(=O)c6ccc(C([*])=O)cc6C5=O)c3)C4=O)c2)c1,173.0
[*]Nc1cccc(S(=O)(=O)c2cccc(NC(=O)c3ccc4c(c3)C(=O)N(c3ccc(-c5sc(-c6ccc(N7C(=O)c8ccc(C([*])=O)cc8C7=O)cc6)c(-c6ccccc6)c5-c5ccccc5)cc3)C4=O)c2)c1,320.0
[*]Nc1cccc(S(=O)(=O)c2cccc(NC(=O)c3cccc(N4C(=O)c5ccc(-c6ccc7c(c6)C(=O)N(c6cccc(C([*])=O)c6)C7=O)cc5C4=O)c3)c2)c1,247.0
[*]Nc1cccc(S(=O)(=O)c2cccc(NC(=O)c3cccc(N4C(=O)c5ccc(-c6cccc7c6C(=O)N(c6cccc(C([*])=O)c6)C7=O)cc5C4=O)c3)c2)c1,261.0
[*]Nc1cccc2c(NC(=O)c3ccc(C([*])=O)cc3)cccc12,305.0
[*]Nc1cccc2c(NC(=O)c3ccc4c(c3)C(=O)N(c3ccc(Oc5cccc6c(N7C(=O)c8ccc(C([*])=O)cc8C7=O)cccc56)cc3)C4=O)cccc12,299.0
[*]Nc1cccc2c(NC(=O)c3cccc(C([*])=O)c3)cccc12,325.0
[*]Nc1cccc2cccc(N3C(=O)CC(N4C(=O)c5ccc(C([*])=O)cc5C4=O)C3=O)c12,193.0
[*]Nc1ccccc1NC(=O)c1ccc2c(c1)C(=O)N(c1ccc(C([*])=O)cc1)C2=O,215.0
[*]Nc1nc(NC(=O)c2ccc3c(c2)C(=O)N(c2ccc(Oc4cccc5c(N6C(=O)c7ccc(C([*])=O)cc7C6=O)cccc45)cc2)C3=O)nc(-c2ccccc2)n1,291.0
[*]Nc1ncc([*])s1,139.0
[*]OC(=O)C(C)(C)CCC(=O)Oc1cc(OC(=O)c2ccc(OCCCC)cc2)c([*])cc1OC(=O)c1ccc(OCCCC)cc1,61.0
[*]OC(=O)C(C)CCC(=O)Oc1cc(OC(=O)c2ccc(OCCCC)cc2)c([*])cc1OC(=O)c1ccc(OCCCC)cc1,55.0
[*]OC(=O)C(CC)C([*])=CCC,-15.899999999999977
[*]OC(=O)C1CCC(C(=O)OC2C(C)(C)C([*])C2(C)C)CC1,169.0
[*]OC(=O)C=CC(=O)O[Sn]([*])(CCCC)CCCC,186.0
[*]OC(=O)CCCC(=O)Oc1cc(OC(=O)c2ccc(OC)cc2)c([*])cc1OC(=O)c1ccc(OC)cc1,88.0
[*]OC(=O)CCCC(=O)Oc1cc(OC(=O)c2ccc(OCC(C)CC)cc2)c([*])cc1OC(=O)c1ccc(OCC(C)CC)cc1,60.0
[*]OC(=O)CCCC(=O)Oc1cc(OC(=O)c2ccc(OCC)cc2)c([*])cc1OC(=O)c1ccc(OCC)cc1,71.0
[*]OC(=O)CCCC(=O)Oc1cc(OC(=O)c2ccc(OCCC)cc2)c([*])cc1OC(=O)c1ccc(OCCC)cc1,72.0
[*]OC(=O)CCCC(=O)Oc1cc(OC(=O)c2ccc(OCCCC)cc2)c([*])cc1OC(=O)c1ccc(OCCCC)cc1,59.0
[*]OC(=O)CCCC(=O)Oc1cc(OC(=O)c2ccc(OCCCCC)cc2)c([*])cc1OC(=O)c1ccc(OCCCCC)cc1,44.0
[*]OC(=O)CCCC(=O)Oc1cc(OC(=O)c2ccc(OCCCCCCCCCCCC)cc2)c([*])cc1OC(=O)c1ccc(OCCCCCCCCCCCC)cc1,23.0
[*]OC(=O)CCCCC(=O)O[Sn]([*])(CCCC)CCCC,110.0
[*]OC(=O)CCCCCC(=O)Oc1cc(OC(=O)c2ccc(OCCCC)cc2)c([*])cc1OC(=O)c1ccc(OCCCC)cc1,45.0
[*]OC(=O)CCCCCCCC(=O)Oc1cc(OC(=O)c2ccc(OCCCC)cc2)c([*])cc1OC(=O)c1ccc(OCCCC)cc1,38.0
[*]OC(=O)CCCCCCCCCCCCCCC(=O)Oc1cc(OC(=O)c2ccc(C)cc2)c([*])cc1OC(=O)c1ccc(C)cc1,27.0
[*]OC(=O)CCCCCCCCCCCCCCC(=O)Oc1cc(OC(=O)c2ccc(OC)cc2)c([*])cc1OC(=O)c1ccc(OC)cc1,33.0
[*]OC(=O)CCCCCCCCCCCCCCC(=O)Oc1cc(OC(=O)c2ccc(OCC)cc2)c([*])cc1OC(=O)c1ccc(OCC)cc1,31.0
[*]OC(=O)CCCCCCCCCCCCCCC(=O)Oc1cc(OC(=O)c2ccc(OCCC)cc2)c([*])cc1OC(=O)c1ccc(OCCC)cc1,18.0
[*]OC(=O)CCCCCCN1C(=O)c2ccc(C(=O)Oc3ccc([*])cc3C)cc2C1=O,57.210000000000036
[*]OC(=O)CCCCCn1c(=O)c2cc3c(=O)n(CCCCCC(=O)Oc4ccc([*])cc4C)c(=O)c3cc2c1=O,78.0
[*]OC(=O)CCCCN1C(=O)c2ccc(C(=O)Oc3ccc([*])cc3C)cc2C1=O,75.76000000000005
[*]OC(=O)COC(=O)C([*])C,43.0
[*]OC(=O)OC1C(C)(C)C([*])C1(C)C,160.0
[*]OC(=O)Oc1c(C)cc(C(C)(C)c2cc(C)c([*])c(Cl)c2)cc1Cl,154.0
[*]OC(=O)Oc1ccc(-c2ccc(OC(=O)OC3C(C)(C)C([*])C3(C)C)cc2)cc1,165.0
[*]OC(=O)Oc1ccc(C(=O)c2ccc(OC(=O)OC3C(C)(C)C([*])C3(C)C)cc2)cc1,125.0
[*]OC(=O)Oc1ccc(C(c2ccc(OC(=O)OC3C(C)(C)C([*])C3(C)C)cc2)(C(F)(F)F)C(F)(F)F)cc1,142.0
[*]OC(=O)Oc1ccc(C(c2ccccc2)(c2ccccc2)c2ccc(OC(=O)OC3C(C)(C)C([*])C3(C)C)cc2)cc1,161.0
[*]OC(=O)Oc1ccc(C(c2ccccc2)c2ccc([*])cc2C)c(C)c1,182.0
[*]OC(=O)Oc1ccc(C2(c3ccc(OC(=O)OC4C(C)(C)C([*])C4(C)C)cc3)CC3CCC2C3)cc1,184.0
[*]OC(=O)Oc1ccc(C2(c3ccc(OC(=O)OC4C(C)(C)C([*])C4(C)C)cc3)c3ccccc3-c3ccccc32)cc1,214.0
[*]OC(=O)Oc1ccc(S(=O)(=O)c2ccc(OC(=O)OC3C(C)(C)C([*])C3(C)C)cc2)cc1,162.0
[*]OC(=O)Oc1ccc(Sc2ccc(OC(=O)OC3C(C)(C)C([*])C3(C)C)cc2)cc1,107.0
[*]OC(=O)Oc1ccc2c(c1)C1(CC(C)(C)c3ccc([*])cc31)CC2(C)C,228.0
[*]OC(=O)c1cc(OCCCc2ccccc2)c(C(=O)Oc2ccc([*])cc2C)cc1OCCCc1ccccc1,91.0
[*]OC(=O)c1ccc(-c2ccc(C(=O)Oc3ccc(-c4ccc([*])cc4C(=O)OCCCCCCCCCCCOc4ccc(-c5ccc(C#N)cc5)cc4)c(C(=O)OCCCCCCCCCCCOc4ccc(-c5ccc(C#N)cc5)cc4)c3)cc2C(F)(F)F)c(C(F)(F)F)c1,50.0
[*]OC(=O)c1ccc(-c2ccc(C(=O)Oc3ccc([*])cc3C(C)(C)c3ccccc3)cc2)cc1-c1ccccc1,146.0
[*]OC(=O)c1ccc(-c2ccc(C(=O)Oc3ccc([*])cc3C)cc2)cc1-c1ccccc1,133.0
[*]OC(=O)c1ccc(C(=O)OC2C(C)(C)C([*])C2(C)C)cc1,184.0
[*]OC(=O)c1ccc(C(=O)O[Sn]([*])(CCCC)CCCC)cc1,315.0
[*]OC(=O)c1ccc(C(=O)Oc2cc(C(C)(C)c3ccccc3)c([*])cc2C(C)(C)c2ccccc2)cc1,170.0
[*]OC(=O)c1ccc(C(=O)Oc2cc(OCCOC)c([*])cc2OCCOC)cc1-c1ccccc1,92.0
[*]OC(=O)c1ccc(C(=O)Oc2cc([*])cc(C(=O)OCCN(CC)c3ccc(/N=N/c4ccc([N+](=O)[O-])cc4)cc3)c2)cc1,130.0
[*]OC(=O)c1ccc(C(=O)Oc2ccc([*])cc2C)cc1Sc1ccccc1,130.0
[*]OC(=O)c1ccc(C(=O)Oc2ccc([*])cc2CCC(C)CC)cc1,237.0
[*]OC(=O)c1ccc(C(=O)Oc2ccc3c(c2)C2(CC(C)(C)c4ccc([*])cc42)CC3(C)C)cc1,290.0
[*]OC(=O)c1ccc(C(F)(F)C(F)(F)C(F)(F)c2ccc(C([*])=O)cc2)cc1,98.0
[*]OC(=O)c1ccc(CCCCCCc2ccc(C([*])=O)cc2)cc1,20.0
[*]OC(=O)c1ccc(CCCCCc2ccc(C([*])=O)cc2)cc1,42.5
[*]OC(=O)c1ccc(CCCCc2ccc(C([*])=O)cc2)cc1,46.0
[*]OC(=O)c1ccc(Cc2ccc(C([*])=O)cc2)cc1,122.0
[*]OC(=O)c1ccc(OCCCCCCCCOc2ccc(C(=O)Oc3ccc([*])cc3C(=O)CC)cc2)cc1,70.0
[*]OC(=O)c1ccc(OCCCCCCOc2ccc(C(=O)Oc3ccc([*])cc3/N=N/c3ccc(C#N)cc3)cc2)cc1,98.0
[*]OC(=O)c1ccc(OCCCCCCOc2ccc(C([*])=O)cc2)cc1,47.0
[*]OC(=O)c1ccc(OCCCCCOc2ccc(C([*])=O)cc2)cc1,53.0
[*]OC(=O)c1ccc(OCCCCOc2ccc(C([*])=O)cc2)cc1,45.0
[*]OC(=O)c1ccc(OCCCOc2ccc(C([*])=O)cc2)cc1,95.0
[*]OC(=O)c1ccc(OCCOCCOc2ccc(C([*])=O)cc2)cc1,41.0
[*]OC(=O)c1ccc(OCCOc2ccc(C([*])=O)cc2)cc1,45.0
[*]OC(=O)c1ccc(OCOCOc2ccc(C([*])=O)cc2)cc1,57.0
[*]OC(=O)c1ccc(OCOc2ccc(C([*])=O)cc2)cc1,84.0
[*]OC(=O)c1ccc(Oc2ccc(C3(c4ccc(Oc5ccc(C(=O)Oc6ccc(-c7ccc([*])cc7C)c(C)c6)cc5)cc4)CCC(C(C)(C)C)CC3)cc2)cc1,163.0
[*]OC(=O)c1ccc(SCCCCSc2ccc(C([*])=O)cc2)cc1,62.0
[*]OC(=O)c1ccc(Sc2cccc(OC(=O)c3ccc(C(=O)Oc4cccc(Sc5ccc(C(=O)Oc6ccc([*])cc6C)cc5)c4)cc3)c2)cc1,135.0
[*]OC(=O)c1ccc2c(c1)C(=O)N(c1ccc(-c3ccc(N4C(=O)c5ccc(C(=O)Oc6ccc(-c7ccc([*])cc7C)c(C)c6)cc5C4=O)cc3C)c(C)c1)C2=O,177.0
[*]OC(=O)c1ccc2c(c1)C(=O)N(c1ccc(Cc3ccc(N4C(=O)c5ccc(C(=O)Oc6ccc([*])cc6C(C)(C)C)cc5C4=O)cc3)cc1)C2=O,160.0
[*]OC(=O)c1ccc2c(c1)C(=O)N(c1ccc(Oc3ccc(N4C(=O)c5ccc(C(=O)Oc6ccc([*])cc6C(C)(C)C)cc5C4=O)cc3)cc1)C2=O,189.0
[*]OC(=O)c1ccc2c(c1)C(=O)N(c1ccc(S(=O)(=O)c3ccc(N4C(=O)c5ccc(C(=O)Oc6ccc([*])cc6C(C)(C)C)cc5C4=O)cc3)cc1)C2=O,179.0
[*]OC(=O)c1cccc(C(=O)Oc2cc(C(C)(C)c3ccccc3)c([*])cc2C(C)(C)c2ccccc2)c1,180.0
[*]OC(=O)c1cccc(C(=O)Oc2cc([*])cc(C)c2)c1,163.0
[*]OC(=O)c1cccc(C(=O)Oc2cc([*])cc(CC)c2)c1,138.0
[*]OC(=O)c1cccc(C(=O)Oc2cc([*])cc(CCC)c2)c1,129.0
[*]OC(=O)c1cccc(C(=O)Oc2cc([*])cc(CCCC)c2)c1,97.5
[*]OC(=O)c1cccc(C(=O)Oc2cc([*])cc(CCCCCC)c2)c1,67.5
[*]OC(=O)c1cccc(C(=O)Oc2cc([*])cc(CCCCCCCC)c2)c1,50.5
[*]OC(=O)c1cccc(C(=O)Oc2cc([*])cc(CCCCCCCCC)c2)c1,41.5
[*]OC(=O)c1cccc(C(=O)Oc2cc([*])cc(CCCCCCCCCCC)c2)c1,34.5
[*]OC(=O)c1cccc(C(=O)Oc2cc([*])cc(CCCCCCCCCCCCC)c2)c1,25.5
[*]OC(=O)c1cccc(C(=O)Oc2ccc3c(c2)C2(CC(C)(C)c4ccc([*])cc42)CC3(C)C)c1,245.0
[*]OC(=O)c1cccc(C([*])=O)c1,130.0
[*]OC(=O)c1cccc(OCCCCCOc2cccc(C([*])=O)c2)c1,61.0
[*]OC(=O)c1cccc(OCCCCOc2cccc(C([*])=O)c2)c1,20.0
[*]OC(=O)c1cccc(OCCCOc2cccc(C([*])=O)c2)c1,53.0
[*]OC(=O)c1cccc(Sc2ccc(OC(=O)c3ccc(C(=O)Oc4ccc(Sc5cccc(C(=O)Oc6ccc([*])cc6C)c5)cc4)cc3)cc2)c1,106.5
[*]OC(CC)C([*])=O,15.0
[*]OC(CCl)C([*])CCl,95.0
[*]OC(CCl)COC(=O)C1=C(C(=O)OCC(CCl)OC(=O)c2ccc(C([*])=O)cc2)C2C=CC1C2,72.0
[*]OC(CCl)COc1ccc(S(=O)(=O)c2ccc(OCC(CCl)OP([*])(=O)Oc3ccc(Br)cc3)cc2)cc1,58.0
[*]OC(CCl)COc1ccc(S(=O)(=O)c2ccc(OCC(CCl)OP([*])(=O)Oc3ccccc3)cc2)cc1,48.0
[*]OC(COC(=O)C1=C(C(=O)OCC(COC(=O)C2=C(c3ccccc3)C3C=CC2C3)OC(=O)c2ccc(C([*])=O)cc2)C2C=CC1C2)COC(=O)C1=C(c2ccccc2)C2C=CC1C2,74.0
[*]OC(F)(C([*])(F)F)C(F)(F)F,-72.99999999999997
[*]OC(F)(F)C(F)(Br)N([*])C(F)(F)F,3.0
[*]OC(F)(F)C(F)(Cl)N([*])C(F)(F)F,-49.99999999999997
[*]OC(F)(F)C(F)(F)C(F)(F)C([*])(F)F,-54.99999999999997
[*]OC(F)(F)C(F)(F)C([*])(F)F,-108.99999999999997
[*]OC(F)(F)C(F)(F)N([*])C(F)(F)C(F)(F)Br,-17.0
[*]OC(F)(F)C(F)(F)N([*])C(F)(F)F,-45.99999999999997
[*]OC(F)(F)C(F)(N([*])C(F)(F)F)C(F)(F)F,-9.0
[*]OC(F)(F)C([*])(F)F,-47.99999999999997
[*]OC([*])C,-19.49999999999997
[*]OC([*])CCC,-40.99999999999997
[*]OC([*])CCCCCC,-115.99999999999997
[*]OC1=C(O[Si](C)(C)O[Si](C)(C)O[Si](C)(C)O[Si](C)(C)O[Si](C)(C)O[Si]([*])(C)C)c2cccc3cccc1c23,-92.99999999999997
[*]OC1=C(O[Si](C)(C)O[Si](C)(C)O[Si](C)(C)O[Si](C)(C)O[Si]([*])(C)C)c2cccc3cccc1c23,-53.99999999999997
[*]OC1=C(O[Si](C)(C)O[Si](C)(C)O[Si](C)(C)O[Si]([*])(C)C)c2cccc3cccc1c23,-42.99999999999997
[*]OC1C(CO)OC([*])C(N)C1O,194.0
[*]OC1C(CO)OC([*])C(NC(C)=O)C1O,154.60000000000002
[*]OC1C(CO)OC([*])C(O)C1O,332.0
[*]OC1C(COC(=O)Nc2ccccc2)OC([*])C(OC(=O)Nc2ccccc2)C1OC(=O)Nc1ccccc1,217.0
[*]OC1C(COC(C)=O)OC([*])C(OC(C)=O)C1O,202.0
[*]OC1C(COC(C)=O)OC([*])C(OC(C)=O)C1OC(C)=O,178.0
[*]OC1C(COCC)OC([*])C(OCC)C1OCC,131.15000000000003
[*]OC1C(COCO)OC([*])C(O)C1O,208.0
[*]OC1CC(C([*])=O)N(C(=O)OCc2ccccc2)C1,78.0
[*]OC1CC2CC(OC(=O)N3CCN(C([*])=O)CC3)CC(C1)O2,113.0
[*]OC1CC2CC(OC(=O)c3ccc(C([*])=O)cc3)CC(C1)O2,207.0
[*]OC1CC2CC(OC(=O)c3cccc(C([*])=O)c3)CC(C1)O2,113.0
[*]OC1CC2CC(OC([*])=O)CC(C1)O2,207.0
[*]OC1CCC(OC(=O)C([*])=O)CC1,139.60000000000002
[*]OC1CCC(OC(=O)c2ccc(C([*])=O)cc2)CC1,94.30000000000001
[*]OC1CCC(OC([*])=O)CC1,138.0
[*]OC1CCCCC1OC([*])=O,117.30000000000001
[*]OC1CCCCC1[*],68.5
[*]OC1COC2C(OC(=O)C3CCC(C([*])=O)CC3)COC12,121.0
[*]OC1COC2C(OC(=O)c3ccc(/N=N/c4ccc(C([*])=O)cc4)cc3)COC12,98.0
[*]OC1COC2C(OC(=O)c3ccc(C([*])=O)cc3)COC12,255.5
[*]OC1COC2C(OC(=O)c3ccc(C([*])=O)o3)COC12,192.5
[*]OC1COC2C(OC(=O)c3cccc(OCCCCCCCCCCOc4cccc(C([*])=O)c4)c3)COC12,30.0
[*]OC1COC2C(OC(=O)c3cccc(OCCCCCCCCOc4cccc(C([*])=O)c4)c3)COC12,33.0
[*]OC1COC2C(OC(=O)c3cccc(OCCCCCCOc4cccc(C([*])=O)c4)c3)COC12,43.5
[*]OC1COC2C(OC([*])=O)COC12,140.0
[*]OCC#CC#CCOC(=O)c1ccc(C([*])=O)cc1,143.0
[*]OCC(COC([*])=O)OCCCCCCCCCCCOc1ccc(/C=C/c2ccc([N+](=O)[O-])cc2)cc1,21.0
[*]OCC(COC([*])=O)OCCCCCCOc1ccc(/C=C/c2ccc([N+](=O)[O-])cc2)cc1,32.0
[*]OCC(COC([*])=O)OCCCCOc1ccc(/C=C/c2ccc([N+](=O)[O-])cc2)cc1,42.0
[*]OCC(COC([*])=O)OCCOc1ccc(/C=C/c2ccc([N+](=O)[O-])cc2)cc1,53.0
[*]OCC(COc1ccccc1)OC([*])=O,45.0
[*]OCC(F)(F)C(F)(F)C(F)(F)C(F)(F)COC([*])=O,-40.99999999999997
[*]OCC(F)(F)C(F)(F)C(F)(F)COC(=O)c1cc(C([*])=O)cc(C(F)(F)C(F)(F)C(F)(F)C(F)(F)C(F)(F)C(F)(F)C(F)(F)F)c1,27.0
[*]OCC(F)(F)C(F)(F)C(F)(F)COC(=O)c1cccc(-c2cccc(C([*])=O)c2)c1,45.0
[*]OCC(F)(F)C(F)(F)C(F)(F)COC(=O)c1cccc(C(F)(F)C(F)(F)C(F)(F)C(F)(F)C(F)(F)c2cccc(C([*])=O)c2)c1,29.0
[*]OCC(F)(F)C(F)(F)C(F)(F)COC(=O)c1cccc(C(F)(F)C(F)(F)C(F)(F)c2cccc(C([*])=O)c2)c1,24.0
[*]OCC(F)(F)C(F)(F)C(F)(F)COC(=O)c1cccc(C([*])=O)c1,23.5
[*]OCC(F)(F)C(F)(F)C(F)(F)COC(=O)c1cccc(Oc2cccc(C([*])=O)c2)c1,20.0
[*]OCC(F)(F)C(F)(F)C(F)(F)COc1nc(F)c(F)c(OCC(F)(F)C(F)(F)C(F)(F)COc2c(F)c([*])nc(F)c2F)c1F,-10.0
[*]OCC(F)(F)C(F)(F)C(F)(F)COc1nc(F)nc([*])c1F,0.0
[*]OCC(F)(F)OC(F)(F)COC(=O)c1cccc(C(F)(F)C(F)(F)C(F)(F)c2cccc(C([*])=O)c2)c1,30.0
[*]OCC(F)(F)OC(F)(F)COC(=O)c1cccc(C([*])=O)c1,28.0
[*]OCC(O)C(O)COC(=O)OC1COC2C(OC([*])=O)COC12,78.5
[*]OCC(O)C(O)COC([*])=O,39.60000000000002
[*]OCC(O)COc1ccc(C2(c3ccc(OCC(O)COC(=O)C4CCC(C([*])=O)CC4)cc3)c3ccccc3-c3ccccc32)cc1,110.0
[*]OCC1CCC(COC(=O)C2CCC(C([*])=O)CC2)CC1,77.0
[*]OCC1CCC(COC(=O)Oc2ccc(Cc3ccc(OC([*])=O)cc3)cc2)CC1,56.900000000000034
[*]OCC1CCC(COC(=O)c2ccc(C([*])=O)cc2)CC1,84.5
[*]OCC1CCC(COC(=O)c2cccc(C([*])=O)c2)CC1,70.0
[*]OCC1CCC(COC(C)OC(=O)c2ccc(C(=O)OC([*])C)c3ccccc23)CC1,60.0
[*]OCC1CCC(COC(C)OC(=O)c2ccc(C(=O)OC([*])C)cc2)CC1,61.0
[*]OCC1CCC(COC(C)OC(=O)c2cccc(C(=O)OC([*])C)c2)CC1,30.0
[*]OCC1CCC(COC([*])=O)CC1,38.700000000000045
[*]OCC1CCCC(COC(=O)c2ccc(C([*])=O)cc2)C1,75.0
[*]OCCCC(=O)NNC(=O)c1ccc(C(=O)NNC(=O)CCCOc2ccc([*])cc2C)cc1,139.0
[*]OCCCCC(=O)NNC(=O)c1ccc(C(=O)NNC(=O)CCCCOc2ccc([*])cc2C)cc1,150.0
[*]OCCCCCC(=O)NNC(=O)c1ccc(C(=O)NNC(=O)CCCCCOc2ccc([*])cc2C)cc1,126.0
[*]OCCCCCCCCCCCCCCCCCCCCCCOC(=O)c1ccc2c(c1)C(=O)N(c1ccc(C([*])=O)cc1)C2=O,44.0
[*]OCCCCCCCCCCCCOC(=O)OCCCCCCOc1ccc(C(=O)c2ccc(OCCCCCCOC([*])=O)cc2)cc1,-8.0
[*]OCCCCCCCCCCCCOC(=O)OCCCCCCOc1ccc(Oc2ccc(OCCCCCCOC([*])=O)cc2)cc1,-21.99999999999997
[*]OCCCCCCCCCCCCOC(=O)OCCCCCCn1c(=O)c2cc3c(=O)n(CCCCCCOC([*])=O)c(=O)c3cc2c1=O,-9.0
[*]OCCCCCCCCCCCCOC(=O)c1ccc(-c2ccc(C([*])=O)cc2)cc1,50.5
[*]OCCCCCCCCCCCCOC(=O)c1ccc(-c2nnc(-c3ccc(C([*])=O)cc3)s2)cc1,68.0
[*]OCCCCCCCCCCCCOC(=O)c1ccc2c(c1)C(=O)N(c1ccc(C([*])=O)cc1)C2=O,47.0
[*]OCCCCCCCCCCCCOC(=O)c1ccc2c(c1)C(=O)N(c1ccc(Oc3ccc(N4C(=O)c5ccc(C([*])=O)cc5C4=O)cc3)cc1)C2=O,105.0
[*]OCCCCCCCCCCCCOC(=O)c1ccc2cc(C([*])=O)ccc2c1,45.0
[*]OCCCCCCCCCCCCOc1ccc(/C=N/N=C/c2ccc([*])cc2O)c(O)c1,89.0
[*]OCCCCCCCCCCCCOc1ccc(CCc2ccc([*])cc2C)cc1,0.0
[*]OCCCCCCCCCCCOC(=O)c1ccc(-c2ccc(C([*])=O)cc2)cc1,49.0
[*]OCCCCCCCCCCCOC(=O)c1ccc2c(c1)C(=O)N(c1ccc(C([*])=O)cc1)C2=O,49.0
[*]OCCCCCCCCCCCOC(=O)c1ccc2cc(C([*])=O)ccc2c1,43.0
[*]OCCCCCCCCCCCOc1ccc(-c2nnc(-c3ccc(OCCCCCCCCCCCOC(=O)c4ccc(C([*])=O)cc4)cc3)s2)cc1,64.0
[*]OCCCCCCCCCCCOc1ccc(-c2nnc(-c3ccc(OCCCCCCCCCCCOC(=O)c4cccc(C([*])=O)c4)cc3)s2)cc1,68.0
[*]OCCCCCCCCCCCOc1ccc(-c2nnc(-c3cccc(OCCCCCCCCCCCOC(=O)c4ccc(C([*])=O)cc4)c3)s2)cc1,35.0
[*]OCCCCCCCCCCCOc1ccc(CCc2ccc([*])cc2C)cc1,3.900000000000034
[*]OCCCCCCCCCCCOc1cccc(-c2nnc(-c3ccc(OCCCCCCCCCCCOC(=O)c4cccc(C([*])=O)c4)cc3)s2)c1,39.0
[*]OCCCCCCCCCCCOc1cccc(-c2nnc(-c3cccc(OCCCCCCCCCCCOC(=O)c4ccc(C([*])=O)cc4)c3)s2)c1,22.0
[*]OCCCCCCCCCCCOc1cccc(-c2nnc(-c3cccc(OCCCCCCCCCCCOC(=O)c4cccc(C([*])=O)c4)c3)s2)c1,15.0
[*]OCCCCCCCCCCOC(=O)OC1COC2C(OC([*])=O)COC12,6.5
[*]OCCCCCCCCCCOC(=O)OCCCCCCOc1ccc(C(=O)c2ccc(OCCCCCCOC([*])=O)cc2)cc1,-13.0
[*]OCCCCCCCCCCOC(=O)OCCCCCCOc1ccc(Oc2ccc(OCCCCCCOC([*])=O)cc2)cc1,-21.99999999999997
[*]OCCCCCCCCCCOC(=O)OCCCCCCn1c(=O)c2cc3c(=O)n(CCCCCCOC([*])=O)c(=O)c3cc2c1=O,-2.0
[*]OCCCCCCCCCCOC(=O)c1ccc(-c2ccc(-c3ccc(C([*])=O)cc3)cc2)cc1,50.0
[*]OCCCCCCCCCCOC(=O)c1ccc(-c2ccc(C([*])=O)cc2)cc1,52.0
[*]OCCCCCCCCCCOC(=O)c1ccc(-c2nnc(-c3ccc(C([*])=O)cc3)s2)cc1,79.0
[*]OCCCCCCCCCCOC(=O)c1ccc(C([*])=O)cc1,10.5
[*]OCCCCCCCCCCOC(=O)c1ccc2c(c1)C(=O)N(c1ccc(C([*])=O)cc1)C2=O,58.0
[*]OCCCCCCCCCCOC(=O)c1ccc2cc(C([*])=O)ccc2c1,50.5
[*]OCCCCCCCCCCOC(=O)c1cccc(C([*])=O)c1,-22.49999999999997
[*]OCCCCCCCCCCOC(=O)c1ccccc1C([*])=O,-14.0
[*]OCCCCCCCCCCOC([*])=O,-36.99999999999997
[*]OCCCCCCCCCCOc1ccc(/C=C/c2ccc(OCCCCCCCCCCOP([*])(=O)OCCCCCCCCCCOc3ccc(/N=N/c4ccc(-c5ccccc5)cc4)cc3)cc2)cc1,50.0
[*]OCCCCCCCCCCOc1ccc(/C=C/c2ccc(OCCCCCCCCCCOP([*])(=O)OCCCCCCCCCCOc3ccc(/N=N/c4ccc(C#N)cc4)cc3)cc2)cc1,60.0
[*]OCCCCCCCCCCOc1ccc(/C=C/c2ccc(OCCCCCCCCCCOP([*])(=O)OCCCCCCCCCCOc3ccc(/N=N/c4ccc(Cl)cc4)cc3)cc2)cc1,60.0
[*]OCCCCCCCCCCOc1ccc(/C=C/c2ccc(OCCCCCCCCCCOP([*])(=O)OCCCCCCCCCCOc3ccc(/N=N/c4ccc(OC)cc4)cc3)cc2)cc1,58.0
[*]OCCCCCCCCCCOc1ccc(/C=C/c2ccc(OCCCCCCCCCCOP([*])(=O)OCCCCCCCCCCOc3ccc(/N=N/c4ccc([N+](=O)[O-])cc4)cc3)cc2)cc1,50.0
[*]OCCCCCCCCCCOc1ccc(/C=C/c2ccc(OCCCCCCCCCCOP([*])(=O)OCCCCCCCCCCOc3ccc(/N=N/c4ccccc4)cc3)cc2)cc1,55.0
[*]OCCCCCCCCCCOc1ccc(/C=C2\CC/C(=C\c3ccc(OCCCCCCCCCCOC(=O)c4ccc(-c5nnc(-c6ccc(C([*])=O)cc6)o5)cc4)cc3)C2=O)cc1,58.0
[*]OCCCCCCCCCCOc1ccc(/C=C2\CC/C(=C\c3ccc(OCCCCCCCCCCOP([*])(=O)OCC)c(OC)c3)C2=O)cc1OC,47.0
[*]OCCCCCCCCCCOc1ccc(/C=C2\CCCC/C(=C\c3ccc(OCCCCCCCCCCOC(=O)c4ccc(-c5nnc(-c6ccc(C([*])=O)cc6)o5)cc4)cc3)C2=O)cc1,74.0
[*]OCCCCCCCCCCOc1ccc(/N=C/c2ccc(/C=N/c3ccc([*])cc3C)cc2)c(C)c1,77.60000000000002
[*]OCCCCCCCCCCOc1ccc(CCc2ccc([*])cc2C)cc1,-3.0
[*]OCCCCCCCCCOC(=O)C(O)C(O)C([*])=O,-11.0
[*]OCCCCCCCCCOC(=O)OCCCCCCOc1ccc(C(=O)c2ccc(OCCCCCCOC([*])=O)cc2)cc1,-6.0
[*]OCCCCCCCCCOC(=O)OCCCCCCOc1ccc(Oc2ccc(OCCCCCCOC([*])=O)cc2)cc1,-19.99999999999997
[*]OCCCCCCCCCOC(=O)c1ccc(-c2ccc(C([*])=O)cc2)cc1,50.5
[*]OCCCCCCCCCOC(=O)c1ccc(-c2nnc(-c3ccc(C([*])=O)cc3)s2)cc1,72.0
[*]OCCCCCCCCCOC(=O)c1ccc(C([*])=O)cc1,35.0
[*]OCCCCCCCCCOC(=O)c1ccc2c(c1)C(=O)N(c1ccc(C([*])=O)cc1)C2=O,62.0
[*]OCCCCCCCCCOC(=O)c1ccc2cc(C([*])=O)ccc2c1,50.0
[*]OCCCCCCCCCOc1ccc(CCc2ccc([*])cc2C)cc1,-1.099999999999966
[*]OCCCCCCCCOC(=O)OC1COC2C(OC([*])=O)COC12,19.5
[*]OCCCCCCCCOC(=O)OCCCCCCOc1ccc(C(=O)c2ccc(OCCCCCCOC([*])=O)cc2)cc1,-7.699999999999989
[*]OCCCCCCCCOC(=O)OCCCCCCOc1ccc(Oc2ccc(OCCCCCCOC([*])=O)cc2)cc1,-17.0
[*]OCCCCCCCCOC(=O)OCCCCCCn1c(=O)c2cc3c(=O)n(CCCCCCOC([*])=O)c(=O)c3cc2c1=O,8.0
[*]OCCCCCCCCOC(=O)c1ccc(-c2ccc(C([*])=O)cc2)cc1,47.0
[*]OCCCCCCCCOC(=O)c1ccc(-c2nnc(-c3ccc(C([*])=O)cc3)s2)cc1,86.0
[*]OCCCCCCCCOC(=O)c1ccc(C([*])=O)cc1,45.0
[*]OCCCCCCCCOC(=O)c1ccc2c(c1)C(=O)N(c1ccc(C([*])=O)cc1)C2=O,65.0
[*]OCCCCCCCCOC(=O)c1ccc2cc(C([*])=O)ccc2c1,60.0
[*]OCCCCCCCCOC(=O)c1cccc(C([*])=O)c1,-9.0
[*]OCCCCCCCCOc1ccc(/C=C2\CC/C(=C\c3ccc(OCCCCCCCCOC(=O)c4ccc(-c5nnc(-c6ccc(C([*])=O)cc6)o5)cc4)cc3)C2=O)cc1,99.0
[*]OCCCCCCCCOc1ccc(/C=C2\CC/C(=C\c3ccc(OCCCCCCCCOP([*])(=O)OCC)c(OC)c3)C2=O)cc1OC,62.0
[*]OCCCCCCCCOc1ccc(/C=C2\CCC/C(=C\c3ccc(OCCCCCCCCOC(=O)c4ccc(-c5nnc(-c6ccc(C([*])=O)cc6)o5)cc4)cc3)C2=O)cc1,59.0
[*]OCCCCCCCCOc1ccc(/C=C2\CCCC/C(=C\c3ccc(OCCCCCCCCOC(=O)c4ccc(-c5nnc(-c6ccc(C([*])=O)cc6)o5)cc4)cc3)C2=O)cc1,98.0
[*]OCCCCCCCCOc1ccc(/C=N/c2nc(-c3ccc(Oc4ccc(-c5csc(/N=C/c6ccc([*])cc6)n5)cc4)cc3)cs2)cc1,150.0
[*]OCCCCCCCCOc1ccc(CCc2ccc([*])cc2C)cc1,-12.0
[*]OCCCCCCCOC(=O)OC1CCC(OC([*])=O)CC1,-5.0
[*]OCCCCCCCOC(=O)c1ccc(-c2ccc(C([*])=O)cc2)cc1,44.0
[*]OCCCCCCCOC(=O)c1ccc(C([*])=O)cc1,-1.0
[*]OCCCCCCCOC(=O)c1ccc(OC(=O)c2ccc(C(=O)Oc3ccc(C([*])=O)cc3)cc2)cc1,70.0
[*]OCCCCCCCOC(=O)c1ccc2c(c1)C(=O)N(c1ccc(C([*])=O)cc1)C2=O,77.0
[*]OCCCCCCCOC(=O)c1ccc2cc(C([*])=O)ccc2c1,52.5
[*]OCCCCCCCOc1ccc(-c2ccc([*])c3ccccc23)c2ccccc12,129.5
[*]OCCCCCCCOc1ccc(CCc2ccc([*])cc2C)cc1,6.5
[*]OCCCCCCN1C(=O)c2ccc(-c3ccc(-c4ccc5c(c4)C(=O)N(CCCCCCOC([*])=O)C5=O)cc3)cc2C1=O,73.0
[*]OCCCCCCN1C(=O)c2ccc(-c3ccc4c(c3)C(=O)N(CCCCCCOC([*])=O)C4=O)cc2C1=O,71.0
[*]OCCCCCCN1C(=O)c2ccc(C(=O)c3ccc4c(c3)C(=O)N(CCCCCCOC(=O)OCCCOC([*])=O)C4=O)cc2C1=O,61.0
[*]OCCCCCCN1C(=O)c2ccc(C(=O)c3ccc4c(c3)C(=O)N(CCCCCCOC([*])=O)C4=O)cc2C1=O,76.0
[*]OCCCCCCOC(=O)C([*])=O,66.5
[*]OCCCCCCOC(=O)OC1CCC(OC([*])=O)CC1,10.0
[*]OCCCCCCOC(=O)OC1COC2C(OC([*])=O)COC12,27.5
[*]OCCCCCCOC(=O)OCCCCCCN1C(=O)c2ccc(C(=O)c3ccc4c(c3)C(=O)N(CCCCCCOC([*])=O)C4=O)cc2C1=O,40.0
[*]OCCCCCCOC(=O)OCCCCCCOc1ccc(-c2ccc(OCCCCCCOC([*])=O)cc2)cc1,16.600000000000023
[*]OCCCCCCOC(=O)OCCCCCCOc1ccc(C(=O)c2ccc(OCCCCCCOC([*])=O)cc2)cc1,-0.2999999999999545
[*]OCCCCCCOC(=O)OCCCCCCOc1ccc(Oc2ccc(OCCCCCCOC([*])=O)cc2)cc1,-13.0
[*]OCCCCCCOC(=O)OCCCCCCn1c(=O)c2cc3c(=O)n(CCCCCCOC([*])=O)c(=O)c3cc2c1=O,17.0
[*]OCCCCCCOC(=O)OCCCCn1c(=O)c2cc3c(=O)n(CCCCOC([*])=O)c(=O)c3cc2c1=O,37.0
[*]OCCCCCCOC(=O)OCCCN1C(=O)c2ccc(C(=O)c3ccc4c(c3)C(=O)N(CCCOC([*])=O)C4=O)cc2C1=O,70.0
[*]OCCCCCCOC(=O)OCCCn1c(=O)c2cc3c(=O)n(CCCOC([*])=O)c(=O)c3cc2c1=O,36.0
[*]OCCCCCCOC(=O)c1ccc(-c2ccc(-c3ccc(C([*])=O)cc3)cc2)cc1,60.0
[*]OCCCCCCOC(=O)c1ccc(-c2ccc(C([*])=O)cc2)cc1,51.0
[*]OCCCCCCOC(=O)c1ccc(-c2nnc(-c3ccc(C([*])=O)cc3)s2)cc1,125.0
[*]OCCCCCCOC(=O)c1ccc(C([*])=O)cc1,13.0
[*]OCCCCCCOC(=O)c1ccc(Oc2ccc(C([*])=O)cc2)cc1,15.0
[*]OCCCCCCOC(=O)c1ccc2c(c1)C(=O)N(c1ccc(C([*])=O)cc1)C2=O,80.5
[*]OCCCCCCOC(=O)c1ccc2cc(C([*])=O)ccc2c1,64.0
[*]OCCCCCCOC(=O)c1cccc(C([*])=O)c1,5.5
[*]OCCCCCCOC([*])=O,-41.99999999999997
[*]OCCCCCCOc1ccc(-c2ccc(OCCCCCCOC(=O)C(CCCCCOc3ccc(/N=N/c4ccncc4)cc3)C([*])=O)cc2)cc1,53.60000000000002
[*]OCCCCCCOc1ccc(-c2ccc([*])c3ccccc23)c2ccccc12,109.0
[*]OCCCCCCOc1ccc(-n2on2-c2ccc(OCCCCCCOC(=O)C(C([*])=O)c3ccccc3)cc2)cc1,23.0
[*]OCCCCCCOc1ccc(-n2on2-c2ccc(OCCCCCCOC(=O)C(CCCCCBr)C([*])=O)cc2)cc1,7.0
[*]OCCCCCCOc1ccc(-n2on2-c2ccc(OCCCCCCOC(=O)C(CCCCCCCCCCBr)C([*])=O)cc2)cc1,16.0
[*]OCCCCCCOc1ccc(-n2on2-c2ccc(OCCCCCCOC(=O)C(CCCCCCCCCCP(=O)(O)O)C([*])=O)cc2)cc1,16.0
[*]OCCCCCCOc1ccc(-n2on2-c2ccc(OCCCCCCOC(=O)C(CCCCCCP(=O)(O)O)C([*])=O)cc2)cc1,21.0
[*]OCCCCCCOc1ccc(-n2on2-c2ccc(OCCCCCCOC(=O)C(CCCCCP(=O)(O)O)C([*])=O)cc2)cc1,17.0
[*]OCCCCCCOc1ccc(-n2on2-c2ccc(OCCCCCCOC(=O)C(CCCCP(=O)(O)O)C([*])=O)cc2)cc1,19.0
[*]OCCCCCCOc1ccc(/C=C/c2ccc([*])c3ccccc23)cc1,78.0
[*]OCCCCCCOc1ccc(/C=C/c2ccc([*])cc2)cc1,76.0
[*]OCCCCCCOc1ccc(/C=C2\CC/C(=C\c3ccc(OCCCCCCOP([*])(=O)OCC)c(OC)c3)C2=O)cc1OC,75.0
[*]OCCCCCCOc1ccc(/C=C2\CCC/C(=C\c3ccc(OCCCCCCOC(=O)c4ccc(-c5nnc(-c6ccc(C([*])=O)cc6)o5)cc4)cc3)C2=O)cc1,71.0
[*]OCCCCCCOc1ccc(/C=C2\CCCC/C(=C\c3ccc(OCCCCCCOC(=O)c4ccc(-c5nnc(-c6ccc(C([*])=O)cc6)o5)cc4)cc3)C2=O)cc1,104.0
[*]OCCCCCCOc1ccc(/C=N/c2nc(-c3ccc(Oc4ccc(-c5csc(/N=C/c6ccc([*])cc6)n5)cc4)cc3)cs2)cc1,117.0
[*]OCCCCCCOc1ccc(C(=O)c2ccc(OCCCCCCOC(=O)OCCCCCOC([*])=O)cc2)cc1,-0.19999999999998863
[*]OCCCCCCOc1ccc(C(=O)c2ccc(OCCCCCCOC(=O)OCCCCOC([*])=O)cc2)cc1,2.1000000000000227
[*]OCCCCCCOc1ccc(C(=O)c2ccc(OCCCCCCOC(=O)OCCCOC([*])=O)cc2)cc1,16.0
[*]OCCCCCCOc1ccc(C(=O)c2ccc(OCCCCCCOC(=O)OCCOC([*])=O)cc2)cc1,15.0
[*]OCCCCCCOc1ccc(CCc2ccc([*])cc2C)cc1,17.900000000000034
[*]OCCCCCCOc1ccc(Oc2ccc(OCCCCCCOC(=O)OCCCCCOC([*])=O)cc2)cc1,-11.0
[*]OCCCCCCOc1ccc(Oc2ccc(OCCCCCCOC(=O)OCCCCOC([*])=O)cc2)cc1,-8.0
[*]OCCCCCCOc1ccc(Oc2ccc(OCCCCCCOC(=O)OCCCOC([*])=O)cc2)cc1,-6.0
[*]OCCCCCCOc1ccc(Oc2ccc(OCCCCCCOC(=O)OCCOC([*])=O)cc2)cc1,-4.0
[*]OCCCCCN1C(=O)c2ccc(-c3ccc4c(c3)C(=O)N(CCCCCOC([*])=O)C4=O)cc2C1=O,84.0
[*]OCCCCCN1C(=O)c2ccc(C(=O)c3ccc4c(c3)C(=O)N(CCCCCOC([*])=O)C4=O)cc2C1=O,77.0
[*]OCCCCCOC(=O)OC1CCC(OC([*])=O)CC1,-5.0
[*]OCCCCCOC(=O)c1ccc(-c2ccc(-c3ccc(C([*])=O)cc3)cc2)cc1,40.0
[*]OCCCCCOC(=O)c1ccc(-c2ccc(C([*])=O)cc2)cc1,47.5
[*]OCCCCCOC(=O)c1ccc(/C=C/c2ccc(C([*])=O)cc2)cc1,60.0
[*]OCCCCCOC(=O)c1ccc(C([*])=O)cc1,16.0
[*]OCCCCCOC(=O)c1ccc(Oc2ccc(C([*])=O)cc2)cc1,26.0
[*]OCCCCCOC(=O)c1ccc2c(c1)C(=O)N(c1ccc(C([*])=O)cc1)C2=O,90.0
[*]OCCCCCOC(=O)c1ccc2cc(C([*])=O)ccc2c1,58.5
[*]OCCCCCOC(=O)c1cccc(C([*])=O)c1,7.0
[*]OCCCCCOC([*])=O,-42.94999999999999
[*]OCCCCCOc1ccc(-c2ccc([*])c3ccccc23)c2ccccc12,151.0
[*]OCCCCCOc1ccc(CCc2ccc([*])cc2C)cc1,15.400000000000034
[*]OCCCCCc1nnc(-c2ccc(-c3nnc(CCCCCOc4ccc([*])c(C)c4)o3)cc2)o1,95.0
[*]OCCCCN1C(=O)c2ccc(-c3ccc4c(c3)C(=O)N(CCCCOC([*])=O)C4=O)cc2C1=O,104.0
[*]OCCCCOC(=O)C1CCC(C([*])=O)CC1,-10.5
[*]OCCCCOC(=O)OC1CCC(OC([*])=O)CC1,30.0
[*]OCCCCOC(=O)OC1COC2C(OC([*])=O)COC12,49.0
[*]OCCCCOC(=O)OCC1CCC(COC([*])=O)CC1,13.0
[*]OCCCCOC(=O)c1ccc(-c2ccc(-c3ccc(C([*])=O)cc3)cc2)cc1,180.0
[*]OCCCCOC(=O)c1ccc(-c2ccc(C([*])=O)cc2)cc1,70.0
[*]OCCCCOC(=O)c1ccc(N/C=N/c2ccc(C([*])=O)cc2)cc1,91.0
[*]OCCCCOC(=O)c1ccc(Oc2ccc(C([*])=O)cc2)cc1,38.0
[*]OCCCCOC(=O)c1ccc2c(c1)C(=O)N(c1ccc(C([*])=O)cc1)C2=O,100.5
[*]OCCCCOC(=O)c1ccc2cc(C([*])=O)ccc2c1,66.0
[*]OCCCCOC([*])=O,-26.99999999999997
[*]OCCCCOCCCCOCCCCOC(=O)c1ccc(/N=C/c2ccc(/C=N/c3ccc(C([*])=O)cc3)cc2)cc1,-13.199999999999989
[*]OCCCCOCCCCOCCCCOC(=O)c1ccc(/N=C/c2ccc(C=Nc3ccc(C([*])=O)cc3)s2)cc1,25.0
[*]OCCCCOc1ccc(-c2ccc([*])c3ccccc23)c2ccccc12,130.0
[*]OCCCCOc1ccc(/C=C2\CC/C(=C\c3ccc(OCCCCOP([*])(=O)OCC)c(OC)c3)C2=O)cc1OC,79.0
[*]OCCCCOc1ccc(CCc2ccc([*])cc2C)cc1,24.900000000000034
[*]OCCCCc1nnc(-c2ccc(-c3nnc(CCCCOc4ccc([*])c(C)c4)o3)cc2)o1,129.0
[*]OCCCOC(=O)C([*])C,-32.99999999999997
[*]OCCCOC(=O)C1CCC(C([*])=O)CC1,-6.0
[*]OCCCOC(=O)c1ccc(Oc2ccc(C([*])=O)cc2)cc1,57.0
[*]OCCCOC(=O)c1ccc2cc(C([*])=O)ccc2c1,88.0
[*]OCCCOC(=O)c1cccc(C([*])=O)c1,36.0
[*]OCCCOC([*])=O,-17.69999999999999
[*]OCCCOCCCOC(=O)c1ccc(-c2ccc(C([*])=O)cc2)cc1,18.5
[*]OCCCOc1ccc(-c2ccc([*])c3ccccc23)c2ccccc12,182.0
[*]OCCCS(=O)(=O)CCCCS(=O)(=O)CCCOC(=O)c1cccc(C([*])=O)c1,65.0
[*]OCCCS(=O)(=O)CCCCS(=O)(=O)CCCOC(=O)c1ccccc1C([*])=O,49.0
[*]OCCCS(=O)(=O)CCCCS(=O)(=O)CCCOC([*])=O,43.0
[*]OCCCS(=O)(=O)CCCS(=O)(=O)CCCOC(=O)c1cccc(C([*])=O)c1,67.0
[*]OCCCS(=O)(=O)CCCS(=O)(=O)CCCOC(=O)c1ccccc1C([*])=O,52.0
[*]OCCCSCCCCCCSCCCOC(=O)c1ccc2c(c1)C(=O)N(c1ccc(C([*])=O)cc1)C2=O,31.0
[*]OCCCSCCCCSCCCOC(=O)c1ccc2c(c1)C(=O)N(c1ccc(C([*])=O)cc1)C2=O,39.0
[*]OCCCc1nnc(-c2ccc(-c3nnc(CCCOc4ccc([*])c(C)c4)o3)cc2)o1,112.0
[*]OCCN(CCOC(=O)OCc1ccc(COC([*])=O)cc1)c1ccc(/N=N/c2ccc([N+](=O)[O-])cc2)cc1,138.8
[*]OCCN(CCOC(=O)c1cc(OC2CCN(c3ccc(S(=O)(=O)C(F)(F)C(F)(F)C(F)(F)C(F)(F)C(F)(F)C(F)(F)C(F)(F)C(F)(F)F)cc3)CC2)cc(C([*])=O)c1)c1ccc(S(=O)(=O)C(F)(F)C(F)(F)C(F)(F)C(F)(F)C(F)(F)C(F)(F)C(F)(F)C(F)(F)F)cc1,99.0
[*]OCCN(CCOC(=O)c1cc(OCCC2CCN(c3ccc(S(=O)(=O)C(F)(F)C(F)(F)C(F)(F)C(F)(F)C(F)(F)C(F)(F)C(F)(F)C(F)(F)F)cc3)CC2)cc(C([*])=O)c1)c1ccc(S(=O)(=O)C(F)(F)C(F)(F)C(F)(F)C(F)(F)C(F)(F)C(F)(F)C(F)(F)C(F)(F)F)cc1,86.0
[*]OCCN(CCOC(=O)c1ccc(C([*])=O)cc1)c1ccc(-c2nc3ccc([N+](=O)[O-])cc3o2)cc1,208.0
[*]OCCN(CCOC(=O)c1ccc(OCC#CC#CCOc2ccc(C([*])=O)cc2)cc1)c1ccc(/N=N/c2ccc([N+](=O)[O-])cc2)cc1,100.0
[*]OCCN(CCOC(=O)c1ccc(OCC#CC#CCOc2ccc(C([*])=O)cc2)cc1)c1ccc([N+](=O)[O-])cc1,100.0
[*]OCCN(CCOC(=O)c1ccc2c(c1)C(=O)N(c1cccc(N3C(=O)c4ccc(C([*])=O)cc4C3=O)c1)C2=O)c1ccc(/N=N/c2ccc(F)cc2)cc1,168.0
[*]OCCN(CCOC(=O)c1ccc2c(c1)C(=O)N(c1cccc(N3C(=O)c4ccc(C([*])=O)cc4C3=O)c1)C2=O)c1ccc(/N=N/c2ccc([N+](=O)[O-])cc2)cc1,210.0
[*]OCCN(CCOC(=O)c1cccc(C([*])=O)c1)c1ccccc1,60.0
[*]OCCN(CCOc1ccc2c(c1)C(=O)N(c1ccc(C(c3ccc(N4C(=O)c5ccc([*])cc5C4=O)cc3)(C(F)(F)F)C(F)(F)F)cc1)C2=O)c1ccc(/C=C/c2ccc([N+](=O)[O-])cc2)cc1,180.70000000000005
[*]OCCN(CCOc1ccc2c(c1)C(=O)N(c1ccc(Cc3ccc(N4C(=O)c5ccc([*])cc5C4=O)cc3)cc1)C2=O)c1ccc(/C=C/c2ccc([N+](=O)[O-])cc2)cc1,160.70000000000005
[*]OCCOC(=O)C1=C(N2CCCC2)CCCC=C1C([*])=O,352.5
[*]OCCOC(=O)C1C2C=CC(C2)C1C([*])=O,0.0
[*]OCCOC(=O)C1CCC(C([*])=O)CC1,25.0
[*]OCCOC(=O)CCCC(=O)OCCOc1nc(-c2ccc(OC)cc2)nc([*])c1-c1ccc(OC)cc1,57.0
[*]OCCOC(=O)CCCC(=O)OCCOc1nc(-c2ccc(OCCCC)cc2)nc([*])c1-c1ccc(OC)cc1,46.0
[*]OCCOC(=O)CCCC(=O)OCCOc1nc(-c2ccc(OCCCC)cc2)nc([*])c1-c1ccc(OCCCC)cc1,37.0
[*]OCCOC(=O)CCCCC(=O)OCCOc1nc(-c2ccc(OC)cc2)nc([*])c1-c1ccc(OC)cc1,48.0
[*]OCCOC(=O)CCCCC(=O)OCCOc1nc(-c2ccc(OCCCC)cc2)nc([*])c1-c1ccc(OC)cc1,34.0
[*]OCCOC(=O)N1CCN(C(=O)OCCOC(=O)c2ccc(C([*])=O)cc2)CC1,53.0
[*]OCCOC(=O)N1CCN(C([*])=O)CC1,60.0
[*]OCCOC(=O)c1cc(/N=N/c2ccc(OCC)cc2)ccc1-c1ccc(/N=N/c2ccc(OCC)cc2)cc1C(=O)OCCOc1nc(-c2ccc(OCCCC)cc2)nc([*])c1-c1ccc(OC)cc1,126.0
[*]OCCOC(=O)c1ccc(-c2ccc(-c3ccc(C([*])=O)cc3)cc2)cc1,180.0
[*]OCCOC(=O)c1ccc(-c2ccc(C([*])=O)cc2)cc1,40.0
[*]OCCOC(=O)c1ccc(C(=O)OCCOc2nc(-c3ccc(OCCCC)cc3)nc([*])c2-c2ccc(OC)cc2)cc1,94.0
[*]OCCOC(=O)c1ccc(C([*])=O)o1,88.95000000000005
[*]OCCOC(=O)c1ccc(OCCCCOc2ccc(C([*])=O)cc2)cc1,53.0
[*]OCCOC(=O)c1ccc(Oc2ccc(C([*])=O)cc2)cc1,74.0
[*]OCCOC(=O)c1ccc2c(c1)C(=O)N(c1ccc(C([*])=O)cc1)C2=O,280.0
[*]OCCOC(=O)c1ccc2ccc(C([*])=O)cc2c1,119.0
[*]OCCOC(=O)c1cccc(C(=O)OCCOc2nc(-c3ccc(OCCCC)cc3)nc([*])c2-c2ccc(OC)cc2)c1,92.0
[*]OCCOC(=O)c1cccc(C([*])=O)c1,58.0
[*]OCCOC(=O)c1cccc(N2C(=O)c3ccc(C([*])=O)cc3C2=O)c1,220.0
[*]OCCOC(=O)c1cccc2c(C([*])=O)cccc12,78.0
[*]OCCOCCOC(=O)C([*])=O,-27.99999999999997
[*]OCCOCCOC(=O)C1CCC(C([*])=O)CC1,-12.0
[*]OCCOCCOC(=O)OC1COC2C(OC([*])=O)COC12,46.5
[*]OCCOCCOC(=O)Oc1cccc(N(c2ccc(/N=N/c3ccc([N+](=O)[O-])cc3)cc2)c2ccc(-c3ccc(N(c4ccccc4)c4cccc(OC([*])=O)c4)cc3)cc2)c1,111.0
[*]OCCOCCOC(=O)Oc1cccc(N(c2ccccc2)c2ccc(-c3ccc(N(c4ccccc4)c4cccc(OC([*])=O)c4)cc3)cc2)c1,113.0
[*]OCCOCCOC(=O)c1ccc(-c2ccc(C([*])=O)cc2)cc1,50.0
[*]OCCOCCOC(=O)c1ccc(C([*])=O)cc1,21.900000000000034
[*]OCCOCCOC(=O)c1ccc(N/C=N/c2ccc(C([*])=O)cc2)cc1,77.0
[*]OCCOCCOC(=O)c1ccc2c(c1)C(=O)N(c1ccc(C([*])=O)cc1)C2=O,101.0
[*]OCCOCCOC(=O)c1cccc(C([*])=O)c1,16.0
[*]OCCOCCOC(=O)c1ccccc1-c1ccccc1C([*])=O,17.0
[*]OCCOCCOC(=O)c1ccccc1C([*])=O,-49.99999999999997
[*]OCCOCCOC([*])=O,-26.99999999999997
[*]OCCOCCOCCOC(=O)C1CCC(C([*])=O)CC1,-24.99999999999997
[*]OCCOCCOCCOC(=O)OC1COC2C(OC([*])=O)COC12,17.0
[*]OCCOCCOCCOC(=O)c1ccc(-c2ccc(-c3ccc(C([*])=O)cc3)cc2)cc1,50.0
[*]OCCOCCOCCOC(=O)c1ccc(-c2ccc(C([*])=O)cc2)cc1,20.0
[*]OCCOCCOCCOC(=O)c1ccc(OC(=O)c2ccc(C(=O)Oc3ccc(C([*])=O)cc3)cc2)cc1,30.0
[*]OCCOCCOCCOC(=O)c1ccc2c(c1)C(=O)N(c1ccc(C([*])=O)cc1)C2=O,63.0
[*]OCCOCCOCCOCCOC(=O)OC1COC2C(OC([*])=O)COC12,9.5
[*]OCCOCCOCCOCCOC(=O)c1ccc(-c2ccc(-c3ccc(C([*])=O)cc3)cc2)cc1,40.0
[*]OCCOCCOCCOCCOC(=O)c1ccc(-c2ccc(C([*])=O)cc2)cc1,4.0
[*]OCCOCCOCCOCCOC(=O)c1ccc(OC(=O)c2ccc(C(=O)Oc3ccc(C([*])=O)cc3)cc2)cc1,30.0
[*]OCCOCCOCCOCCOC(=O)c1ccc2c(c1)C(=O)N(c1ccc(C([*])=O)cc1)C2=O,52.0
[*]OCCOCCOCCOCCOCCOCCOC(=O)c1cccc(C([*])=O)c1,-23.49999999999997
[*]OCCOCCOCCOCCOCCOCCOCCOCCOCCOCCOC(=O)c1ccc(-c2ccc(-c3ccc(C([*])=O)cc3)cc2)cc1,40.0
[*]OCCOCCOCCOc1ccc(/C=C/c2ccc(/C=C/c3ccc([*])c4ccccc34)cc2)c2ccccc12,83.5
[*]OCCOCCOc1ccc(N/C=N/c2ccc([*])cc2)cc1,62.0
[*]OCCOc1ccc(-c2nc3ccc(Oc4ccc5nc(-c6ccc(OCCOc7cc([*])ccc7/C=C/c7ccc([N+](=O)[O-])cc7)cc6)c(-c6ccccc6)nc5c4)cc3nc2-c2ccccc2)cc1,187.0
[*]OCCOc1ccc(/C=C2\CC/C(=C\c3ccc(OCCOP([*])(=O)OCC)c(OC)c3)C2=O)cc1OC,80.0
[*]OCCOc1ccc(C([*])=O)cc1,84.0
[*]OCCOc1ccc(C2(c3ccc(OCCOC(=O)C4CCC(C([*])=O)CC4)cc3)c3ccccc3-c3ccccc32)cc1,120.05000000000001
[*]OCCOc1ccc(C2(c3ccc(OCCO[Si]([*])(c4ccccc4)c4ccccc4)cc3)c3ccccc3-c3ccccc32)cc1,97.0
[*]OCCOc1ccc(S(=O)(=O)c2ccc(OCCOP([*])(=O)Oc3ccc(Br)cc3)cc2)cc1,59.0
[*]OCCOc1ccc(S(=O)(=O)c2ccc(OCCOP([*])(=O)Oc3ccc(C)cc3)cc2)cc1,46.0
[*]OCCOc1ccc(S(=O)(=O)c2ccc(OCCOP([*])(=O)Oc3ccc(OC)cc3)cc2)cc1,52.0
[*]OCCOc1ccc(S(=O)(=O)c2ccc(OCCOP([*])(=O)Oc3ccc([N+](=O)[O-])cc3)cc2)cc1,56.0
[*]OCCOc1ccc(S(=O)(=O)c2ccc(OCCOP([*])(=O)Oc3ccccc3)cc2)cc1,49.0
[*]OCc1ccc(COC(=O)c2cccc(C([*])=O)c2)cc1,143.0
[*]ON(C(F)(F)F)C(F)(F)C([*])(F)SC(F)(F)F,-47.99999999999997
[*]O[SiH](CCC(F)(F)F)O[Si](C)(C)c1ccc([Si]([*])(C)C)cc1,-36.99999999999997
[*]O[SiH]([*])C,-3.3899999999999864
[*]O[Si](C)(C)O[Si](C)(C)O[SiH]([*])O[Si](C)(C)C=C,-67.99999999999997
[*]O[Si](C)(C)O[Si](C)(C)O[Si](C)(C)c1ccc(Oc2ccc([Si](C)(C)O[Si](C)(C)O[Si]([*])(C)C)cc2)cc1,-64.99999999999997
[*]O[Si](C)(C)O[Si](C)(C)O[Si](C)(C)c1ccc([Si](C)(C)O[Si](C)(C)O[Si]([*])(C)C)cc1,-79.99999999999997
[*]O[Si](C)(C)O[Si](C)(C)c1ccc(Oc2ccc([Si](C)(C)O[Si](C)(C)O[Si]([*])(C)C)cc2)cc1,-51.99999999999997
[*]O[Si](C)(C)O[Si](C)(C)c1ccc(Oc2ccc([Si](C)(C)O[Si]([*])(C)C)cc2)cc1,-36.99999999999997
[*]O[Si](C)(C)O[Si](C)(C)c1ccc([Si](C)(C)O[Si](C)(C)O[Si]([*])(C)C)cc1,-71.99999999999997
[*]O[Si](C)(C)O[Si](C)(C)c1ccc([Si](C)(C)O[Si]([*])(C)C)cc1,-61.99999999999997
[*]O[Si](C)(C)O[Si](C)(C)c1cccc([Si](C)(C)O[Si](C)(C)O[Si]([*])(C)C)c1,-74.99999999999997
[*]O[Si](C)(C)O[Si](C)(O[Si]([*])(C)C)c1c(F)c(F)c(F)c(F)c1F,-82.99999999999997
[*]O[Si](C)(C)O[Si](C)(c1ccccc1)c1cccc([Si](C)(O[Si](C)(C)O[Si]([*])(C)C)c2ccccc2)c1,-41.99999999999997
[*]O[Si](C)(C)O[Si](O[Si]([*])(C)C)(c1c(F)c(F)c(F)c(F)c1F)c1c(F)c(F)c(F)c(F)c1F,-41.99999999999997
[*]O[Si](C)(C)O[Si]([*])(C)CCCCCCCCOc1ccc(C(=O)Oc2ccc(C#N)cc2C)cc1,-15.0
[*]O[Si](C)(C)[Si]([*])(C)C,-118.99999999999997
[*]O[Si](C)(C)c1c(F)c(F)c(F)c([Si](C)(C)O[Si]([*])(C)C)c1F,-60.99999999999997
[*]O[Si](C)(C)c1c(F)c(F)c(F)c([Si]([*])(C)C)c1F,-28.49999999999997
[*]O[Si](C)(C)c1cc(OCCO)c([Si]([*])(C)C)cc1OCCO,73.0
[*]O[Si](C)(C)c1cc(OCCOCc2ccccc2)c([Si]([*])(C)C)cc1OCCOCc1ccccc1,76.0
[*]O[Si](C)(C)c1ccc(-c2ccc([Si]([*])(C)C)cc2)cc1,67.0
[*]O[Si](C)(C)c1ccc([Si](C)(C)O[SiH]([*])C)cc1,-64.99999999999997
[*]O[Si](C)(C)c1ccc([Si](C)(C)O[Si]([*])(C)C)cc1,-62.49999999999997
[*]O[Si](C)(C)c1ccc([Si](C)(C)O[Si]([*])(C)C=C)cc1,-62.99999999999997
[*]O[Si](C)(C)c1ccc([Si](C)(C)O[Si]([*])(C)CCC(F)(F)C(F)(F)C(F)(F)C(F)(F)C(F)(F)C(F)(F)F)cc1,-54.99999999999997
[*]O[Si](C)(C)c1ccc([Si](C)(C)O[Si]([*])(C=C)C=C)cc1,-70.99999999999997
[*]O[Si](C)(C)c1ccc([Si]([*])(C)C)c2ccccc12,60.0
[*]O[Si](C)(C)c1ccc([Si]([*])(C)C)cc1,-17.99999999999997
[*]O[Si](C)(C)c1ccc2c(c1)C(=O)N(c1ccc(Cc3ccc(N4C(=O)c5ccc([Si](C)(C)O[Si]([*])(C)C)cc5C4=O)cc3)cc1)C2=O,220.0
[*]O[Si](C)(C)c1ccc2c(c1)C(=O)N(c1ccc(Cc3ccc(N4C(=O)c5ccc([Si]([*])(C)C)cc5C4=O)cc3)cc1)C2=O,232.0
[*]O[Si](C)(C)c1ccc2c(c1)C(=O)N(c1ccc(Oc3ccc(-c4nnc(-c5ccc(Oc6ccc(N7C(=O)c8ccc([Si]([*])(C)C)cc8C7=O)cc6)cc5)o4)cc3)cc1)C2=O,190.5
[*]O[Si](C)(C)c1ccc2c(c1)C(=O)N(c1cccc(Cc3cccc(N4C(=O)c5ccc([Si](C)(C)O[Si]([*])(C)C)cc5C4=O)c3)c1)C2=O,208.0
[*]O[Si](C)(C)c1ccc2c(c1)C(=O)N(c1cccc(Cc3cccc(N4C(=O)c5ccc([Si]([*])(C)C)cc5C4=O)c3)c1)C2=O,217.0
[*]O[Si](C)(C)c1ccc2c(c1)C(=O)N(c1cccc(Oc3ccc(-c4nnc(-c5ccc(Oc6cccc(N7C(=O)c8ccc([Si]([*])(C)C)cc8C7=O)c6)cc5)o4)cc3)c1)C2=O,165.0
[*]O[Si](C)(C)c1ccc2cc([Si]([*])(C)C)ccc2c1,29.0
[*]O[Si](C)(C)c1ccc2cc3cc([Si]([*])(C)C)ccc3cc2c1,118.0
[*]O[Si](C)(C)c1ccc2ccc([Si]([*])(C)C)cc2c1,26.0
[*]O[Si](C)(C)c1ccc2ccc3c([Si]([*])(C)C)ccc4ccc1c2c43,65.0
[*]O[Si](C)(C)c1cccc(C(F)(F)C(F)(F)C(F)(F)c2cccc([Si]([*])(C)C)c2)c1,-8.0
[*]O[Si](C)(C)c1cccc(C(F)(F)C(F)(F)c2cccc([Si]([*])(C)C)c2)c1,-2.0
[*]O[Si](C)(C)c1cccc([Si]([*])(C)C)c1,-47.99999999999997
[*]O[Si](C)(C)c1cccc2c([Si]([*])(C)C)cccc12,62.0
[*]O[Si](C)(C)c1cccc2c1ccc1c([Si]([*])(C)C)cccc12,100.0
[*]O[Si](C)(C=C)O[Si](C)(C)c1ccc([Si](C)(C)O[Si]([*])(C)C=C)cc1,-85.99999999999997
[*]O[Si](C)(CCCCOc1ccc(-c2ccc(C#N)cc2)cc1)O[Si]([*])(C)C,-5.5
[*]O[Si](C)(O[Si]([*])(C)C)c1c(F)c(F)c(F)c(F)c1F,-64.99999999999997
[*]O[Si](O[Si](C)(C)c1ccc([Si]([*])(C)C)cc1)(c1ccccc1)c1ccccc1,0.0
[*]O[Si]([*])(C([2H])([2H])[2H])C([2H])([2H])[2H],-124.99999999999997
[*]O[Si]([*])(C)C1CC2CC1C1C3CC(CC3C(=O)OC(C)(C)C)C21,90.0
[*]O[Si]([*])(C)C1CC2CC1CC2OC(=O)OC(C)(C)C,60.0
[*]O[Si]([*])(C)C=C,-128.99999999999997
[*]O[Si]([*])(C)CC,-132.99999999999997
[*]O[Si]([*])(C)CCC,-119.99999999999997
[*]O[Si]([*])(C)CCC(F)(F)C(F)(F)C(F)(F)C(F)(F)F,-74.99999999999997
[*]O[Si]([*])(C)CCC(F)(F)F,-68.99999999999997
[*]O[Si]([*])(C)CCCC,-114.99999999999997
[*]O[Si]([*])(C)CCCC(=O)O,-28.99999999999997
[*]O[Si]([*])(C)CCCC(=O)OC,-71.99999999999997
[*]O[Si]([*])(C)CCCC(=O)OCC,-81.99999999999997
[*]O[Si]([*])(C)CCCC(=O)OCCCC,-90.99999999999997
[*]O[Si]([*])(C)CCCC(=O)OCCO,-57.99999999999997
[*]O[Si]([*])(C)CCCCC,-111.99999999999997
[*]O[Si]([*])(C)CCCCC(=O)OCCCCCCCCCCC(F)(F)C(F)(F)C(F)(F)C(F)(F)C(F)(F)C(F)(F)C(F)(F)C(F)(F)F,-77.99999999999997
[*]O[Si]([*])(C)CCCCC1COC(=O)O1,-23.44999999999999
[*]O[Si]([*])(C)CCCCCC,-110.84999999999997
[*]O[Si]([*])(C)CCCCCCCC,-91.99999999999997
[*]O[Si]([*])(C)CCCCCCCCCCC(=O)OCCC(F)(F)C(F)(F)C(F)(F)C(F)(F)C(F)(F)C(F)(F)C(F)(F)C(F)(F)F,-77.99999999999997
[*]O[Si]([*])(C)CCCCCCCCCCC(=O)OCCC(F)(F)C(F)(F)C(F)(F)C(F)(F)C(F)(F)C(F)(F)F,-68.99999999999997
[*]O[Si]([*])(C)CCCCCCCCCCC(=O)Oc1ccc(-c2ccc(OC(=O)CCCCC(=O)OC3CC(C)CCC3C(C)C)cc2)cc1,16.5
[*]O[Si]([*])(C)CCCCCCCCCCC(=O)Oc1ccc(-c2ccc(OC(=O)c3ccc(OCC(C)CC)cc3)cc2)cc1,29.200000000000045
[*]O[Si]([*])(C)CCCCCCCCCCC(=O)Oc1ccc(-c2ccc(OC(=O)c3ccc(OCC)cc3)cc2)cc1,103.40000000000003
[*]O[Si]([*])(C)CCCCCCCCCCC(=O)Oc1ccc(-c2ccc(OC(=O)c3ccc(OCCCCCCC)cc3)cc2)cc1,61.10000000000002
[*]O[Si]([*])(C)CCCCCCCCCCC(=O)Oc1ccc(C(=O)OCCOc2ccc(C(=O)OC3CCC4(C)C(=CCC5C4CCC4(C)C(C(C)CCCC(C)C)CCC54)C3)cc2)cc1,25.0
[*]O[Si]([*])(C)CCCCCCCCCCC(=O)Oc1ccc(C(=O)Oc2ccc(-c3ccc(OC(=O)CCCCC(=O)OC4CC(C)CCC4C(C)C)cc3)cc2)cc1,32.400000000000034
[*]O[Si]([*])(C)CCCCCCCCCCC(=O)Oc1ccc(C(=O)Oc2ccc(-c3ccc(OC(=O)c4ccc(OCC(C)CC)cc4)cc3)cc2)cc1,74.30000000000001
[*]O[Si]([*])(C)CCCCCCCCCCC(=O)Oc1ccc(C(=O)Oc2ccc(-c3ccc(OCC(C)CC)cc3)cc2)cc1,26.700000000000045
[*]O[Si]([*])(C)CCCCCCCCCCC(=O)Oc1ccc(C(=O)Oc2ccc(OC(=O)CCCCC(=O)OC3CC(C)CCC3C(C)C)cc2)cc1,20.700000000000045
[*]O[Si]([*])(C)CCCCCCCCCCC(=O)Oc1ccc(C(=O)Oc2ccc(OC(=O)c3ccc(OCC(C)CC)cc3)cc2)cc1,28.5
[*]O[Si]([*])(C)CCCCCCCCCCC(=O)Oc1ccc(OC(=O)c2ccc(OCC(C)CC)cc2)cc1,13.400000000000034
[*]O[Si]([*])(C)CCCCCCCCCCC(=O)Oc1ccc2cc(C(=O)OC3CCC4(C)C(=CCC5C4CCC4(C)C(C(C)CCCC(C)C)CCC54)C3)ccc2c1,27.0
[*]O[Si]([*])(C)CCCCCCCCCCC(F)(F)C(F)(F)C(F)(F)C(F)(F)C(F)(F)C(F)(F)C(F)(F)C(F)(F)F,-77.99999999999997
[*]O[Si]([*])(C)CCCCCCCCCCCOC(=O)c1cc(OC(=O)c2ccc(OCCOCCOCCOCCOCCOCCOCCOCCOC)cc2)ccc1OC(=O)c1ccc(OCCOCCOCCOCCOCCOCCOCCOCCOC)cc1,-55.99999999999997
[*]O[Si]([*])(C)CCCCCCCCCCCOc1ccc(-c2ccc(C(=O)Oc3ccc(C(=O)OC(C)C(=O)OC(C)C(=O)OC(C)C(=O)OCC(C)CC)cc3)cc2)cc1,15.0
[*]O[Si]([*])(C)CCCCCCCCCCCOc1ccc(-c2ccc(C(=O)Oc3ccc(C(=O)OC(C)C(=O)OC(C)C(=O)OCC(C)CC)cc3)cc2)cc1,20.0
[*]O[Si]([*])(C)CCCCCCCCCCCOc1ccc(/C=C/c2ccc(C#N)cc2)cc1,-54.99999999999997
[*]O[Si]([*])(C)CCCCCCCCCCCOc1ccc(/C=C/c2ccc(OC)cc2)cc1,55.0
[*]O[Si]([*])(C)CCCCCCCCCCCOc1ccc(/C=C/c2ccc(OCCCC)cc2)cc1,-32.99999999999997
[*]O[Si]([*])(C)CCCCCCCCCCCOc1ccc(C(=O)OC/C=C(\C)CCC=C(C)C)cc1,25.0
[*]O[Si]([*])(C)CCCCCCCCCCCn1c2ccccc2c2ccccc21,-44.99999999999997
[*]O[Si]([*])(C)CCCCCCCCOc1ccc(C(=O)Oc2ccc(C#N)cc2C)cc1,5.5
[*]O[Si]([*])(C)CCCCCCOC(=O)c1cc(OC(=O)c2ccc(OCCOCCOCCOCCOCCOCCOC)cc2)ccc1OC(=O)c1ccc(OCCOCCOCCOCCOCCOCCOC)cc1,-49.99999999999997
[*]O[Si]([*])(C)CCCCCCOc1ccc(-c2ccc(C#N)cc2)cc1,10.0
[*]O[Si]([*])(C)CCCCCCOc1ccc(C(=O)Oc2ccc(C#N)cc2)cc1,8.0
[*]O[Si]([*])(C)CCCCCCOc1ccc(C(=O)Oc2ccc(C#N)cc2C)cc1,45.0
[*]O[Si]([*])(C)CCCCCCOc1ccc(C(=O)Oc2ccc(C(=O)OCC(C)CC)cc2)cc1,-9.0
[*]O[Si]([*])(C)CCCCCCOc1ccc(C(=O)Oc2ccc(C(=O)Oc3ccc(C=C(C(=O)OCCCCCCCCC)C(=O)OCCCCCCCCC)cc3)cc2)cc1,-5.0
[*]O[Si]([*])(C)CCCCCCOc1ccc(C(=O)Oc2ccc(OC)cc2)cc1,-2.0
[*]O[Si]([*])(C)CCCCCCOc1ccc(C(=O)Oc2ccc(OCCCCCC)cc2)cc1,12.0
[*]O[Si]([*])(C)CCCCCCn1c2ccccc2c2ccccc21,-5.0
[*]O[Si]([*])(C)CCCCCOc1ccc(/C=C/c2ccc(OC)cc2)cc1,52.0
[*]O[Si]([*])(C)CCCCCn1c2ccccc2c2ccccc21,7.0
[*]O[Si]([*])(C)CCCCOc1ccc(-c2ccc(C#N)cc2)cc1,22.5
[*]O[Si]([*])(C)CCCCOc1ccc(C(=O)Oc2ccc(C#N)cc2)cc1,16.0
[*]O[Si]([*])(C)CCCOC(=O)c1cc(OC(=O)c2ccc(OCCOCCOCCOCCOC)cc2)ccc1OC(=O)c1ccc(OCCOCCOCCOCCOC)cc1,-36.99999999999997
[*]O[Si]([*])(C)CCCOC(=O)c1cc(OC(=O)c2ccc(OCCOCCOCCOCCOCCOCCOC)cc2)ccc1OC(=O)c1ccc(OCCOCCOCCOCCOCCOCCOC)cc1,-45.99999999999997
[*]O[Si]([*])(C)CCCOCC1COC(=O)O1,-25.899999999999977
[*]O[Si]([*])(C)CCCOCCOCCOC,-90.09999999999997
[*]O[Si]([*])(C)CCCOCCOCCOCCOC,-64.20499999999998
[*]O[Si]([*])(C)CCCOCCOCCOc1ccc(COc2ccc3cc(C#N)ccc3c2)cc1,30.0
[*]O[Si]([*])(C)CCCOc1ccc(-c2ccc(C#N)cc2)cc1,38.0
[*]O[Si]([*])(C)CCCOc1ccc(-c2ccc(OC(=O)CCCCC(=O)OC3CC(C)CCC3C(C)C)cc2)cc1,43.30000000000001
[*]O[Si]([*])(C)CCCOc1ccc(/N=N/c2ccc(S(=O)(=O)O)cc2)cc1,9.200000000000045
[*]O[Si]([*])(C)CCCOc1ccc(C(=O)OC2CCC3(C)C(=CCC4C3CCC3(C)C(C(C)CCCC(C)C)CCC43)C2)cc1,61.10000000000002
[*]O[Si]([*])(C)CCCOc1ccc(C(=O)OC2CCC3(C)C(=CCC4C3CCC3(C)C(C(C)CCCC(C)C)CCC43)C2)cc1S(=O)(=O)O[K],112.60000000000002
[*]O[Si]([*])(C)CCCOc1ccc(C(=O)OCCOc2ccc(C(=O)OC3CCC4(C)C(=CCC5C4CCC4(C)C(C(C)CCCC(C)C)CCC54)C3)cc2)cc1,42.0
[*]O[Si]([*])(C)CCCOc1ccc(C(=O)Oc2ccc(-c3ccc(OC(=O)CCCCC(=O)OC4CC(C)CCC4C(C)C)cc3)cc2)cc1,56.80000000000001
[*]O[Si]([*])(C)CCCOc1ccc(C(=O)Oc2ccc(-c3ccc(OC(=O)c4cc(OCC(C)CC)c(OCC(C)CC)c(OCC(C)CC)c4)cc3)cc2)cc1,60.0
[*]O[Si]([*])(C)CCCOc1ccc(C(=O)Oc2ccc(-c3ccc(OC(=O)c4cc(OCC)c(OCC)c(OCC)c4)cc3)cc2)cc1,61.30000000000001
[*]O[Si]([*])(C)CCCOc1ccc(C(=O)Oc2ccc(-c3ccc(OC(=O)c4cc(OCC)cc(OCC)c4)cc3)cc2)cc1,62.80000000000001
[*]O[Si]([*])(C)CCCOc1ccc(C(=O)Oc2ccc(-c3ccc(OC(=O)c4cc(OCCCCC)c(OCCCCC)c(OCCCCC)c4)cc3)cc2)cc1,49.0
[*]O[Si]([*])(C)CCCOc1ccc(C(=O)Oc2ccc(-c3ccc(OC(=O)c4cc(OCCCCCCCCCCCC)c(OCCCCCCCCCCCC)c(OCCCCCCCCCCCC)c4)cc3)cc2)cc1,48.0
[*]O[Si]([*])(C)CCCOc1ccc(C(=O)Oc2ccc(-c3ccc(OC(=O)c4ccc(OCC)cc4)cc3)cc2)cc1,74.60000000000002
[*]O[Si]([*])(C)CCCOc1ccc(C(=O)Oc2ccc(C#N)cc2)cc1,57.0
[*]O[Si]([*])(C)CCCOc1ccc(C(=O)Oc2ccc(C(=O)Oc3ccc(OC)cc3)cc2)cc1,38.0
[*]O[Si]([*])(C)CCCOc1ccc(C(=O)Oc2ccc(OC(=O)CCCCC(=O)OC3CC(C)CCC3C(C)C)cc2)cc1,45.30000000000001
[*]O[Si]([*])(C)CCCOc1ccc(C(=O)Oc2ccc(OC)cc2)cc1,37.0
[*]O[Si]([*])(C)CCCOc1ccc(C(=O)Oc2ccc(OCCCCCC)cc2)cc1,15.0
[*]O[Si]([*])(C)CCCOc1ccc(N(c2ccc(C)cc2)c2ccc(-c3ccc(N(c4ccccc4)c4ccc(C)cc4)cc3)cc2)cc1,102.0
[*]O[Si]([*])(C)CCCOc1ccc2c(c1)c1cc(-c3ccc4c(c3)c3ccccc3n4CC(CC)CCCC)ccc1n2CC(CC)CCCC,129.0
[*]O[Si]([*])(C)CCCn1c2ccccc2c2ccccc21,55.450000000000045
[*]O[Si]([*])(C)CC[Si](C)(C)O[Si](C)(C)CCCOc1cc(OC(=O)c2ccc(OCCCC)cc2)ccc1/N=N/c1ccc(OCCCC)cc1,-4.0
[*]O[Si]([*])(C)CC[Si](OCCOC)(OCCOC)OCCOC,28.900000000000034
[*]O[Si]([*])(C)CCc1cc(-c2nnc(-c3ccc(OCCCCCCCCCCCC)cc3)o2)ccc1-c1nnc(-c2ccc(OCCCCCCCCCCCC)cc2)o1,156.0
[*]O[Si]([*])(C)CCc1cc(C(=O)Oc2ccc(OC)cc2)ccc1C(=O)Oc1ccc(OC)cc1,111.0
[*]O[Si]([*])(C)CCc1cc(C(=O)Oc2ccc(OCCCC)cc2)ccc1-c1ccc(C(=O)Oc2ccc(OCCCC)cc2)cc1,96.0
[*]O[Si]([*])(C)CCc1cc(C(=O)Oc2ccc(OCCCC)cc2)ccc1C(=O)Oc1ccc(OCCCC)cc1,92.0
[*]O[Si]([*])(C)CCc1cc(C(=O)Oc2ccc(OCCCCCCCCCCCC)cc2)ccc1-c1ccc(C(=O)Oc2ccc(OCCCCCCCCCCCC)cc2)cc1,76.0
[*]O[Si]([*])(C)CCc1ccc(O)cc1,39.0
[*]O[Si]([*])(C)OCCCCCCCCCCCOc1ccc(C2COC(c3ccc(OC)cc3)OC2)cc1,44.0
[*]O[Si]([*])(C)OCCCCCCCCCCCOc1ccc(C2COC(c3ccc(OCC(C)CC)cc3)OC2)cc1,30.0
[*]O[Si]([*])(C)OCCOCCOCCOC,-120.09999999999997
[*]O[Si]([*])(C)OCCOCCOCCOCCOCCOCCOCCOCCOC,-77.99999999999997
[*]O[Si]([*])(C)c1c(F)c(F)c(F)c(F)c1F,-24.99999999999997
[*]O[Si]([*])(C)c1ccc(C)cc1,-17.0
[*]O[Si]([*])(C)c1ccccc1,-28.149999999999977
[*]O[Si]([*])(CC)CC,-138.99999999999997
[*]O[Si]([*])(CCC)CCC,-77.49999999999997
[*]O[Si]([*])(CCC)c1ccccc1,40.60000000000002
[*]O[Si]([*])(CCCOCCOC)CCCOCCOC,-54.99999999999997
[*]O[Si]([*])(CCCOCCOCCOC)CCCOCCOCCOC,-63.39999999999998
[*]O[Si]([*])(CCCOCCOCCOCCOC)CCCOCCOCCOCCOC,-69.19999999999999
[*]O[Si]([*])(CCCOCCOCCOCCOCCOC)CCCOCCOCCOCCOCCOC,-69.79999999999998
[*]O[Si]([*])(CCCOCCOCCOCCOCCOCCOC)CCCOCCOCCOCCOCCOCCOC,-69.69999999999999
[*]O[Si]([*])(CCCOCCOCCOCCOCCOCCOCCOC)CCCOCCOCCOCCOCCOCCOCCOC,-68.89999999999998
[*]O[Si]([*])(CCCOCCOCCOCCOCCOCCOCCOCCOC)CCCOCCOCCOCCOCCOCCOCCOCCOC,-66.39999999999998
[*]O[Si]([*])(c1ccccc1)c1ccc(OC(C)(C)C)cc1,56.0
[*]O[Si](c1ccccc1)(c1ccccc1)c1ccc(-c2ccc([Si]([*])(c3ccccc3)c3ccccc3)cc2)cc1,94.0
[*]O[Si](c1ccccc1)(c1ccccc1)c1ccc([Si]([*])(c2ccccc2)c2ccccc2)cc1,130.0
[*]Oc1c(-c2ccccc2)cc([*])cc1-c1ccc(C(C)(C)C)cc1,240.0
[*]Oc1c(-c2ccccc2)cc([*])cc1-c1ccc(C)cc1,218.0
[*]Oc1c(-c2ccccc2)cc([*])cc1-c1cccc(C)c1,219.0
[*]Oc1c(-c2ccccc2)cc([*])cc1-c1ccccc1,220.0
[*]Oc1c(-c2ccccc2)cc([*])cc1-c1ccccc1-c1ccccc1,211.0
[*]Oc1c(Br)cc(C(c2cc(Br)c(OC([*])=O)c(Br)c2)(C(F)(F)F)C(F)(F)F)cc1Br,206.0
[*]Oc1c(Br)cc(C(c2cc(Br)c(OP([*])(=O)Oc3ccc(Br)cc3)c(Br)c2)(C(F)(F)F)C(F)(F)F)cc1Br,152.0
[*]Oc1c(Br)cc(C(c2cc(Br)c(OP([*])(=O)Oc3ccc(C)cc3)c(Br)c2)(C(F)(F)F)C(F)(F)F)cc1Br,146.0
[*]Oc1c(Br)cc(C(c2cc(Br)c(OP([*])(=O)Oc3ccc(OC)cc3)c(Br)c2)(C(F)(F)F)C(F)(F)F)cc1Br,151.0
[*]Oc1c(Br)cc(C(c2cc(Br)c(OP([*])(=O)Oc3ccc([N+](=O)[O-])cc3)c(Br)c2)(C(F)(F)F)C(F)(F)F)cc1Br,154.0
[*]Oc1c(Br)cc(C(c2cc(Br)c(OP([*])(=O)Oc3ccccc3)c(Br)c2)(C(F)(F)F)C(F)(F)F)cc1Br,140.0
[*]Oc1c(Br)cc(C2(c3cc(Br)c(OC(=O)c4ccc(C([*])=O)cc4)c(Br)c3)OC(=O)c3ccccc32)cc1Br,319.0
[*]Oc1c(Br)cc(C2(c3cc(Br)c(OC([*])=O)c(Br)c3)CC3CCC2C3)cc1Br,283.0
[*]Oc1c(Br)cc(S(=O)(=O)c2cc(Br)c(OC([*])=O)c(Br)c2)cc1Br,196.0
[*]Oc1c(Br)cc([*])cc1Br,196.0
[*]Oc1c(C(C)C)cc([*])cc1C(C)C,152.40000000000003
[*]Oc1c(C)cc(C(c2cc(C)c(Oc3ccc(S(=O)(=O)c4ccc([*])cc4C(OC)(C(F)(F)F)C(F)(F)F)c(C(OC)(C(F)(F)F)C(F)(F)F)c3)c(C)c2)(C(F)(F)F)C(F)(F)F)cc1C,163.0
[*]Oc1c(C)cc(S(=O)(=O)c2cc(C)c(OP([*])(=O)Oc3ccc(C)cc3)c(C)c2)cc1C,128.0
[*]Oc1c(C)cc(S(=O)(=O)c2cc(C)c(OP([*])(=O)Oc3ccc(OC)cc3)c(C)c2)cc1C,147.0
[*]Oc1c(C)cc([*])cc1C,212.0
[*]Oc1c(C)cc([*])cc1C(C)CCC,100.0
[*]Oc1c(C)cc([*])cc1C(C)CCCC,85.0
[*]Oc1c(C)cc([*])cc1C(C)CCCCC,60.0
[*]Oc1c(C)cc([*])cc1C(C)CCCCCC,54.0
[*]Oc1c(C)cc([*])cc1C(C)CCCCCCCC,20.0
[*]Oc1c(C)cc([*])cc1C(C)CCCCCCCCCCCC,-10.0
[*]Oc1c(Cl)c(Cl)c(OP([*])(=O)Oc2c(Cl)c(Cl)c(Cl)c(Cl)c2Cl)c(Cl)c1Cl,133.0
[*]Oc1c(Cl)c(Cl)c(OP([*])(=O)Oc2c(Cl)cc(Cl)cc2Cl)c(Cl)c1Cl,127.0
[*]Oc1c(Cl)c(Cl)c(OP([*])(=O)Oc2c(Cl)cccc2Cl)c(Cl)c1Cl,144.0
[*]Oc1c(Cl)c(Cl)c(OP([*])(=O)Oc2ccc(Cl)cc2)c(Cl)c1Cl,119.0
[*]Oc1c(Cl)c(Cl)c(OP([*])(=O)Oc2ccccc2)c(Cl)c1Cl,79.0
[*]Oc1c(Cl)cc(C(=C(Cl)Cl)c2cc(Cl)c(OC([*])=O)c(Cl)c2)cc1Cl,250.0
[*]Oc1c(Cl)cc(C(c2cc(Cl)c(OC([*])=O)c(Cl)c2)C(Cl)(Cl)Cl)cc1Cl,273.0
[*]Oc1c(Cl)cc(C(c2cc(Cl)c(OC([*])=O)c(Cl)c2)C2CC3CCC2C3)cc1Cl,270.0
[*]Oc1c(Cl)cc(C2(c3cc(Cl)c(OC([*])=O)c(Cl)c3)CC3CC2C2CCCC32)cc1Cl,281.0
[*]Oc1c(Cl)cc(C2(c3cc(Cl)c(OC([*])=O)c(Cl)c3)CC3CCC2C3)cc1Cl,290.0
[*]Oc1c(Cl)cc(C2(c3cc(Cl)c(OC([*])=O)c(Cl)c3)CCCCC2)cc1Cl,163.0
[*]Oc1c(Cl)cc([*])cc1Cl,176.82000000000005
[*]Oc1c(F)c(F)c(-c2c(F)c(F)c(Oc3ccc([*])cc3S(=O)(=O)O)c(F)c2F)c(F)c1F,120.0
[*]Oc1c(F)c(F)c(Oc2c(F)c(F)c3c(c2F)C(=O)N(c2c(F)c(F)c(F)c(N4C(=O)c5c(F)c([*])c(F)c(F)c5C4=O)c2F)C3=O)c(F)c1F,309.0
[*]Oc1c(F)c(F)c(Oc2c(F)c(F)c3c(c2F)C(=O)N(c2c(F)c(F)c(Oc4c(F)c(F)c(N5C(=O)c6c(F)c([*])c(F)c(F)c6C5=O)c(F)c4F)c(F)c2F)C3=O)c(F)c1F,300.0
[*]Oc1c(F)c(F)c(Oc2c(F)c(F)c3c(c2F)C(=O)N(c2c(F)c(F)c(Sc4c(F)c(F)c(N5C(=O)c6c(F)c([*])c(F)c(F)c6C5=O)c(F)c4F)c(F)c2F)C3=O)c(F)c1F,278.0
[*]Oc1c(F)c(F)c(Oc2c(F)c(F)c3c(c2F)C(=O)N(c2ccc(-c4ccc(N5C(=O)c6c(F)c([*])c(F)c(F)c6C5=O)cc4C(F)(F)F)c(C(F)(F)F)c2)C3=O)c(F)c1F,312.0
[*]Oc1c(OC)cc([*])cc1OC,174.10000000000002
[*]Oc1c(O[Si](C)(C)O[Si](C)(C)O[Si](C)(C)O[Si](C)(C)O[Si](C)(C)O[Si]([*])(C)C)c2ccccc2c2ccccc12,-67.99999999999997
[*]Oc1c(O[Si](C)(C)O[Si](C)(C)O[Si](C)(C)O[Si](C)(C)O[Si]([*])(C)C)c2ccccc2c2ccccc12,-37.99999999999997
[*]Oc1c(O[Si](C)(C)O[Si](C)(C)O[Si](C)(C)O[Si]([*])(C)C)c2ccccc2c2ccccc12,-34.99999999999997
[*]Oc1cc(-c2ccccc2)c([*])c(-c2cccc(-c3ccccc3)c2-c2ccccc2)c1,212.0
[*]Oc1cc(-c2ccccc2)c([*])c(-c2cccc3ccccc23)c1,234.0
[*]Oc1cc(-c2ccccc2)c2cc(-c3ccc(-c4ccc(-c5ccc6nc([*])cc(-c7ccccc7)c6c5)cc4)cc3)ccc2n1,308.0
[*]Oc1cc(-c2ccccc2)c2cc(-c3ccc(-c4ccc5nc([*])cc(-c6ccccc6)c5c4)cc3)ccc2n1,300.0
[*]Oc1cc(-c2ccccc2)c2cc(-c3ccc(Oc4ccc(-c5ccc6nc([*])cc(-c7ccccc7)c6c5)cc4)cc3)ccc2n1,268.5
[*]Oc1cc(Br)cc(Br)c1[*],170.0
[*]Oc1cc(C)c([*])c(-c2ccccc2)c1,180.0
[*]Oc1cc(C)c([*])c(C)c1Br,280.15
[*]Oc1cc(Cl)c([*])c(Br)c1,188.5
[*]Oc1cc(Cl)cc(Cl)c1[*],165.0
[*]Oc1cc2ccccc2cc1OC(=O)c1ccc(Oc2ccc(C([*])=O)cc2)cc1,148.0
[*]Oc1cc2ccccc2cc1Oc1ccc2c(c1)C(=O)N(c1cc(N3C(=O)c4ccc([*])cc4C3=O)cc(C(F)(F)F)c1)C2=O,250.0
[*]Oc1cc2ccccc2cc1Oc1ccc2c(c1)C(=O)N(c1ccc(C(c3ccc(N4C(=O)c5ccc([*])cc5C4=O)cc3)(C(F)(F)F)C(F)(F)F)cc1)C2=O,256.0
[*]Oc1cc2ccccc2cc1Oc1ccc2c(c1)C(=O)N(c1ccc(Oc3cc4ccccc4cc3Oc3ccc(N4C(=O)c5ccc([*])cc5C4=O)cc3)cc1)C2=O,222.0
[*]Oc1cc2ccccc2cc1Oc1ccc2c(c1)C(=O)N(c1ccc(Oc3ccc(-c4ccc(Oc5ccc(N6C(=O)c7ccc([*])cc7C6=O)cc5)cc4)cc3)cc1)C2=O,222.5
[*]Oc1cc2ccccc2cc1Oc1ccc2c(c1)C(=O)N(c1ccc(Oc3ccc(N4C(=O)c5ccc([*])cc5C4=O)cc3)cc1)C2=O,220.5
[*]Oc1cc2ccccc2cc1Oc1ccc2c(c1)C(=O)N(c1ccc(Oc3ccc(Oc4ccc(N5C(=O)c6ccc([*])cc6C5=O)cc4)cc3)cc1)C2=O,224.5
[*]Oc1cc2ccccc2cc1Oc1ccc2c(c1)C(=O)N(c1ccc(Oc3cccc(Oc4ccc(N5C(=O)c6ccc([*])cc6C5=O)cc4)c3)cc1)C2=O,208.0
[*]Oc1cc2ccccc2cc1Oc1ccc2c(c1)C(=O)N(c1ccc(Oc3ccccc3Oc3ccc(N4C(=O)c5ccc([*])cc5C4=O)cc3)cc1)C2=O,204.0
[*]Oc1cc2ccccc2cc1Oc1ccc2c(c1)C(=O)N(c1cccc(N3C(=O)c4ccc([*])cc4C3=O)c1)C2=O,237.0
[*]Oc1cc2ccccc2cc1Oc1ccc2c(c1)C(=O)N(c1cccc(Oc3ccc(N4C(=O)c5ccc([*])cc5C4=O)cc3)c1)C2=O,226.0
[*]Oc1ccc(-c2cc(-c3ccccc3)c(-c3ccc(OC(=O)c4ccc(C([*])=O)cc4-c4ccccc4)cc3)c(-c3ccccc3)c2-c2ccccc2)cc1,225.0
[*]Oc1ccc(-c2ccc(-c3cc(-c4ccccc4)c(-c4ccc(-c5ccc(OC(=O)c6ccc(C([*])=O)cc6-c6ccccc6)cc5)cc4)c(-c4ccccc4)c3-c3ccccc3)cc2)cc1,260.0
[*]Oc1ccc(-c2ccc(/N=N/c3ccc(C([*])=O)cc3)cc2)cc1,147.0
[*]Oc1ccc(-c2ccc(OC(=O)c3cc(OCCCc4ccccc4)c(C([*])=O)cc3OCCCc3ccccc3)cc2)cc1,72.0
[*]Oc1ccc(-c2ccc(OC(=O)c3ccc(-c4ccc(C([*])=O)cc4)cc3-c3ccccc3)cc2)cc1,168.0
[*]Oc1ccc(-c2ccc(OC(=O)c3ccc(C(=O)c4ccc(C([*])=O)cc4)cc3)c(-c3ccccc3)c2)cc1-c1ccccc1,184.5
[*]Oc1ccc(-c2ccc(OC(=O)c3ccc(C([*])=O)cc3)c(-c3ccccc3)c2)cc1,132.0
[*]Oc1ccc(-c2ccc(OC(=O)c3ccc(C([*])=O)cc3)cc2)cc1,267.0
[*]Oc1ccc(-c2ccc(OC(=O)c3ccc(C([*])=O)cc3Sc3ccc4ccccc4c3)cc2)cc1,141.0
[*]Oc1ccc(-c2ccc(OC(=O)c3ccc4c(c3)C(=O)N(CCCCCCCCCCCN3C(=O)c5ccc(C([*])=O)cc5C3=O)C4=O)cc2)cc1,97.0
[*]Oc1ccc(-c2ccc(OC(=O)c3ccc4c(c3)C(=O)N(CCCCCCCN3C(=O)c5ccc(C([*])=O)cc5C3=O)C4=O)cc2)cc1,117.0
[*]Oc1ccc(-c2ccc(OC(=O)c3ccc4c(c3)C(=O)N(CCCCCCN3C(=O)c5ccc(C([*])=O)cc5C3=O)C4=O)cc2)cc1,133.0
[*]Oc1ccc(-c2ccc(OC(=O)c3ccc4c(c3)C(=O)N(CCCCCN3C(=O)c5ccc(C([*])=O)cc5C3=O)C4=O)cc2)cc1,147.0
[*]Oc1ccc(-c2ccc(OC(=O)c3ccc4c(c3)C(=O)N(CCCCN3C(=O)c5ccc(C([*])=O)cc5C3=O)C4=O)cc2)cc1,126.0
[*]Oc1ccc(-c2ccc(OC(=O)c3ccc4c(c3)C(=O)N(CCCOCCCCOCCCN3C(=O)c5ccc(C([*])=O)cc5C3=O)C4=O)cc2)cc1,70.0
[*]Oc1ccc(-c2ccc(OC(=O)c3ccc4c(c3)C(=O)N(CCOCCOCCN3C(=O)c5ccc(C([*])=O)cc5C3=O)C4=O)cc2)cc1,109.0
[*]Oc1ccc(-c2ccc(OC(=O)c3ccc4c(c3)C(=O)N(c3ccc(Oc5ccc(N6C(=O)c7ccc(C([*])=O)cc7C6=O)cc5)cc3)C4=O)cc2)cc1,232.0
[*]Oc1ccc(-c2ccc(OC(=O)c3cccc(C([*])=O)c3)cc2)cc1,185.5
[*]Oc1ccc(-c2ccc(OC(=O)c3cccc(Oc4ccc(Oc5ccc(Oc6cccc(C([*])=O)c6)cc5)cc4)c3)cc2)cc1,119.0
[*]Oc1ccc(-c2ccc(OC([*])(Oc3ccccc3)Oc3ccccc3)cc2)cc1,112.0
[*]Oc1ccc(-c2ccc(OC3(F)C([*])(F)C(F)(F)C3(F)F)cc2)cc1,161.0
[*]Oc1ccc(-c2ccc(OP([*])(=O)OC3CCCCC3)cc2)cc1,116.0
[*]Oc1ccc(-c2ccc(OP([*])(=O)Oc3ccccc3)cc2)cc1,112.0
[*]Oc1ccc(-c2ccc(O[Si](C)(C)O[Si]([*])(C)C)cc2)cc1,-4.0
[*]Oc1ccc(-c2ccc(O[Si]([*])(c3ccccc3)c3ccccc3)cc2)cc1,132.25
[*]Oc1ccc(-c2ccc(Oc3c(F)c(F)c(COC(c4cccc(C(OCc5c(F)c(F)c([*])c(F)c5F)(C(F)(F)F)C(F)(F)F)c4)(C(F)(F)F)C(F)(F)F)c(F)c3F)cc2)cc1,110.0
[*]Oc1ccc(-c2ccc(Oc3ccc(C(=O)c4ccccc4)c(-c4cc([*])ccc4C(=O)c4ccccc4)c3)cc2)cc1,174.0
[*]Oc1ccc(-c2ccc(Oc3ccc(S(=O)(=O)c4ccc([*])cc4N)c(N)c3)cc2)cc1,242.20000000000005
[*]Oc1ccc(-c2ccc(Oc3ccc4c(c3)C(=O)N(c3ccc(Oc5ccc(-c6ccc(Oc7ccc(N8C(=O)c9ccc([*])cc9C8=O)cc7)cc6)cc5)cc3)C4=O)cc2)cc1,220.0
[*]Oc1ccc(-c2ccc(Oc3ccc4c(c3)C(=O)N(c3ccc(Oc5ccc(N6C(=O)c7ccc([*])cc7C6=O)cc5)cc3)C4=O)cc2)cc1,229.0
[*]Oc1ccc(-c2ccc(Oc3ccc4c(c3)C(=O)N(c3ccc(Oc5ccc(Oc6ccc(N7C(=O)c8ccc([*])cc8C7=O)cc6)cc5)cc3)C4=O)cc2)cc1,222.0
[*]Oc1ccc(-c2ccc(Oc3ccc4c(c3)C(=O)N(c3ccc(Oc5ccc(Oc6ccc(Oc7ccc(N8C(=O)c9ccc([*])cc9C8=O)cc7)cc6)cc5)cc3)C4=O)cc2)cc1,208.0
[*]Oc1ccc(-c2ccc(Oc3ccc4c(c3)C(=O)N(c3ccc(Oc5ccc(Sc6ccc(Oc7ccc(N8C(=O)c9ccc([*])cc9C8=O)cc7)cc6)cc5)cc3)C4=O)cc2)cc1,206.0
[*]Oc1ccc(-c2ccc(Oc3ccc4c(c3)C(=O)N(c3ccc(Oc5cccc(Oc6ccc(N7C(=O)c8ccc([*])cc8C7=O)cc6)c5)cc3)C4=O)cc2)cc1,205.0
[*]Oc1ccc(-c2ccc(Oc3ccc4c(c3)C(=O)N(c3cccc(N5C(=O)c6ccc([*])cc6C5=O)c3)C4=O)cc2)cc1,247.0
[*]Oc1ccc(-c2ccc(Oc3ccc4c(c3)C(=O)N(c3cccc(Oc5ccc(P(=O)(c6ccccc6)c6ccccc6)c(Oc6cccc(N7C(=O)c8ccc([*])cc8C7=O)c6)c5)c3)C4=O)cc2)cc1,227.0
[*]Oc1ccc(-c2ccc(Oc3ccc4ccccc4c3-c3c([*])ccc4ccccc34)c3ccccc23)c2ccccc12,301.0
[*]Oc1ccc(-c2ccc(Oc3cccc([*])c3C#N)cc2)cc1,210.0
[*]Oc1ccc(-c2ccc(Oc3cccc([*])n3)cc2)cc1,119.0
[*]Oc1ccc(-c2ccc(Oc3cccc4c3C(=O)N(c3ccc(Oc5ccc(N6C(=O)c7cccc([*])c7C6=O)cc5)cc3)C4=O)cc2)cc1,277.0
[*]Oc1ccc(-c2ccc(Oc3cccc4c3C(=O)N(c3ccc(Oc5cccc(Oc6ccc(N7C(=O)c8cccc([*])c8C7=O)cc6)c5)cc3)C4=O)cc2)cc1,224.0
[*]Oc1ccc(-c2ccc(Oc3cccc4c3C(=O)N(c3cccc(N5C(=O)c6cccc([*])c6C5=O)c3)C4=O)cc2)cc1,275.0
[*]Oc1ccc(-c2cnc3cc(-c4ccc5nc(-c6ccc(Oc7ccc(Oc8ccc([*])cc8)cc7)cc6)cnc5c4)ccc3n2)cc1,133.0
[*]Oc1ccc(-c2cnc3cc(-c4ccc5nc(-c6ccc(Oc7ccc([*])cc7)cc6)cnc5c4)ccc3n2)cc1,195.0
[*]Oc1ccc(-c2cnc3cc(-c4ccc5ncc(-c6ccc(Oc7ccc(Oc8ccc([*])cc8)cc7)cc6)nc5c4)ccc3n2)cc1,216.0
[*]Oc1ccc(-c2cnc3ccc(-c4ccc5nc(-c6ccc(Oc7ccc([*])cc7)cc6)cnc5c4)cc3n2)cc1,235.0
[*]Oc1ccc(-c2cnc3ccc(-c4ccc5ncc(-c6ccc(Oc7ccc(Oc8ccc([*])cc8)cc7)cc6)nc5c4)cc3n2)cc1,216.0
[*]Oc1ccc(-c2cnc3ccc(-c4ccc5ncc(-c6ccc(Oc7ccc([*])cc7)cc6)nc5c4)cc3n2)cc1,235.0
[*]Oc1ccc(-c2nc3ccccc3nc2-c2ccc(OC(=O)c3ccc(C([*])=O)cc3)cc2)cc1,232.0
[*]Oc1ccc(-c2nc3ccccc3nc2-c2ccc(OC(=O)c3cccc(C([*])=O)c3)cc2)cc1,245.0
[*]Oc1ccc(-n2c(=O)c3cc4c(=O)n(-c5ccc(Oc6cc(C(C)(C)C)c([*])cc6C(C)(C)C)cc5)c(=O)c4cc3c2=O)cc1,298.0
[*]Oc1ccc(-n2c(=O)c3cc4c(=O)n(-c5ccc(Oc6cc(C(C)(C)C)ccc6[*])cc5)c(=O)c4cc3c2=O)cc1,321.0
[*]Oc1ccc(-n2c(=O)c3cc4c(=O)n(-c5ccc(Oc6ccc([*])cc6C(C)(C)C)cc5)c(=O)c4cc3c2=O)cc1,314.0
[*]Oc1ccc(-n2c(=O)c3cc4c(=O)n(-c5ccc(Oc6ccc([*])cc6C)cc5)c(=O)c4cc3c2=O)cc1,310.0
[*]Oc1ccc(-n2c(=O)c3cc4c(=O)n(-c5ccc(Oc6cccc([*])c6C#N)cc5)c(=O)c4cc3c2=O)cc1,328.0
[*]Oc1ccc(/C(=C/c2ccc(-c3ccc(/C=C(\c4ccccc4)c4ccc(OC(=O)c5ccc(C([*])=O)cc5)cc4)cc3)cc2)c2ccccc2)cc1,236.0
[*]Oc1ccc(/C(=C/c2ccc(-c3ccc(/C=C(\c4ccccc4)c4ccc(OC(=O)c5cccc(C([*])=O)c5)cc4)cc3)cc2)c2ccccc2)cc1,224.0
[*]Oc1ccc(/C=C2\CC/C(=C\c3ccc(OC(=O)c4ccc(/N=C/c5ccc(/C=N/c6ccc(C([*])=O)cc6)cc5)cc4)cc3)C2=O)cc1,205.0
[*]Oc1ccc(/N=N/c2ccc(Cc3ccc(/N=N/c4ccc(OC(=O)c5ccc(/N=N/c6ccc(C([*])=O)cc6)cc5)cc4)cc3[N+](=O)[O-])c([N+](=O)[O-])c2)cc1,160.0
[*]Oc1ccc(/N=N/c2ccc(Cc3ccc(/N=N/c4ccc(OC(=O)c5ccc(C([*])=O)cc5)cc4)cc3[N+](=O)[O-])c([N+](=O)[O-])c2)cc1,198.0
[*]Oc1ccc(/N=N/c2ccc(S(=O)(=O)c3ccc(/N=N/c4ccc(OC(=O)c5ccc(/N=N/c6ccc(C([*])=O)cc6)cc5)cc4)cc3[N+](=O)[O-])c([N+](=O)[O-])c2)cc1,150.0
[*]Oc1ccc(C(=C(Cl)Cl)c2ccc(OC([*])=O)cc2)cc1,167.0
[*]Oc1ccc(C(=O)Nc2ccc(C(C)(C)c3ccc(NC(=O)c4ccc(Oc5cc(C(C)(C)C)c([*])cc5C(C)(C)C)cc4)cc3)cc2)cc1,254.0
[*]Oc1ccc(C(=O)Nc2ccc(C(c3ccc(NC(=O)c4ccc(Oc5cc(C(C)(C)C)c([*])cc5C(C)(C)C)cc4)cc3)(C(F)(F)F)C(F)(F)F)cc2)cc1,268.0
[*]Oc1ccc(C(=O)Nc2ccc(Oc3ccc(-c4ccc(Oc5ccc(NC(=O)c6ccc(Oc7ccc([*])cc7C)cc6)cc5)cc4)cc3)cc2)cc1,220.0
[*]Oc1ccc(C(=O)Nc2ccc(Oc3ccc(Oc4ccc(NC(=O)c5ccc(Oc6ccc([*])cc6C)cc5)cc4)cc3)cc2)cc1,200.0
[*]Oc1ccc(C(=O)Nc2ccc(Oc3ccc(S(=O)(=O)c4ccc(Oc5ccc(NC(=O)c6ccc(Oc7ccc([*])cc7C)cc6)cc5)cc4)cc3)cc2)cc1,217.0
[*]Oc1ccc(C(=O)O)c(C(=O)Nc2ccc(NC(=O)c3cc([*])ccc3C(=O)O)cc2)c1,166.3
[*]Oc1ccc(C(=O)OCCOCCOC(=O)c2ccc(OC([*])=O)cc2)cc1,51.0
[*]Oc1ccc(C(=O)c2ccc(-c3ccc(C(=O)c4ccc(Oc5ccc([*])cc5-c5ccc(S(=O)(=O)O)c(C)c5)cc4)cc3)cc2)cc1,182.0
[*]Oc1ccc(C(=O)c2ccc(-c3ccc(C(=O)c4ccc(Oc5ccc([*])cc5-c5cccc(C)c5)cc4)cc3)cc2)cc1,170.0
[*]Oc1ccc(C(=O)c2ccc(C(=O)c3ccc(Oc4ccc([*])cc4-c4ccc(S(=O)(=O)O)c(C)c4)cc3)cc2)cc1,167.0
[*]Oc1ccc(C(=O)c2ccc(C(=O)c3ccc(Oc4ccc([*])cc4-c4cccc(C)c4)cc3)cc2)cc1,159.0
[*]Oc1ccc(C(=O)c2ccc(Oc3c(C)cc(-c4cc(C)c([*])c(CBr)c4)cc3CBr)cc2)cc1,158.17000000000002
[*]Oc1ccc(C(=O)c2ccc(Oc3c(CBr)cc(-c4cc(C)c([*])c(CBr)c4)cc3CBr)cc2)cc1,163.67000000000002
[*]Oc1ccc(C(=O)c2ccc(Oc3cc(C(C)(C)C)c([*])cc3C(C)(C)C)cc2)cc1,206.0
[*]Oc1ccc(C(=O)c2ccc(Oc3cc(C)c(C(c4cc(C(C)C)c([*])cc4C)c4ccccc4C(=O)O)cc3C(C)C)cc2)cc1,228.0
[*]Oc1ccc(C(=O)c2ccc(Oc3ccc([*])cc3-c3cc(C)cc(C)c3)cc2)cc1,162.0
[*]Oc1ccc(C(=O)c2ccc(Oc3ccc([*])cc3C(C)(C)C)cc2)cc1,177.0
[*]Oc1ccc(C(=O)c2ccc(Oc3ccc([*])cc3C)cc2)cc1,151.0
[*]Oc1ccc(C(=O)c2ccc3nc(C(=O)c4ccc(Oc5c(C)cc(-c6cc(C)c([*])c(C)c6C)c(C)c5C)cc4)ccc3c2)cc1,250.0
[*]Oc1ccc(C(=O)c2cccc3cccc(C(=O)c4ccc(Oc5ccc([*])cc5C(C)(C)C)cc4)c23)cc1,230.0
[*]Oc1ccc(C(C)(C)c2ccc(OP3(Oc4ccc(C(=O)OC)cc4)=NP(Oc4ccc(C(=O)OC)cc4)(Oc4ccc(C(=O)OC)cc4)=NP([*])(Oc4ccc(C(=O)OC)cc4)=N3)cc2)cc1,73.0
[*]Oc1ccc(C(C)(C)c2ccc(OP3(Oc4ccc(C(=O)OCCC)cc4)=NP(Oc4ccc(C(=O)OCCC)cc4)(Oc4ccc(C(=O)OCCC)cc4)=NP([*])(Oc4ccc(C(=O)OCCC)cc4)=N3)cc2)cc1,26.0
[*]Oc1ccc(C(c2ccc(OC(=O)c3ccc(C(c4ccc(C([*])=O)cc4)(C(F)(F)F)C(F)(F)F)cc3)cc2)(C(F)(F)F)C(F)(F)F)cc1,135.0
[*]Oc1ccc(C(c2ccc(OC(=O)c3ccc(OCCCCCCCCCCOc4ccc(C([*])=O)cc4)cc3)cc2)(C(F)(F)F)C(F)(F)F)cc1,89.0
[*]Oc1ccc(C(c2ccc(OC(=O)c3ccc(Oc4ccc(C([*])=O)cc4)cc3)cc2)(C(F)(F)F)C(F)(F)F)cc1,181.0
[*]Oc1ccc(C(c2ccc(OC(=O)c3ccccc3-c3ccccc3C([*])=O)cc2)(C(F)(F)F)C(F)(F)F)cc1,162.0
[*]Oc1ccc(C(c2ccc(OC([*])=O)cc2)(C(F)(F)Cl)C(F)(F)Cl)cc1,183.5
[*]Oc1ccc(C(c2ccc(OC([*])=O)cc2)(C(F)(F)F)C(F)(F)F)cc1,176.0
[*]Oc1ccc(C(c2ccc(OC([*])=O)cc2)C(Cl)(Cl)Cl)cc1,230.0
[*]Oc1ccc(C(c2ccc(OC([*])=O)cc2)C(Cl)Cl)cc1,165.0
[*]Oc1ccc(C(c2ccc(OC([*])=O)cc2)C2C3CCC(C3)C2c2ccccc2)cc1,196.0
[*]Oc1ccc(C(c2ccc(OC([*])=O)cc2)C2CC3CC2C2C4CCC(C4)C32)cc1,253.0
[*]Oc1ccc(C(c2ccc(OC([*])=O)cc2)C2CCCCC2)cc1,190.0
[*]Oc1ccc(C(c2ccc(OC([*])=S)cc2)c2cccc3ccccc23)cc1,191.0
[*]Oc1ccc(C(c2ccc(OC3=C(Cl)C(=O)N(c4ccc(Cc5ccc(N6C(=O)C([*])=C(Cl)C6=O)cc5)cc4)C3=O)cc2)(C(F)(F)F)C(F)(F)F)cc1,189.0
[*]Oc1ccc(C(c2ccc(OC3=C(Cl)C(=O)N(c4ccc(Oc5ccc(N6C(=O)C([*])=C(Cl)C6=O)cc5)cc4)C3=O)cc2)(C(F)(F)F)C(F)(F)F)cc1,193.0
[*]Oc1ccc(C(c2ccc(OP3(Oc4ccc(C(=O)OC)cc4)=NP(Oc4ccc(C(=O)OC)cc4)(Oc4ccc(C(=O)OC)cc4)=NP([*])(Oc4ccc(C(=O)OC)cc4)=N3)cc2)(C(F)(F)F)C(F)(F)F)cc1,78.0
[*]Oc1ccc(C(c2ccc(OP3(Oc4ccc(C(=O)OCCC)cc4)=NP(Oc4ccc(C(=O)OCCC)cc4)(Oc4ccc(C(=O)OCCC)cc4)=NP([*])(Oc4ccc(C(=O)OCCC)cc4)=N3)cc2)(C(F)(F)F)C(F)(F)F)cc1,34.0
[*]Oc1ccc(C(c2ccc(Oc3c(F)c(F)c(COC(c4cccc(C(OCc5c(F)c(F)c([*])c(F)c5F)(C(F)(F)F)C(F)(F)F)c4)(C(F)(F)F)C(F)(F)F)c(F)c3F)cc2)(C(F)(F)F)C(F)(F)F)cc1,113.0
[*]Oc1ccc(C(c2ccc(Oc3ccc(C(=O)c4ccccc4)c(-c4cc([*])ccc4C(=O)c4ccccc4)c3)cc2)(C(F)(F)F)C(F)(F)F)cc1,164.0
[*]Oc1ccc(C(c2ccc(Oc3ccc(S(=O)(=O)c4ccc([*])cc4[Si](C)(C)C)c([Si](C)(C)C)c3)cc2)(C(F)(F)F)C(F)(F)F)cc1,172.0
[*]Oc1ccc(C(c2ccc(Oc3ccc4c(c3)C(=O)N(CCCCN3C(=O)c5ccc([*])cc5C3=O)C4=O)cc2)(C(F)(F)F)C(F)(F)F)cc1,180.0
[*]Oc1ccc(C(c2ccc(Oc3ccc4c(c3)C(=O)N(c3ccc(Oc5ccc(-c6ccc(Oc7ccc(N8C(=O)c9ccc([*])cc9C8=O)cc7)cc6)cc5)cc3)C4=O)cc2)(C(F)(F)F)C(F)(F)F)cc1,217.0
[*]Oc1ccc(C(c2ccc(Oc3cccc4c3C(=O)N(CCCCCCCCN3C(=O)c5cccc([*])c5C3=O)C4=O)cc2)(C(F)(F)F)C(F)(F)F)cc1,135.0
[*]Oc1ccc(C(c2ccc(Oc3cccc4c3C(=O)N(c3ccc(Oc5ccc(-c6ccc(Oc7ccc(N8C(=O)c9cccc([*])c9C8=O)cc7)cc6)cc5)cc3)C4=O)cc2)(C(F)(F)F)C(F)(F)F)cc1,234.0
[*]Oc1ccc(C(c2ccc(Oc3cccc4c3C(=O)N(c3ccc(Oc5ccc(N6C(=O)c7cccc([*])c7C6=O)cc5)cc3)C4=O)cc2)(C(F)(F)F)C(F)(F)F)cc1,226.0
[*]Oc1ccc(C(c2ccccc2)(c2ccccc2)c2ccc(OC(=O)c3ccc(C([*])=O)cc3)cc2)cc1,210.0
[*]Oc1ccc(C(c2ccccc2)(c2ccccc2)c2ccc(OC(=O)c3cccc(C([*])=O)c3)cc2)cc1,229.0
[*]Oc1ccc(C(c2ccccc2)(c2ccccc2)c2ccc(OC([*])=O)cc2)cc1,213.0
[*]Oc1ccc(C(c2ccccc2)(c2ccccc2)c2ccc(Oc3ccc4c(=O)n5c6cc(-c7ccc8c(c7)nc7c9ccc([*])c%10cccc(c(=O)n87)c%109)ccc6nc5c5cccc3c45)cc2)cc1,357.0
[*]Oc1ccc(C(c2ccccc2)c2ccc(OC([*])=O)cc2)cc1,170.0
[*]Oc1ccc(C(c2ccccc2)c2ccc(OC([*])=S)cc2)cc1,179.0
[*]Oc1ccc(C2(c3ccc(OC(=O)C45CC6CC(CC(C([*])=O)(C6)C4)C5)cc3)c3ccccc3-c3ccccc32)cc1,335.0
[*]Oc1ccc(C2(c3ccc(OC(=O)c4cc(Cl)cc(C([*])=O)c4)cc3)OC(=O)c3ccccc32)cc1,313.0
[*]Oc1ccc(C2(c3ccc(OC(=O)c4ccc(C([*])=O)cc4)cc3)CC3CC2C2CCCC32)cc1,322.0
[*]Oc1ccc(C2(c3ccc(OC(=O)c4ccc(C([*])=O)cc4)cc3)CCC3CCCCC3C2)cc1,275.0
[*]Oc1ccc(C2(c3ccc(OC(=O)c4ccc(C([*])=O)cc4)cc3)CCCCC2)cc1,275.0
[*]Oc1ccc(C2(c3ccc(OC(=O)c4ccc(C([*])=O)cc4)cc3)CCc3ccccc32)cc1,312.0
[*]Oc1ccc(C2(c3ccc(OC(=O)c4ccc(C([*])=O)cc4)cc3)OC(=O)c3ccccc32)cc1,279.0
[*]Oc1ccc(C2(c3ccc(OC(=O)c4ccc(C([*])=O)cc4)cc3)OCc3ccccc32)cc1,312.0
[*]Oc1ccc(C2(c3ccc(OC(=O)c4ccc(C([*])=O)cc4)cc3)c3ccccc3-c3ccccc32)cc1,285.0
[*]Oc1ccc(C2(c3ccc(OC(=O)c4ccc(C([*])=O)cc4)cc3)c3ccccc3C(=O)c3ccccc32)cc1,400.0
[*]Oc1ccc(C2(c3ccc(OC(=O)c4ccc(C([*])=O)cc4)cc3)c3ccccc3Cc3ccccc32)cc1,342.0
[*]Oc1ccc(C2(c3ccc(OC(=O)c4ccc(C([*])=O)cc4)cc3)c3ccccc3Oc3ccccc32)cc1,252.0
[*]Oc1ccc(C2(c3ccc(OC(=O)c4ccc([Si](c5ccccc5)(c5ccccc5)c5ccc(C([*])=O)cc5)cc4)cc3)OC(=O)c3ccccc32)cc1,250.0
[*]Oc1ccc(C2(c3ccc(OC(=O)c4cccc(C([*])=O)c4)cc3)C(=O)Nc3c(Cl)cc(Cl)cc32)cc1,270.0
[*]Oc1ccc(C2(c3ccc(OC(=O)c4cccc(C([*])=O)c4)cc3)C(=O)Nc3ccccc32)cc1,256.0
[*]Oc1ccc(C2(c3ccc(OC(=O)c4cccc(C([*])=O)c4)cc3)CCC3CCCCC3C2)cc1,248.0
[*]Oc1ccc(C2(c3ccc(OC(=O)c4cccc(C([*])=O)c4)cc3)CCCCC2)cc1,127.0
[*]Oc1ccc(C2(c3ccc(OC(=O)c4cccc(C([*])=O)c4)cc3)OC(=O)c3ccccc32)cc1,282.5
[*]Oc1ccc(C2(c3ccc(OC(=O)c4cccc(C([*])=O)c4)cc3)c3ccccc3-c3ccccc32)cc1,269.5
[*]Oc1ccc(C2(c3ccc(OC([*])=O)c(Cl)c3)CC3CCC2C3)cc1Cl,200.0
[*]Oc1ccc(C2(c3ccc(OC([*])=O)c(Cl)c3)CCCCC2)cc1Cl,179.0
[*]Oc1ccc(C2(c3ccc(OC([*])=O)cc3)CC3CC2C2C4CCC(C4)C32)cc1,267.5
[*]Oc1ccc(C2(c3ccc(OC([*])=O)cc3)CC3CC2C2CCCC32)cc1,251.5
[*]Oc1ccc(C2(c3ccc(OC([*])=O)cc3)CC3CCC2C3)cc1,235.0
[*]Oc1ccc(C2(c3ccc(OC([*])=O)cc3)CCCC2)cc1,166.0
[*]Oc1ccc(C2(c3ccc(OC([*])=O)cc3)CCCCC2)cc1,175.0
[*]Oc1ccc(C2(c3ccc(OC([*])=O)cc3)CCCCCC2)cc1,155.0
[*]Oc1ccc(C2(c3ccc(OC([*])=O)cc3)CCc3ccccc32)cc1,219.0
[*]Oc1ccc(C2(c3ccc(OC([*])=O)cc3)OC(=O)c3ccccc32)cc1,252.20000000000005
[*]Oc1ccc(C2(c3ccc(OC([*])=O)cc3)c3ccccc3-c3ccccc32)cc1,355.0
[*]Oc1ccc(C2(c3ccc(OC([*])=S)cc3)CCCC2)cc1,79.0
[*]Oc1ccc(C2(c3ccc(OC([*])=S)cc3)CCCCC2)cc1,155.0
[*]Oc1ccc(C2(c3ccc(OC4(F)C([*])(F)C(F)(F)C4(F)F)cc3)c3ccccc3-c3ccccc32)cc1,228.0
[*]Oc1ccc(C2(c3ccc(OS(=O)(=O)c4cccc(S([*])(=O)=O)c4)cc3)CCCCC2)cc1,127.0
[*]Oc1ccc(C2(c3ccc(O[Si]([*])(c4ccccc4)c4ccccc4)cc3)c3ccccc3-c3ccccc32)cc1,166.0
[*]Oc1ccc(C2(c3ccc(Oc4ccc(C(=O)c5ccccc5)c(-c5cc([*])ccc5C(=O)c5ccccc5)c4)cc3)c3ccccc3-c3ccccc32)cc1,215.0
[*]Oc1ccc(C2(c3ccc(Oc4ccc5c(c4)C(=O)N(c4ccc(Cc6ccc(N7C(=O)c8ccc([*])cc8C7=O)cc6)cc4)C5=O)cc3)CCC(c3ccccc3)CC2)cc1,232.0
[*]Oc1ccc(C2(c3ccc(Oc4ccc5c(c4)C(=O)N(c4ccc(Cc6ccc(N7C(=O)c8ccc([*])cc8C7=O)cc6)cc4)C5=O)cc3)CCCCCCCCCCC2)cc1,240.0
[*]Oc1ccc(C2(c3ccc(Oc4ccc5c(c4)C(=O)N(c4ccc(Oc6ccc(C7(c8ccc(Oc9ccc(N%10C(=O)c%11ccc([*])cc%11C%10=O)cc9)cc8)C8CC9CC(C8)CC7C9)cc6)cc4)C5=O)cc3)CCCCCCCCCCC2)cc1,262.0
[*]Oc1ccc(C2(c3ccc(Oc4ccc5c(c4)C(=O)N(c4ccc(Oc6ccc(C7(c8ccc(Oc9ccc(N%10C(=O)c%11ccc([*])cc%11C%10=O)cc9)cc8)CC8CC7C7CCCC87)cc6)cc4)C5=O)cc3)CCC(c3ccccc3)CC2)cc1,255.0
[*]Oc1ccc(C2(c3ccc(Oc4ccc5c(c4)C(=O)N(c4ccc(Oc6ccc(C7(c8ccc(Oc9ccc(N%10C(=O)c%11ccc([*])cc%11C%10=O)cc9)cc8)CC8CCC7C8)cc6)cc4)C5=O)cc3)CCC(c3ccccc3)CC2)cc1,245.0
[*]Oc1ccc(C2(c3ccc(Oc4ccc5c(c4)C(=O)N(c4ccc(Oc6ccc(C7(c8ccc(Oc9ccc(N%10C(=O)c%11ccc([*])cc%11C%10=O)cc9)cc8)CC8CCC7C8)cc6)cc4)C5=O)cc3)CCCCCCCCCCC2)cc1,259.0
[*]Oc1ccc(C2(c3ccc(Oc4ccc5c(c4)C(=O)N(c4ccc(Oc6ccc(N7C(=O)c8ccc([*])cc8C7=O)cc6)cc4)C5=O)cc3)CCC(c3ccccc3)CC2)cc1,236.0
[*]Oc1ccc(C2(c3ccc(Oc4ccc5c(c4)C(=O)N(c4ccc(Oc6ccc(N7C(=O)c8ccc([*])cc8C7=O)cc6)cc4)C5=O)cc3)CCCCCCCCCCC2)cc1,230.0
[*]Oc1ccc(C2(c3ccc(Oc4ccc5c6c4cccc6c(=O)n4c6ccc(-c7ccc8nc9c%10cccc%11c([*])ccc(c(=O)n9c8c7)c%11%10)cc6nc54)cc3)c3ccccc3-c3ccccc32)cc1,421.0
[*]Oc1ccc(C2(c3ccc(Oc4ccc5c6c4cccc6c(=O)n4c6ccc(Oc7ccc8nc9c%10cccc%11c([*])ccc(c(=O)n9c8c7)c%11%10)cc6nc54)cc3)c3ccccc3-c3ccccc32)cc1,396.0
[*]Oc1ccc(C2(c3ccc(Oc4nc([*])nc(OC)n4)cc3)CCCCC2)cc1,200.0
[*]Oc1ccc(C2=C(Cl)C(=O)N(c3ccc(Cc4ccc(N5C(=O)C([*])=C(Cl)C5=O)cc4)cc3)C2=O)cc1,192.0
[*]Oc1ccc(C=Cc2ccc(Oc3ccc(-c4nnc(-c5ccc([*])c6ccccc56)o4)c4ccccc34)c3ccccc23)cc1,241.0
[*]Oc1ccc(C=Cc2ccc(Oc3ccc(-c4nnc(-c5ccc([*])c6ccccc56)o4)c4ccccc34)cc2)cc1,238.0
[*]Oc1ccc(C=Cc2ccc3cccc(OC(=O)c4ccc(C([*])=O)cc4)c3n2)cc1,112.0
[*]Oc1ccc(Cc2ccc(Cc3ccc(OC([*])=O)cc3)cc2)cc1,79.5
[*]Oc1ccc(Cc2ccc(OC(=O)c3cccc(C([*])=O)c3)cc2)cc1,150.0
[*]Oc1ccc(Cc2ccc(OC([*])=O)cc2)cc1,133.5
[*]Oc1ccc(Cc2ccc(OC([*])=S)cc2)cc1,95.0
[*]Oc1ccc(Cc2ccc(Oc3c(F)c(F)c(COC(c4cccc(C(OCc5c(F)c(F)c([*])c(F)c5F)(C(F)(F)F)C(F)(F)F)c4)(C(F)(F)F)C(F)(F)F)c(F)c3F)cc2)cc1,94.0
[*]Oc1ccc(N2C(=O)c3ccc(-c4ccc5c(c4)C(=O)N(c4ccc(Oc6cc(C(C)(C)C)c([*])cc6C(C)(C)C)cc4)C5=O)cc3C2=O)cc1,293.0
[*]Oc1ccc(N2C(=O)c3ccc(-c4ccc5c(c4)C(=O)N(c4ccc(Oc6cc(C(C)(C)C)ccc6[*])cc4)C5=O)cc3C2=O)cc1,257.0
[*]Oc1ccc(N2C(=O)c3ccc(-c4ccc5c(c4)C(=O)N(c4ccc(Oc6ccc([*])cc6C(C)(C)C)cc4)C5=O)cc3C2=O)cc1,274.0
[*]Oc1ccc(N2C(=O)c3ccc(-c4ccc5c(c4)C(=O)N(c4ccc(Oc6ccc([*])cc6C)cc4)C5=O)cc3C2=O)cc1,265.0
[*]Oc1ccc(N2C(=O)c3ccc(-c4ccc5c(c4)C(=O)N(c4ccc(Oc6cccc([*])c6C#N)cc4)C5=O)cc3C2=O)cc1,271.0
[*]Oc1ccc(N2C(=O)c3ccc(C(=O)Nc4ccc(Oc5ccc(C6(c7ccc(Oc8ccc(NC(=O)c9ccc%10c(c9)C(=O)N(c9ccc(Oc%11ccc([*])c(C)c%11)cc9)C%10=O)cc8)cc7)NC(=O)c7ccccc76)cc5)cc4)cc3C2=O)cc1,293.0
[*]Oc1ccc(N2C(=O)c3ccc(C(=O)Nc4ccc(Oc5cccc(Oc6ccc(NC(=O)c7ccc8c(c7)C(=O)N(c7ccc(Oc9cccc([*])c9C#N)cc7)C8=O)cc6)c5)cc4)cc3C2=O)cc1,217.0
[*]Oc1ccc(N2C(=O)c3ccc(C(=O)Nc4cccc(Oc5cccc(Oc6cccc(Oc7cccc(Oc8cccc(NC(=O)c9ccc%10c(c9)C(=O)N(c9ccc(Oc%11cccc([*])c%11C#N)cc9)C%10=O)c8)c7C#N)c6)c5C#N)c4)cc3C2=O)cc1,199.0
[*]Oc1ccc(N2C(=O)c3ccc(C(=O)c4ccc5c(c4)C(=O)N(c4ccc(Oc6cc(C(C)(C)C)c([*])cc6C(C)(C)C)cc4)C5=O)cc3C2=O)cc1,288.0
[*]Oc1ccc(N2C(=O)c3ccc(C(=O)c4ccc5c(c4)C(=O)N(c4ccc(Oc6cccc([*])c6C#N)cc4)C5=O)cc3C2=O)cc1,245.0
[*]Oc1ccc(N2C(=O)c3ccc(C(c4ccc5c(c4)C(=O)N(c4ccc(Oc6cc(C(C)(C)C)c([*])cc6C(C)(C)C)cc4)C5=O)(C(F)(F)F)C(F)(F)F)cc3C2=O)cc1,277.0
[*]Oc1ccc(N2C(=O)c3ccc(C(c4ccc5c(c4)C(=O)N(c4ccc(Oc6cccc([*])c6C#N)cc4)C5=O)(C(F)(F)F)C(F)(F)F)cc3C2=O)cc1,280.0
[*]Oc1ccc(N2C(=O)c3ccc(C(c4ccc5c(c4)C(=O)N(c4ccc([*])c(OCCN(CC)c6ccc(/N=N/c7ccc([N+](=O)[O-])cc7)cc6)c4)C5=O)(C(F)(F)F)C(F)(F)F)cc3C2=O)cc1,202.0
[*]Oc1ccc(N2C(=O)c3ccc(Oc4c(C)cc(C(C)(C)c5cc(C)c(Oc6ccc7c(c6)C(=O)N(c6ccc(Oc8ccc(-c9ccc([*])cc9C)c(C)c8)cc6)C7=O)c(C)c5)cc4C)cc3C2=O)cc1,257.0
[*]Oc1ccc(N2C(=O)c3ccc(Oc4ccc(C(c5ccccc5)(c5ccccc5)c5ccc(Oc6ccc7c(c6)C(=O)N(c6ccc(Oc8ccc([*])c(C(C)(C)C)c8)cc6)C7=O)cc5)cc4)cc3C2=O)cc1,229.0
[*]Oc1ccc(N2C(=O)c3ccc(Oc4ccc(C5(c6ccc(Oc7ccc8c(c7)C(=O)N(c7ccc(Oc9ccc(-c%10ccc([*])cc%10C)c(C)c9)cc7)C8=O)cc6)CCC(C(C)(C)C)CC5)cc4)cc3C2=O)cc1,236.0
[*]Oc1ccc(N2C(=O)c3ccc(Oc4ccc(C5(c6ccc(Oc7ccc8c(c7)C(=O)N(c7ccc(Oc9ccc(-c%10ccc([*])cc%10C)c(C)c9)cc7)C8=O)cc6)CCC(c6ccccc6)CC5)cc4)cc3C2=O)cc1,226.0
[*]Oc1ccc(N2C(=O)c3ccc(Oc4ccc(C5(c6ccc(Oc7ccc8c(c7)C(=O)N(c7ccc(Oc9ccc(-c%10ccc([*])cc%10C)c(C)c9)cc7)C8=O)cc6)CCCCCCCCCCC5)cc4)cc3C2=O)cc1,257.0
[*]Oc1ccc(N2C(=O)c3ccc(Oc4ccc(C5(c6ccc(Oc7ccc8c(c7)C(=O)N(c7ccc(Oc9ccc([*])c(C(C)(C)C)c9)cc7)C8=O)cc6)CCC(c6ccccc6)CC5)cc4)cc3C2=O)cc1,236.0
[*]Oc1ccc(N2C(=O)c3ccc(Oc4ccc(C5(c6ccc(Oc7ccc8c(c7)C(=O)N(c7ccc(Oc9ccc([*])cc9C(C)(C)C)cc7)C8=O)cc6)CCC(C(C)(C)C)CC5)cc4)cc3C2=O)cc1,233.0
[*]Oc1ccc(N2C(=O)c3ccc(Oc4ccc(C5(c6ccc(Oc7ccc8c(c7)C(=O)N(c7ccc(Oc9ccc([*])cc9C(C)(C)C)cc7)C8=O)cc6)CCCCCCCCCCC5)cc4)cc3C2=O)cc1,262.0
[*]Oc1ccc(N2C(=O)c3ccc(Oc4ccc5c(c4)C(=O)N(c4ccc(Oc6cc(C(C)(C)C)c([*])cc6C(C)(C)C)cc4)C5=O)cc3C2=O)cc1,242.0
[*]Oc1ccc(N2C(=O)c3ccc(Oc4ccc5c(c4)C(=O)N(c4ccc(Oc6cc(C)c([*])c(C)c6C)cc4)C5=O)cc3C2=O)cc1,261.0
[*]Oc1ccc(N2C(=O)c3ccc(Oc4ccc5c(c4)C(=O)N(c4ccc(Oc6ccc([*])cc6C(C)(C)C)cc4)C5=O)cc3C2=O)cc1,240.0
[*]Oc1ccc(N2C(=O)c3ccc(S(=O)(=O)c4ccc5c(c4)C(=O)N(c4ccc(Oc6cc(C(C)(C)C)c([*])cc6C(C)(C)C)cc4)C5=O)cc3C2=O)cc1,263.0
[*]Oc1ccc(N2C(=O)c3ccc([*])cc3C2=O)cc1,266.0
[*]Oc1ccc(NC(=O)c2ccc(C(=O)Nc3c(C)c(C)c([*])c(C)c3C)cc2)cc1,333.0
[*]Oc1ccc(NC(=O)c2ccc(C(=O)Nc3ccc(Oc4c(C)c(C)c([*])c(C)c4C)cc3)cc2)cc1,310.0
[*]Oc1ccc(NC(=O)c2ccc(Oc3ccc(Oc4ccc(C(=O)Nc5ccc(Oc6ccc([*])cc6C)cc5)cc4)cc3C)cc2)cc1,218.5
[*]Oc1ccc(NC(=O)c2ccc3c(c2)C(=O)N(c2ccc(Oc4ccc(C5(c6ccc(Oc7ccc(N8C(=O)c9ccc(C(=O)Nc%10ccc(Oc%11cc(C(C)(C)C)c([*])cc%11C(C)(C)C)cc%10)cc9C8=O)cc7)cc6)CC6CC5C5CCCC65)cc4)cc2)C3=O)cc1,290.0
[*]Oc1ccc(NC(=O)c2ccc3c(c2)C(=O)N(c2ccc(Oc4ccc(C5(c6ccc(Oc7ccc(N8C(=O)c9ccc(C(=O)Nc%10ccc(Oc%11ccc(-c%12ccc([*])cc%12C)c(C)c%11)cc%10)cc9C8=O)cc7)cc6)CC6CC5C5CCCC65)cc4)cc2)C3=O)cc1,265.0
[*]Oc1ccc(NC(=O)c2ccc3c(c2)C(=O)N(c2ccc(Oc4ccc(C5(c6ccc(Oc7ccc(N8C(=O)c9ccc(C(=O)Nc%10ccc(Oc%11ccc([*])c(C(C)(C)C)c%11)cc%10)cc9C8=O)cc7)cc6)CC6CC5C5CCCC65)cc4)cc2)C3=O)cc1,275.0
[*]Oc1ccc(NC(=O)c2ccc3c(c2)C(=O)N(c2ccc(Oc4cccc(Oc5ccc(N6C(=O)c7ccc(C(=O)Nc8ccc(Oc9cccc([*])c9C#N)cc8)cc7C6=O)cc5)c4C#N)cc2)C3=O)cc1,220.0
[*]Oc1ccc(NC(=O)c2cccc(C(=O)Nc3ccc(Oc4ccc([*])cc4C(C)(C)C)cc3)c2)cc1,208.0
[*]Oc1ccc(N[Se]Nc2ccc([*])cc2)cc1,55.0
[*]Oc1ccc(OC(=O)c2cc(OCCCCCCCCCCC(F)(F)C(F)(F)C(F)(F)C(F)(F)C(F)(F)C(F)(F)C(F)(F)C(F)(F)C(F)(F)C(F)(F)F)cc(C([*])=O)c2)cc1,137.0
[*]Oc1ccc(OC(=O)c2cc(OCCCCCCCCCCOCC3CCCN3c3ccc([N+](=O)[O-])cc3)c(C([*])=O)cc2OCCCCCCCCCCOCC2CCCN2c2ccc([N+](=O)[O-])cc2)cc1,30.0
[*]Oc1ccc(OC(=O)c2cc(OCCCCCCCCCOCC3CCCN3c3ccc([N+](=O)[O-])cc3)c(C([*])=O)cc2OCCCCCCCCCOCC2CCCN2c2ccc([N+](=O)[O-])cc2)cc1,34.0
[*]Oc1ccc(OC(=O)c2cc(OCCCCCCCCOCC3CCCN3c3ccc([N+](=O)[O-])cc3)c(C([*])=O)cc2OCCCCCCCCOCC2CCCN2c2ccc([N+](=O)[O-])cc2)cc1,41.0
[*]Oc1ccc(OC(=O)c2cc(OCCCCCCCOCC3CCCN3c3ccc([N+](=O)[O-])cc3)c(C([*])=O)cc2OCCCCCCCOCC2CCCN2c2ccc([N+](=O)[O-])cc2)cc1,50.0
[*]Oc1ccc(OC(=O)c2cc(OCCCCCCOCC3CCCN3c3ccc([N+](=O)[O-])cc3)c(C([*])=O)cc2OCCCCCCOCC2CCCN2c2ccc([N+](=O)[O-])cc2)cc1,56.0
[*]Oc1ccc(OC(=O)c2cc(OCCCCCOCC3CCCN3c3ccc([N+](=O)[O-])cc3)c(C([*])=O)cc2OCCCCCOCC2CCCN2c2ccc([N+](=O)[O-])cc2)cc1,63.0
[*]Oc1ccc(OC(=O)c2cc(OCCCCOCC3CCCN3c3ccc([N+](=O)[O-])cc3)c(C([*])=O)cc2OCCCCOCC2CCCN2c2ccc([N+](=O)[O-])cc2)cc1,68.0
[*]Oc1ccc(OC(=O)c2ccc(-c3ccc(C([*])=O)cc3)cc2-c2ccccc2)c2ccccc12,165.0
[*]Oc1ccc(OC(=O)c2ccc(-c3ccc(C([*])=O)cc3)cc2-c2ccccc2)cc1,140.0
[*]Oc1ccc(OC(=O)c2ccc(-c3ccc(C([*])=O)cc3)cc2-c2ccccc2)cc1-c1ccccc1,148.0
[*]Oc1ccc(OC(=O)c2ccc(-c3ccc(OCCCCCCCCCC[Si](C)(C)O[Si](C)(C)CCCCCCOC(=O)C([*])C)cc3)cc2)cc1,35.0
[*]Oc1ccc(OC(=O)c2ccc(-c3ccc(OCCCCCCCCCC[Si](C)(C)O[Si](C)(C)CCCCCCOC(=O)C([*])C)cc3)cc2)cc1[N+](=O)[O-],20.0
[*]Oc1ccc(OC(=O)c2ccc(C([*])=O)cc2)c(-c2cccc(C(F)(F)F)c2)c1,155.8
[*]Oc1ccc(OC(=O)c2ccc(C([*])=O)cc2)c(C(F)(F)F)c1,159.3
[*]Oc1ccc(OC(=O)c2ccc(C([*])=O)cc2)c(C2CC3CCC2C3)c1,267.0
[*]Oc1ccc(OC(=O)c2ccc(C([*])=O)cc2)c(C2CCCCC2)c1,206.0
[*]Oc1ccc(OC(=O)c2ccc(C([*])=O)cc2)c(C2CCCCCCC2)c1,213.0
[*]Oc1ccc(OC(=O)c2ccc(C([*])=O)cc2)cc1,267.0
[*]Oc1ccc(OC(=O)c2ccc(C([*])=O)cc2Oc2ccc(-c3ccccc3)cc2)cc1,117.0
[*]Oc1ccc(OC(=O)c2ccc(C([*])=O)cc2Oc2ccc(Br)cc2)cc1,108.0
[*]Oc1ccc(OC(=O)c2ccc(C([*])=O)cc2Oc2ccc(C3CCCCC3)cc2)cc1,113.0
[*]Oc1ccc(OC(=O)c2ccc(C([*])=O)cc2Oc2ccc(Cl)cc2)cc1,107.0
[*]Oc1ccc(OC(=O)c2ccc(C([*])=O)cc2Oc2ccc(F)cc2)cc1,106.0
[*]Oc1ccc(OC(=O)c2ccc(C([*])=O)cc2Oc2ccc(Oc3ccccc3)cc2)cc1,83.0
[*]Oc1ccc(OC(=O)c2ccc(C([*])=O)cc2Oc2ccc3ccccc3c2)cc1,102.0
[*]Oc1ccc(OC(=O)c2ccc(C([*])=O)cc2Oc2ccccc2)cc1,105.0
[*]Oc1ccc(OC(=O)c2ccc(C([*])=O)cc2Sc2ccc(Cl)cc2)cc1,140.0
[*]Oc1ccc(OC(=O)c2ccc(C([*])=O)cc2Sc2ccc3ccccc3c2)cc1,148.0
[*]Oc1ccc(OC(=O)c2ccc(C([*])=O)cc2Sc2ccccc2)cc1,181.0
[*]Oc1ccc(OC(=O)c2ccc(C([*])=O)cc2Sc2ccccc2)cc1-c1ccccc1,130.0
[*]Oc1ccc(OC(=O)c2ccc(N3C(=O)CC(SCCOCCSC4CC(=O)N(c5ccc(C([*])=O)cc5)C4=O)C3=O)cc2)cc1,166.0
[*]Oc1ccc(OC(=O)c2ccc(OC(=O)OC3COC4C(OC([*])=O)COC34)cc2)cc1,115.0
[*]Oc1ccc(OC(=O)c2ccc(OC(=O)c3ccc(C(=O)Oc4ccc(C([*])=O)cc4)cc3)cc2)cc1,283.0
[*]Oc1ccc(OC(=O)c2ccc(OC([*])=O)cc2)cc1,74.0
[*]Oc1ccc(OC(=O)c2ccc(OCCCCCCCCCCCCOc3ccc(C([*])=O)cc3)cc2)c(/C=C/c2ccncc2)c1,94.30000000000001
[*]Oc1ccc(OC(=O)c2ccc(OCCCCCCCCCCCCOc3ccc(C([*])=O)cc3)cc2)c(S(=O)(=O)c2ccccc2)c1,82.70000000000005
[*]Oc1ccc(OC(=O)c2ccc(OCCCCCCCCCCOc3ccc(C([*])=O)cc3)cc2)c(S(=O)(=O)c2ccccc2)c1,88.0
[*]Oc1ccc(OC(=O)c2ccc(OCCCCCCOc3ccc(C([*])=O)cc3)cc2)c(S(=O)(=O)c2ccccc2)c1,105.5
[*]Oc1ccc(OC(=O)c2ccc(Oc3ccc(C([*])=O)cc3)cc2)c2ccccc12,166.0
[*]Oc1ccc(OC(=O)c2ccc3c(c2)C(=O)N(C2CCC(N4C(=O)c5ccc(C([*])=O)cc5C4=O)CC2)C3=O)cc1,360.0
[*]Oc1ccc(OC(=O)c2ccc3c(c2)C(=O)N(CCCOCCCCOCCCN2C(=O)c4ccc(C([*])=O)cc4C2=O)C3=O)c(-c2ccccc2)c1,71.0
[*]Oc1ccc(OC(=O)c2ccc3c(c2)C(=O)N(CCCOCCCCOCCCN2C(=O)c4ccc(C([*])=O)cc4C2=O)C3=O)cc1,56.0
[*]Oc1ccc(OC(=O)c2ccc3c(c2)C(=O)N(CCOCCOCCN2C(=O)c4ccc(C([*])=O)cc4C2=O)C3=O)c(-c2ccccc2)c1,105.0
[*]Oc1ccc(OC(=O)c2ccc3c(c2)C(=O)N(CCOCCOCCN2C(=O)c4ccc(C([*])=O)cc4C2=O)C3=O)cc1,105.0
[*]Oc1ccc(OC(=O)c2ccc3c(c2)C(=O)N(c2ccc(Oc4ccc(N5C(=O)c6ccc(C([*])=O)cc6C5=O)cc4)cc2)C3=O)c(-c2ccccc2)c1,212.0
[*]Oc1ccc(OC(=O)c2ccc3c(c2)C(=O)N(c2ccc(Oc4ccc(N5C(=O)c6ccc(C([*])=O)cc6C5=O)cc4)cc2)C3=O)cc1,270.0
[*]Oc1ccc(OC(=O)c2ccc3c(c2)C(=O)N(c2ccc(Oc4ccc(Oc5ccc(N6C(=O)c7ccc(C([*])=O)cc7C6=O)cc5)cc4)cc2)C3=O)cc1,230.0
[*]Oc1ccc(OC(=O)c2cccc(C([*])=O)c2)cc1,186.0
[*]Oc1ccc(OC(=O)c2cccc(Oc3ccc(Oc4ccc(Oc5cccc(C([*])=O)c5)cc4)cc3)c2)cc1,101.0
[*]Oc1ccc(OC(=O)c2cccc(Oc3ccc(Oc4cccc(C([*])=O)c4)cc3)c2)cc1,119.0
[*]Oc1ccc(OC(=O)c2cccc(Oc3cccc(C([*])=O)c3)c2)cc1,119.0
[*]Oc1ccc(OC2(F)C([*])(F)C(F)(F)C2(F)F)cc1,41.0
[*]Oc1ccc(OCCCCCCCCCCCCOc2ccc(OC(=O)c3ccc4c(c3)C(=O)N(c3ccc(Cc5ccc(N6C(=O)c7ccc(C([*])=O)cc7C6=O)cc5)cc3)C4=O)cc2)cc1,125.0
[*]Oc1ccc(OCCCCCCCCCCCCOc2ccc(OC(=O)c3ccc4c(c3)C(=O)N(c3ccc(S(=O)(=O)c5ccc(N6C(=O)c7ccc(C([*])=O)cc7C6=O)cc5)cc3)C4=O)cc2)cc1,140.0
[*]Oc1ccc(OCCCCCCCCCCOc2ccc(OC(=O)c3ccc(OCCOCCOCCOc4ccc(C([*])=O)cc4)cc3)cc2)cc1,64.0
[*]Oc1ccc(OCCCCCCOc2ccc(OC(=O)c3ccc(C([*])=O)cc3)cc2)cc1,53.0
[*]Oc1ccc(OCCCCCOc2ccc(OC(=O)c3ccc(C([*])=O)cc3)cc2)cc1,112.0
[*]Oc1ccc(OP([*])(=O)OC2CCCCC2)cc1,108.0
[*]Oc1ccc(OP([*])(=O)Oc2ccccc2)cc1,97.0
[*]Oc1ccc(O[Si]([*])(C)C)cc1,90.0
[*]Oc1ccc(O[Si]([*])(C)c2ccccc2)cc1,95.0
[*]Oc1ccc(Oc2cc(C(=O)c3ccccc3)c([*])cc2C(=O)c2ccccc2)cc1,137.0
[*]Oc1ccc(Oc2ccc(-c3ccc(Oc4ccc(Oc5cc([*])ccc5CCCCCC)cc4)c4ccccc34)c3ccccc23)cc1,150.0
[*]Oc1ccc(Oc2ccc(-c3ccc(Oc4ccc(Oc5cccc([*])c5C)cc4)c4ccccc34)c3ccccc23)cc1,156.0
[*]Oc1ccc(Oc2ccc(-c3ccc([*])c4ccccc34)c3ccccc23)cc1,226.0
[*]Oc1ccc(Oc2ccc(/C=N/CC/N=C/c3ccc([*])cc3)cc2)cc1,101.0
[*]Oc1ccc(Oc2ccc(/C=N/CCCC/N=C/c3ccc([*])cc3)cc2)cc1,105.0
[*]Oc1ccc(Oc2ccc(/C=N/CCCCCC/N=C/c3ccc([*])cc3)cc2)cc1,111.0
[*]Oc1ccc(Oc2ccc(/C=N/CCCCCCCCCC/N=C/c3ccc([*])cc3)cc2)cc1,108.0
[*]Oc1ccc(Oc2ccc(/C=N/CCCCCCCCCCCC/N=C/c3ccc([*])cc3)cc2)cc1,118.0
[*]Oc1ccc(Oc2ccc(/C=N/c3ccc(/N=C/c4ccc([*])cc4)cc3)cc2)cc1,117.0
[*]Oc1ccc(Oc2ccc(C(=O)c3ccccc3)c(-c3cc([*])ccc3C(=O)c3ccccc3)c2)cc1,156.0
[*]Oc1ccc(Oc2ccc(C=Nc3ccc(Oc4ccc(N=Cc5ccc([*])cc5)cc4)cc3)cc2)cc1,120.0
[*]Oc1ccc(Oc2ccc(N3C(=O)c4cccc(Oc5c(C)cc(Cc6cc(C)c(Oc7cccc8c7C(=O)N(c7ccc([*])cc7C)C8=O)c(C)c6)cc5C)c4C3=O)c(C)c2)cc1,238.0
[*]Oc1ccc(Oc2ccc(N3C(=O)c4cccc(Oc5ccc(C(C)(C)c6ccc(Oc7cccc8c7C(=O)N(c7ccc([*])cc7C)C8=O)cc6)cc5)c4C3=O)c(C)c2)cc1,222.0
[*]Oc1ccc(Oc2ccc(OC(=O)c3ccc(C(c4ccc(C([*])=O)cc4)(C(F)(F)F)C(F)(F)F)cc3)cc2)cc1,215.0
[*]Oc1ccc(Oc2ccc(OC(=O)c3cccc(C([*])=O)c3)cc2)cc1,164.5
[*]Oc1ccc(Oc2ccc(OC(=O)c3cccc(Oc4ccc(Oc5cccc(C([*])=O)c5)cc4)c3)cc2)cc1,104.0
[*]Oc1ccc(Oc2ccc(OC(=O)c3ccccc3-c3ccccc3C([*])=O)cc2)cc1,147.0
[*]Oc1ccc(Oc2ccc(OC([*])=O)cc2)cc1,118.0
[*]Oc1ccc(Oc2ccc(Oc3ccc(Oc4ccc(-c5ccc([*])c6ccccc56)c5ccccc45)cc3)cc2)cc1,147.0
[*]Oc1ccc(Oc2ccc(Oc3ccc(Oc4ccc(OC(=O)c5cccc(C([*])=O)c5)cc4)cc3)cc2)cc1,134.0
[*]Oc1ccc(Oc2ccc(Oc3ccc4c(c3)C(=O)N(c3ccc(Oc5ccc(-c6ccc(Oc7ccc(N8C(=O)c9ccc([*])cc9C8=O)cc7)cc6)cc5)cc3)C4=O)cc2)cc1,211.0
[*]Oc1ccc(Oc2ccc(Oc3ccc4c(c3)C(=O)N(c3ccc(Oc5ccc(N6C(=O)c7ccc([*])cc7C6=O)cc5)cc3)C4=O)cc2)cc1,215.0
[*]Oc1ccc(Oc2ccc(Oc3ccc4c(c3)C(=O)N(c3ccc(Oc5ccc(Oc6ccc(N7C(=O)c8ccc([*])cc8C7=O)cc6)cc5)cc3)C4=O)cc2)cc1,203.0
[*]Oc1ccc(Oc2ccc(Oc3ccc4c(c3)C(=O)N(c3ccc(Oc5ccc(Sc6ccc(Oc7ccc(N8C(=O)c9ccc([*])cc9C8=O)cc7)cc6)cc5)cc3)C4=O)cc2)cc1,194.0
[*]Oc1ccc(Oc2ccc(Oc3ccc4c(c3)C(=O)N(c3ccc(Oc5cccc(Oc6ccc(N7C(=O)c8ccc([*])cc8C7=O)cc6)c5)cc3)C4=O)cc2)cc1,184.0
[*]Oc1ccc(Oc2ccc(Oc3ccc4c(c3)C(=O)N(c3cccc(N5C(=O)c6ccc([*])cc6C5=O)c3)C4=O)cc2)cc1,227.0
[*]Oc1ccc(Oc2ccc(Oc3cccc4c3C(=O)N(CCCCCCCCN3C(=O)c5cccc([*])c5C3=O)C4=O)cc2)cc1,128.0
[*]Oc1ccc(Oc2ccc(Oc3cccc4c3C(=O)N(c3ccc(Oc5ccc(N6C(=O)c7cccc([*])c7C6=O)cc5)cc3)C4=O)cc2)cc1,239.0
[*]Oc1ccc(Oc2ccc(Oc3cccc4c3C(=O)N(c3cccc(N5C(=O)c6cccc([*])c6C5=O)c3)C4=O)cc2)cc1,238.0
[*]Oc1ccc(Oc2ccc(P(=O)(c3ccccc3)c3ccc(Oc4ccc(Oc5ccc6c(c5)C(=O)N(c5ccc(N7C(=O)c8ccc([*])cc8C7=O)cc5)C6=O)cc4)cc3)cc2)cc1,220.0
[*]Oc1ccc(Oc2ccc3c(c2)C(=O)N(c2ccc(-c4ccc(N5C(=O)c6ccc([*])cc6C5=O)cc4)cc2)C3=O)cc1,266.0
[*]Oc1ccc(Oc2ccc3c(c2)C(=O)N(c2ccc(Cc4ccc(N5C(=O)c6ccc([*])cc6C5=O)cc4)cc2)C3=O)cc1,259.0
[*]Oc1ccc(Oc2ccc3c(c2)C(=O)N(c2ccc(Oc4ccc(-c5ccc(Oc6ccc(N7C(=O)c8ccc([*])cc8C7=O)cc6)cc5)cc4)cc2)C3=O)cc1,230.0
[*]Oc1ccc(Oc2ccc3c(c2)C(=O)N(c2ccc(Oc4ccc(Oc5ccc(Oc6ccc(N7C(=O)c8ccc([*])cc8C7=O)cc6)cc5)cc4)cc2)C3=O)cc1,210.0
[*]Oc1ccc(Oc2ccc3c(c2)C(=O)N(c2ccc(Oc4ccc(S(=O)(=O)c5ccc(Oc6ccc(N7C(=O)c8ccc([*])cc8C7=O)cc6)cc5)cc4)cc2)C3=O)cc1,201.0
[*]Oc1ccc(Oc2ccc3c(c2)C(=O)N(c2ccc(Oc4ccc(Sc5ccc(Oc6ccc(N7C(=O)c8ccc([*])cc8C7=O)cc6)cc5)cc4)cc2)C3=O)cc1,201.0
[*]Oc1ccc(Oc2ccc3c(c2)C(=O)N(c2ccc(Oc4ccc5ccccc5c4-c4c(Oc5ccc(N6C(=O)c7ccc([*])cc7C6=O)cc5C(F)(F)F)ccc5ccccc45)c(C(F)(F)F)c2)C3=O)cc1,256.0
[*]Oc1ccc(Oc2ccc3c(c2)C(=O)N(c2ccc(Oc4cccc(Oc5ccc(N6C(=O)c7ccc([*])cc7C6=O)cc5)c4)cc2)C3=O)cc1,199.0
[*]Oc1ccc(Oc2ccc3c(c2)C(=O)N(c2ccc(S(=O)(=O)c4ccc(N5C(=O)c6ccc([*])cc6C5=O)cc4)cc2)C3=O)cc1,283.0
[*]Oc1ccc(Oc2ccc3c(c2)C(=O)N(c2cccc(N4C(=O)c5ccc([*])cc5C4=O)c2)C3=O)cc1,255.0
[*]Oc1ccc(Oc2cccc(Oc3ccc4c(c3)C(=O)N(c3ccc(Oc5ccc(N6C(=O)c7ccc([*])cc7C6=O)cc5)cc3)C4=O)c2)cc1,215.0
[*]Oc1ccc(Oc2cccc(Oc3ccc4c(c3)C(=O)N(c3ccc(Oc5cccc(Oc6ccc(N7C(=O)c8ccc([*])cc8C7=O)cc6)c5)cc3)C4=O)c2)cc1,184.0
[*]Oc1ccc(Oc2cccc(Oc3ccc4c(c3)C(=O)N(c3cccc(N5C(=O)c6ccc([*])cc6C5=O)c3)C4=O)c2)cc1,227.0
[*]Oc1ccc(Oc2cccc(Oc3cccc4c3C(=O)N(c3ccc(Oc5ccc(N6C(=O)c7cccc([*])c7C6=O)cc5)cc3)C4=O)c2)cc1,239.0
[*]Oc1ccc(Oc2cccc(Oc3cccc4c3C(=O)N(c3ccc(Oc5cccc(Oc6ccc(N7C(=O)c8cccc([*])c8C7=O)cc6)c5)cc3)C4=O)c2)cc1,198.0
[*]Oc1ccc(Oc2cccc([*])n2)cc1,100.0
[*]Oc1ccc(Oc2cccc3c2C(=O)N(c2ccc(Oc4cccc(Oc5ccc(N6C(=O)c7cccc([*])c7C6=O)cc5)c4)cc2)C3=O)cc1,214.0
[*]Oc1ccc(Oc2cccc3c2C(=O)N(c2cccc(N4C(=O)c5cccc([*])c5C4=O)c2)C3=O)cc1,259.0
[*]Oc1ccc(S(=O)(=O)c2ccc(OC(=O)OC3CC4CC(OC([*])=O)CC(C3)O4)cc2)cc1,184.0
[*]Oc1ccc(S(=O)(=O)c2ccc(OC(=O)c3ccc([Si](c4ccccc4)(c4ccccc4)c4ccc(C([*])=O)cc4)cc3)cc2)cc1,250.0
[*]Oc1ccc(S(=O)(=O)c2ccc(OC(=O)c3cccc(C([*])=O)c3)cc2)cc1,249.0
[*]Oc1ccc(S(=O)(=O)c2ccc(OP([*])(=O)OC3CCCCC3)cc2)cc1,120.0
[*]Oc1ccc(S(=O)(=O)c2ccc(OP([*])(=O)Oc3ccc(Br)cc3)cc2)cc1,89.0
[*]Oc1ccc(S(=O)(=O)c2ccc(OP([*])(=O)Oc3ccc(C)cc3)cc2)cc1,66.0
[*]Oc1ccc(S(=O)(=O)c2ccc(OP([*])(=O)Oc3ccc(OC)cc3)cc2)cc1,81.0
[*]Oc1ccc(S(=O)(=O)c2ccc(OP([*])(=O)Oc3ccc([N+](=O)[O-])cc3)cc2)cc1,114.0
[*]Oc1ccc(S(=O)(=O)c2ccc(OP([*])(=O)Oc3ccccc3)cc2)cc1,100.5
[*]Oc1ccc(S(=O)(=O)c2ccc(Oc3c(C)cc(-c4cc(C)c([*])c(C)c4Br)c(Br)c3C)cc2)cc1,298.20000000000005
[*]Oc1ccc(S(=O)(=O)c2ccc(Oc3c(C)cc(C(C)(C)c4cc(C)c([*])c(C)c4Br)c(Br)c3C)cc2)cc1,275.4
[*]Oc1ccc(S(=O)(=O)c2ccc(Oc3cc(C(C)(C)C)ccc3[*])cc2)cc1,180.5
[*]Oc1ccc(S(=O)(=O)c2ccc(Oc3cc(C)c(C(c4cc(C(C)C)c([*])cc4C)c4ccccc4C(=O)O)cc3C(C)C)cc2)cc1,240.0
[*]Oc1ccc(S(=O)(=O)c2ccc(Oc3cc(C)c(C4(c5cc(C(C)C)c([*])cc5C)OC(=O)c5ccccc54)cc3C(C)C)cc2)cc1,230.0
[*]Oc1ccc(S(=O)(=O)c2ccc(Oc3ccc4c(=O)n5c6cc(-c7ccc8c(c7)nc7c9ccc([*])c%10cccc(c(=O)n87)c%109)ccc6nc5c5cccc3c45)cc2)cc1,415.0
[*]Oc1ccc(S(=O)(=O)c2ccc(Oc3ccc4c(=O)n5c6cc(Oc7ccc8c(c7)nc7c9ccc([*])c%10cccc(c(=O)n87)c%109)ccc6nc5c5cccc3c45)cc2)cc1,374.0
[*]Oc1ccc(S(=O)(=O)c2ccc(Oc3ccc4c(c3)C(=O)N(c3ccc(Oc5ccc(N6C(=O)c7ccc([*])cc7C6=O)cc5)cc3)C4=O)cc2)cc1,260.0
[*]Oc1ccc(S(=O)(=O)c2ccc(Oc3ccc4c(c3)C(=O)N(c3ccc(Oc5cccc(Oc6ccc(N7C(=O)c8ccc([*])cc8C7=O)cc6)c5)cc3)C4=O)cc2)cc1,219.0
[*]Oc1ccc(S(=O)(=O)c2ccc(Oc3ccc4c(c3)C(=O)N(c3cccc(N5C(=O)c6ccc([*])cc6C5=O)c3)C4=O)cc2)cc1,265.0
[*]Oc1ccc(S(=O)(=O)c2ccc(Oc3ccc4c(c3)C(=O)N(c3cccc(S(=O)(=O)c5cccc(N6C(=O)c7ccc([*])cc7C6=O)c5)c3)C4=O)cc2)cc1,205.0
[*]Oc1ccc(S(=O)(=O)c2ccc(Oc3cccc4c3C(=O)N(c3ccc(Oc5ccc(N6C(=O)c7cccc([*])c7C6=O)cc5)cc3)C4=O)cc2)cc1,267.0
[*]Oc1ccc(S(=O)(=O)c2ccc(Oc3cccc4c3C(=O)N(c3ccc(Oc5cccc(Oc6ccc(N7C(=O)c8cccc([*])c8C7=O)cc6)c5)cc3)C4=O)cc2)cc1,230.0
[*]Oc1ccc(S(=O)(=O)c2ccc(Oc3cccc4c3C(=O)N(c3cccc(N5C(=O)c6cccc([*])c6C5=O)c3)C4=O)cc2)cc1,266.0
[*]Oc1ccc(S(=O)(=O)c2ccc3cc(S(=O)(=O)c4ccc(Oc5c(C)cc(-c6cc(C)c([*])c(C)c6C)c(C)c5C)cc4)ccc3c2)cc1,300.0
[*]Oc1ccc(S(=O)(=O)c2cccc(Oc3ccc4c(c3)C(=O)N(c3ccc(Oc5ccc(N6C(=O)c7ccc([*])cc7C6=O)cc5)cc3)C4=O)c2)cc1,260.0
[*]Oc1ccc(S(=O)(=O)c2cccc(Oc3ccc4c(c3)C(=O)N(c3ccc(Oc5cccc(Oc6ccc(N7C(=O)c8ccc([*])cc8C7=O)cc6)c5)cc3)C4=O)c2)cc1,194.0
[*]Oc1ccc(S(=O)(=O)c2cccc(Oc3cccc4c3C(=O)N(c3ccc(Oc5ccc(N6C(=O)c7cccc([*])c7C6=O)cc5)cc3)C4=O)c2)cc1,267.0
[*]Oc1ccc(S(=O)(=O)c2cccc(Oc3cccc4c3C(=O)N(c3ccc(Oc5cccc(Oc6ccc(N7C(=O)c8cccc([*])c8C7=O)cc6)c5)cc3)C4=O)c2)cc1,216.0
[*]Oc1ccc(S([*])(=O)=O)cc1,119.0
[*]Oc1ccc(Sc2ccc(OC3(F)C([*])(F)C(F)(F)C3(F)F)cc2)cc1,78.0
[*]Oc1ccc(Sc2ccc(Oc3ccc4c(=O)n5c6cc(-c7ccc8c(c7)nc7c9ccc([*])c%10cccc(c(=O)n87)c%109)ccc6nc5c5cccc3c45)cc2)cc1,386.0
[*]Oc1ccc(Sc2ccc(Oc3ccc4c(=O)n5c6cc(Oc7ccc8c(c7)nc7c9ccc([*])c%10cccc(c(=O)n87)c%109)ccc6nc5c5cccc3c45)cc2)cc1,346.0
[*]Oc1ccc(Sc2ccc(Oc3ccc4c(c3)C(=O)N(c3cc(N5C(=O)c6ccc([*])cc6C5=O)cc(C(F)(F)F)c3)C4=O)cc2)cc1,218.0
[*]Oc1ccc(Sc2ccc(Oc3ccc4c(c3)C(=O)N(c3ccc(-c5ccc(N6C(=O)c7ccc([*])cc7C6=O)cc5)cc3)C4=O)cc2)cc1,257.0
[*]Oc1ccc(Sc2ccc(Oc3ccc4c(c3)C(=O)N(c3ccc(N5C(=O)c6ccc([*])cc6C5=O)cc3)C4=O)cc2)cc1,238.0
[*]Oc1ccc(Sc2ccc(Oc3ccc4c(c3)C(=O)N(c3ccc(Oc5ccc(-c6ccc(Oc7ccc(N8C(=O)c9ccc([*])cc9C8=O)cc7)cc6)cc5)cc3)C4=O)cc2)cc1,205.0
[*]Oc1ccc(Sc2ccc(Oc3ccc4c(c3)C(=O)N(c3ccc(Oc5ccc(C(c6ccc(Oc7ccc(N8C(=O)c9ccc([*])cc9C8=O)cc7)cc6)(C(F)(F)F)C(F)(F)F)cc5)cc3)C4=O)cc2)cc1,217.5
[*]Oc1ccc(Sc2ccc(Oc3ccc4c(c3)C(=O)N(c3ccc(Oc5ccc(N6C(=O)c7ccc([*])cc7C6=O)cc5)cc3)C4=O)cc2)cc1,212.0
[*]Oc1ccc(Sc2ccc(Oc3ccc4c(c3)C(=O)N(c3ccc(Oc5ccc(Oc6ccc(N7C(=O)c8ccc([*])cc8C7=O)cc6)cc5)cc3)C4=O)cc2)cc1,201.0
[*]Oc1ccc(Sc2ccc(Oc3ccc4c(c3)C(=O)N(c3ccc(Oc5ccc(Sc6ccc(Oc7ccc(N8C(=O)c9ccc([*])cc9C8=O)cc7)cc6)cc5)cc3)C4=O)cc2)cc1,186.0
[*]Oc1ccc(Sc2ccc(Oc3ccc4c(c3)C(=O)N(c3ccc(Oc5cccc(Oc6ccc(N7C(=O)c8ccc([*])cc8C7=O)cc6)c5)cc3)C4=O)cc2)cc1,178.0
[*]Oc1ccc(Sc2ccc(Oc3ccc4c(c3)C(=O)N(c3cccc(N5C(=O)c6ccc([*])cc6C5=O)c3)C4=O)cc2)cc1,209.0
[*]Oc1ccc(Sc2ccc(Oc3ccc4c(c3)C(=O)N(c3cccc(Oc5cccc(Oc6cccc(N7C(=O)c8ccc([*])cc8C7=O)c6)c5)c3)C4=O)cc2)cc1,190.5
[*]Oc1ccc(Sc2ccc(Oc3ccc4c(c3)C(=O)N(c3cccc(S(=O)(=O)c5cccc(N6C(=O)c7ccc([*])cc7C6=O)c5)c3)C4=O)cc2)cc1,231.0
[*]Oc1ccc(Sc2ccc(Oc3cccc4c3C(=O)N(c3ccc(Oc5ccc(N6C(=O)c7cccc([*])c7C6=O)cc5)cc3)C4=O)cc2)cc1,234.0
[*]Oc1ccc(Sc2ccc(Oc3cccc4c3C(=O)N(c3ccc(Oc5cccc(Oc6ccc(N7C(=O)c8cccc([*])c8C7=O)cc6)c5)cc3)C4=O)cc2)cc1,202.0
[*]Oc1ccc(Sc2ccc(Oc3cccc4c3C(=O)N(c3cccc(N5C(=O)c6cccc([*])c6C5=O)c3)C4=O)cc2)cc1,231.0
[*]Oc1ccc(Sc2cccc(C(=O)Oc3ccc(OC(=O)c4cccc(Sc5ccc(OC(=O)c6ccc(C([*])=O)cc6)cc5)c4)c(-c4ccccc4)c3)c2)cc1,128.0
[*]Oc1ccc(Sc2cccc(Oc3ccc4c(c3)C(=O)N(c3ccc(Oc5ccc(N6C(=O)c7ccc([*])cc7C6=O)cc5)cc3)C4=O)c2)cc1,212.0
[*]Oc1ccc(Sc2cccc(Oc3ccc4c(c3)C(=O)N(c3ccc(Oc5cccc(Oc6ccc(N7C(=O)c8ccc([*])cc8C7=O)cc6)c5)cc3)C4=O)c2)cc1,219.0
[*]Oc1ccc(Sc2cccc(Oc3ccc4c(c3)C(=O)N(c3cccc(N5C(=O)c6ccc([*])cc6C5=O)c3)C4=O)c2)cc1,209.0
[*]Oc1ccc(Sc2cccc(Oc3cccc4c3C(=O)N(c3ccc(Oc5ccc(N6C(=O)c7cccc([*])c7C6=O)cc5)cc3)C4=O)c2)cc1,234.0
[*]Oc1ccc(Sc2cccc(Oc3cccc4c3C(=O)N(c3ccc(Oc5cccc(Oc6ccc(N7C(=O)c8cccc([*])c8C7=O)cc6)c5)cc3)C4=O)c2)cc1,230.0
[*]Oc1ccc([*])cc1,85.0
[*]Oc1ccc2c(-c3ccccc3)nn(-c3ccc(S(=O)(=O)c4ccc(-n5nc(-c6ccccc6)c6ccc([*])cc6c5=O)cc4)cc3)c(=O)c2c1,294.5
[*]Oc1ccc2c(OC(=O)c3ccc(Oc4ccc(C([*])=O)cc4)cc3)cccc2c1,179.0
[*]Oc1ccc2c(c1)C(=O)N(C1CCC(CC3CCC(N4C(=O)c5ccc([*])cc5C4=O)CC3)CC1)C2=O,240.0
[*]Oc1ccc2c(c1)C(=O)N(CC1CC3CC1C1CCC(CN4C(=O)c5ccc([*])cc5C4=O)C31)C2=O,201.0
[*]Oc1ccc2c(c1)C(=O)N(CC1CCCC(CN3C(=O)c4ccc([*])cc4C3=O)C1)C2=O,199.0
[*]Oc1ccc2c(c1)C(=O)N(CCCCCCCCCCCCN1C(=O)c3ccc([*])cc3C1=O)C2=O,70.0
[*]Oc1ccc2c(c1)C(=O)N(CCCCCCCCCCCN1C(=O)c3ccc([*])cc3C1=O)C2=O,74.0
[*]Oc1ccc2c(c1)C(=O)N(CCCCCCCCCCN1C(=O)c3ccc([*])cc3C1=O)C2=O,91.5
[*]Oc1ccc2c(c1)C(=O)N(CCCCCCCCCN1C(=O)c3ccc([*])cc3C1=O)C2=O,89.0
[*]Oc1ccc2c(c1)C(=O)N(CCCCCCCCN1C(=O)c3ccc([*])cc3C1=O)C2=O,145.0
[*]Oc1ccc2c(c1)C(=O)N(CCCCCCCN1C(=O)c3ccc([*])cc3C1=O)C2=O,110.0
[*]Oc1ccc2c(c1)C(=O)N(CCCCCCN1C(=O)c3ccc([*])cc3C1=O)C2=O,164.0
[*]Oc1ccc2c(c1)C(=O)N(c1cc(Br)c(Oc3c(Br)cc(N4C(=O)c5ccc([*])cc5C4=O)cc3Br)c(Br)c1)C2=O,283.0
[*]Oc1ccc2c(c1)C(=O)N(c1cc(C(c3ccc(O)c(N4C(=O)c5ccc([*])cc5C4=O)c3)(C(F)(F)F)C(F)(F)F)ccc1O)C2=O,266.0
[*]Oc1ccc2c(c1)C(=O)N(c1cc(N3C(=O)c4ccc([*])cc4C3=O)c(O)cc1O)C2=O,263.0
[*]Oc1ccc2c(c1)C(=O)N(c1cc(N3C(=O)c4ccc([*])cc4C3=O)cc(C(F)(F)F)c1)C2=O,274.0
[*]Oc1ccc2c(c1)C(=O)N(c1ccc(-c3ccc(N4C(=O)c5ccc([*])cc5C4=O)c(OCCCCCCOc4ccc(/C=C/c5ccc(F)cc5)cc4)c3)cc1OCCCCCCOc1ccc(/C=C/c3ccc(F)cc3)cc1)C2=O,124.0
[*]Oc1ccc2c(c1)C(=O)N(c1ccc(-c3ccc(N4C(=O)c5ccc([*])cc5C4=O)cc3)cc1)C2=O,286.0
[*]Oc1ccc2c(c1)C(=O)N(c1ccc(-c3ccc(N4C(=O)c5ccc([*])cc5C4=O)cc3C(F)(F)F)c(C(F)(F)F)c1)C2=O,275.0
[*]Oc1ccc2c(c1)C(=O)N(c1ccc(C(c3ccc(N4C(=O)c5ccc([*])cc5C4=O)cc3)(C(F)(F)F)C(F)(F)F)cc1)C2=O,305.0
[*]Oc1ccc2c(c1)C(=O)N(c1ccc(C(c3ccccc3)(c3ccc(N4C(=O)c5ccc([*])cc5C4=O)cc3)C(F)(F)F)cc1)C2=O,293.0
[*]Oc1ccc2c(c1)C(=O)N(c1ccc(C(c3ccccc3)c3ccc(N4C(=O)c5ccc([*])cc5C4=O)cc3)cc1)C2=O,269.0
[*]Oc1ccc2c(c1)C(=O)N(c1ccc(C3(c4ccc(N5C(=O)c6ccc([*])cc6C5=O)cc4)c4ccccc4-c4ccccc43)cc1)C2=O,373.0
[*]Oc1ccc2c(c1)C(=O)N(c1ccc(Cc3ccc(N4C(=O)c5ccc([*])cc5C4=O)cc3)cc1)C2=O,271.0
[*]Oc1ccc2c(c1)C(=O)N(c1ccc(OCCOCCOc3cccc(N4C(=O)c5ccc([*])cc5C4=O)c3)cc1)C2=O,146.5
[*]Oc1ccc2c(c1)C(=O)N(c1ccc(Oc3cc4ccccc4cc3Oc3ccc(N4C(=O)c5ccc([*])cc5C4=O)cc3)cc1)C2=O,275.5
[*]Oc1ccc2c(c1)C(=O)N(c1ccc(Oc3ccc(-c4ccc(Oc5ccc(N6C(=O)c7ccc(Oc8cc(C(C)(C)C)c([*])cc8C(C)(C)C)cc7C6=O)cc5)cc4)cc3)cc1)C2=O,262.0
[*]Oc1ccc2c(c1)C(=O)N(c1ccc(Oc3ccc(-c4ccc(Oc5ccc(N6C(=O)c7ccc([*])cc7C6=O)cc5)cc4)cc3)cc1)C2=O,245.0
[*]Oc1ccc2c(c1)C(=O)N(c1ccc(Oc3ccc(C(c4ccc(Oc5ccc(N6C(=O)c7ccc([*])cc7C6=O)cc5)cc4)(C(F)(F)F)C(F)(F)F)cc3)cc1)C2=O,264.0
[*]Oc1ccc2c(c1)C(=O)N(c1ccc(Oc3ccc(N4C(=O)c5ccc(Oc6c([*])cc(C(C)(C)C)cc6C(C)(C)C)cc5C4=O)cc3)cc1)C2=O,228.0
[*]Oc1ccc2c(c1)C(=O)N(c1ccc(Oc3ccc(N4C(=O)c5ccc([*])cc5C4=O)cc3Br)c(Br)c1)C2=O,251.0
[*]Oc1ccc2c(c1)C(=O)N(c1ccc(Oc3ccc(Oc4ccc(N5C(=O)c6ccc([*])cc6C5=O)cc4C(F)(F)F)cc3)cc1)C2=O,232.3
[*]Oc1ccc2c(c1)C(=O)N(c1ccc(Oc3cccc(-c4cc(-c5ccccc5)cc(-c5cccc(Oc6ccc(N7C(=O)c8ccc([*])cc8C7=O)cc6)c5)n4)c3)cc1)C2=O,224.0
[*]Oc1ccc2c(c1)C(=O)N(c1ccc(Oc3ccccc3Oc3ccc(N4C(=O)c5ccc([*])cc5C4=O)cc3C(F)(F)F)c(C(F)(F)F)c1)C2=O,223.0
[*]Oc1ccc2c(c1)C(=O)N(c1ccc(P(=O)(c3ccccc3)c3ccc(N4C(=O)c5ccc([*])cc5C4=O)cc3)cc1)C2=O,311.0
[*]Oc1ccc2c(c1)C(=O)N(c1ccc(Sc3ccc(N4C(=O)c5ccc([*])cc5C4=O)cc3)cc1)C2=O,269.0
[*]Oc1ccc2c(c1)C(=O)N(c1ccc(Sc3ccc(Sc4ccc(N5C(=O)c6ccc([*])cc6C5=O)cc4)s3)cc1)C2=O,218.0
[*]Oc1ccc2c(c1)C(=O)N(c1ccc(Sc3ccc(Sc4ccc(Sc5ccc(N6C(=O)c7ccc([*])cc7C6=O)cc5)cc4)cc3)cc1)C2=O,202.65000000000003
[*]Oc1ccc2c(c1)C(=O)N(c1ccc(Sc3ccc(Sc4ccc(Sc5ccc(Sc6ccc(N7C(=O)c8ccc([*])cc8C7=O)cc6)s5)s4)s3)cc1)C2=O,158.5
[*]Oc1ccc2c(c1)C(=O)N(c1cccc(C(F)(F)C(F)(F)C(F)(F)C(F)(F)C(F)(F)c3cccc(N4C(=O)c5ccc([*])cc5C4=O)c3)c1)C2=O,157.0
[*]Oc1ccc2c(c1)C(=O)N(c1cccc(C(F)(F)C(F)(F)C(F)(F)c3cccc(N4C(=O)c5ccc([*])cc5C4=O)c3)c1)C2=O,183.0
[*]Oc1ccc2c(c1)C(=O)N(c1cccc(C(O)c3cccc(N4C(=O)c5ccc([*])cc5C4=O)c3)c1)C2=O,252.0
[*]Oc1ccc2c(c1)C(=O)N(c1cccc(C(c3cccc(N4C(=O)c5ccc([*])cc5C4=O)c3)(C(F)(F)F)C(F)(F)F)c1)C2=O,224.5
[*]Oc1ccc2c(c1)C(=O)N(c1cccc(C(c3ccccc3)(c3cccc(N4C(=O)c5ccc([*])cc5C4=O)c3)C(F)(F)F)c1)C2=O,293.0
[*]Oc1ccc2c(c1)C(=O)N(c1cccc(N3C(=O)c4ccc(Oc5ccc6c(c5)C5(CC(C)(C)c7ccc([*])cc75)CC6(C)C)cc4C3=O)c1)C2=O,253.0
[*]Oc1ccc2c(c1)C(=O)N(c1cccc(OCCOCCOCCOc3ccc(N4C(=O)c5ccc([*])cc5C4=O)cc3)c1)C2=O,107.0
[*]Oc1ccc2c(c1)C(=O)N(c1cccc(OCCOc3ccc(N4C(=O)c5ccc([*])cc5C4=O)cc3)c1)C2=O,178.5
[*]Oc1ccc2c(c1)C(=O)N(c1cccc(Oc3cc(Oc4cccc(N5C(=O)c6ccc([*])cc6C5=O)c4)ccc3P(=O)(c3ccccc3)c3ccccc3)c1)C2=O,212.0
[*]Oc1ccc2c(c1)C(=O)N(c1cccc(Oc3ccc(Oc4cccc(N5C(=O)c6ccc([*])cc6C5=O)c4)cc3)c1)C2=O,204.0
[*]Oc1ccc2c(c1)C(=O)N(c1cccc(Oc3ccc(P(=O)(c4ccccc4)c4ccc(Oc5ccc(N6C(=O)c7ccc([*])cc7C6=O)cc5)cc4)cc3)c1)C2=O,240.0
[*]Oc1ccc2c(c1)C(=O)N(c1cccc(P(=O)(c3ccc(C(F)(F)F)cc3)c3cccc(N4C(=O)c5ccc([*])cc5C4=O)c3)c1)C2=O,248.0
[*]Oc1ccc2c(c1)C(=O)N(c1cccc(P(=O)(c3ccc(Oc4ccc(C56CC7CC(CC(C7)C5)C6)cc4)cc3)c3cccc(N4C(=O)c5ccc([*])cc5C4=O)c3)c1)C2=O,290.0
[*]Oc1ccc2c(c1)C(=O)N(c1cccc(P(=O)(c3cccc(N4C(=O)c5ccc([*])cc5C4=O)c3)c3cc(C(F)(F)F)cc(C(F)(F)F)c3)c1)C2=O,228.0
[*]Oc1ccc2c(c1)C(=O)N(c1cccc(P(=O)(c3ccccc3)c3cccc(N4C(=O)c5ccc([*])cc5C4=O)c3)c1)C2=O,251.0
[*]Oc1ccc2c(c1)C(=O)N(c1ccccc1Oc1ccc(N3C(=O)c4ccc([*])cc4C3=O)cc1)C2=O,264.0
[*]Oc1ccc2c(c1)C(=O)N(c1ncc(-c3ccc(Oc4ccc(N5C(=O)c6ccc([*])cc6C5=O)cc4)cc3)s1)C2=O,300.0
[*]Oc1ccc2c(c1)Oc1cc(OC(=O)c3ccc(C([*])=O)cc3)ccc1C21c2ccccc2-c2ccccc21,290.0
[*]Oc1ccc2c(c1)Oc1cc(OC(=O)c3cccc(C([*])=O)c3)ccc1C21OC(=O)c2ccccc21,276.0
[*]Oc1ccc2c(c1)Oc1cc(OC([*])=O)ccc1C21c2ccccc2-c2ccccc21,295.0
[*]Oc1ccc2cc(-c3nc4ccccc4nc3-c3ccc4cc(OC(=O)c5ccc(C([*])=O)cc5)ccc4c3)ccc2c1,136.0
[*]Oc1ccc2cc(-c3nc4ccccc4nc3-c3ccc4cc(OC(=O)c5cccc(C([*])=O)c5)ccc4c3)ccc2c1,151.0
[*]Oc1ccc2cc(C([*])=O)ccc2c1,147.0
[*]Oc1ccc2cc(OC(=O)c3ccc(-c4ccc(C([*])=O)cc4)cc3-c3ccccc3)ccc2c1,125.0
[*]Oc1ccc2cc(OC(=O)c3ccc(Oc4ccc(C([*])=O)cc4)cc3)ccc2c1,145.0
[*]Oc1ccc2cc(OC(=O)c3ccc4c(c3)C(=O)N(CCCOCCCCOCCCN3C(=O)c5ccc(C([*])=O)cc5C3=O)C4=O)ccc2c1,68.0
[*]Oc1ccc2cc(OC(=O)c3ccc4c(c3)C(=O)N(CCOCCOCCN3C(=O)c5ccc(C([*])=O)cc5C3=O)C4=O)ccc2c1,105.0
[*]Oc1ccc2cc(OC(=O)c3cccc(Oc4ccc(Oc5cccc(C([*])=O)c5)cc4)c3)ccc2c1,125.0
[*]Oc1ccc2cc(Oc3ccc4c(=O)n5c6cc(-c7ccc8c(c7)nc7c9ccc([*])c%10cccc(c(=O)n87)c%109)ccc6nc5c5cccc3c45)ccc2c1,413.0
[*]Oc1ccc2cc(Oc3ccc4c(c3)C(=O)N(c3ccc(C(c5ccc(N6C(=O)c7ccc([*])cc7C6=O)cc5)(C(F)(F)F)C(F)(F)F)cc3)C4=O)ccc2c1,218.0
[*]Oc1ccc2cc(Oc3ccc4c(c3)C(=O)N(c3ccc(Oc5ccc(-c6ccc(Oc7ccc(N8C(=O)c9ccc([*])cc9C8=O)cc7)cc6)cc5)cc3)C4=O)ccc2c1,230.0
[*]Oc1ccc2cc(Oc3ccc4c(c3)C(=O)N(c3ccc(Oc5ccc(N6C(=O)c7ccc([*])cc7C6=O)cc5)cc3)C4=O)ccc2c1,249.0
[*]Oc1ccc2cc(Oc3ccc4c(c3)C(=O)N(c3cccc(N5C(=O)c6ccc([*])cc6C5=O)c3)C4=O)ccc2c1,230.0
[*]Oc1ccc2cc(Oc3ccc4c(c3)C(=O)N(c3cccc(Oc5ccc(N6C(=O)c7ccc([*])cc7C6=O)cc5)c3)C4=O)ccc2c1,225.0
[*]Oc1ccc2ccc(OC(=O)c3ccc(N4C(=O)CC(SCCOCCSC5CC(=O)N(c6ccc(C([*])=O)cc6)C5=O)C4=O)cc3)cc2c1,160.0
[*]Oc1ccc2ccc(OC(=O)c3ccc(Oc4ccc(C([*])=O)cc4)cc3)cc2c1,142.0
[*]Oc1ccc2ccc(OC(=O)c3ccc4c(c3)C(=O)N(c3ccc(Oc5ccc(N6C(=O)c7ccc(C([*])=O)cc7C6=O)cc5)cc3)C4=O)cc2c1,246.0
[*]Oc1ccc2ccc(Oc3ccc4c(c3)C(=O)N(c3cc(N5C(=O)c6ccc([*])cc6C5=O)cc(C(F)(F)F)c3)C4=O)cc2c1,235.0
[*]Oc1ccc2ccc(Oc3ccc4c(c3)C(=O)N(c3ccc(C(c5ccc(N6C(=O)c7ccc([*])cc7C6=O)cc5)(C(F)(F)F)C(F)(F)F)cc3)C4=O)cc2c1,256.0
[*]Oc1ccc2ccc(Oc3ccc4c(c3)C(=O)N(c3ccc(Oc5ccc(-c6ccc(Oc7ccc(N8C(=O)c9ccc([*])cc9C8=O)cc7)cc6)cc5)cc3)C4=O)cc2c1,231.0
[*]Oc1ccc2ccc(Oc3ccc4c(c3)C(=O)N(c3ccc(Oc5ccc(N6C(=O)c7ccc([*])cc7C6=O)cc5)cc3)C4=O)cc2c1,245.0
[*]Oc1ccc2ccc(Oc3ccc4c(c3)C(=O)N(c3ccc(Oc5ccc(Oc6ccc(N7C(=O)c8ccc([*])cc8C7=O)cc6)cc5)cc3)C4=O)cc2c1,228.0
[*]Oc1ccc2ccc(Oc3ccc4c(c3)C(=O)N(c3ccc(Oc5cccc(N6C(=O)c7ccc([*])cc7C6=O)c5)cc3)C4=O)cc2c1,221.0
[*]Oc1ccc2ccc(Oc3ccc4c(c3)C(=O)N(c3cccc(N5C(=O)c6ccc([*])cc6C5=O)c3)C4=O)cc2c1,254.0
[*]Oc1ccc2ccccc2c1-c1c(OC(=O)c2ccc(N3C(=O)c4ccc(C(=O)Oc5ccc6ccccc6c5-c5c(OC(=O)c6ccc7c(c6)C(=O)N(c6ccc(C([*])=O)cc6)C7=O)ccc6ccccc56)cc4C3=O)cc2)ccc2ccccc12,266.5
[*]Oc1ccc2ccccc2c1-c1c(OC(=O)c2ccc(N3C(=O)c4ccc(C(=O)c5ccc6c(c5)C(=O)N(c5ccc(C([*])=O)cc5)C6=O)cc4C3=O)cc2)ccc2ccccc12,273.5
[*]Oc1ccc2ccccc2c1-c1c(OC(=O)c2ccc3c(c2)C(=O)N(c2ccc(Oc4ccc(N5C(=O)c6ccc(C([*])=O)cc6C5=O)cc4)cc2)C3=O)ccc2ccccc12,257.0
[*]Oc1ccc2ccccc2c1-c1c(Oc2ccc3c(c2)C(=O)N(c2ccc(Oc4ccc(N5C(=O)c6ccc([*])cc6C5=O)cc4)cc2)C3=O)ccc2ccccc12,274.0
[*]Oc1ccc2ccccc2c1/C=C/c1cccc(C=Cc2c(OC(=O)c3ccc(C([*])=O)cc3)ccc3ccccc23)n1,145.0
[*]Oc1ccc2nc(-c3ccc(-c4ccc(-c5nc6ccc([*])cc6c(-c6ccccc6)c5-c5ccccc5)cc4)cc3)c(-c3ccccc3)c(-c3ccccc3)c2c1,351.0
[*]Oc1ccc2nc(-c3ccc(-c4nc5cc([*])ccc5nc4-c4ccccc4)cc3)c(-c3ccccc3)nc2c1,326.0
[*]Oc1ccc2nc(-c3ccc(-c4nc5ccc([*])cc5nc4-c4ccccc4)cc3)c(-c3ccccc3)nc2c1,304.0
[*]Oc1ccc2nc(-c3ccc(Oc4ccc(-c5nc6cc([*])ccc6nc5-c5ccccc5)cc4)cc3)c(-c3ccccc3)nc2c1,243.0
[*]Oc1ccc2nc(-c3ccc(Oc4ccc(-c5nc6ccc([*])cc6c(-c6ccccc6)c5-c5ccccc5)cc4)cc3)c(-c3ccccc3)c(-c3ccccc3)c2c1,305.0
[*]Oc1ccc2nc(-c3ccc(Oc4ccc(-c5nc6ccc([*])cc6nc5-c5ccccc5)cc4)cc3)c(-c3ccccc3)nc2c1,437.0
[*]Oc1ccc2nc(-c3cccc(-c4nc5ccc([*])cc5nc4-c4ccccc4)c3)c(-c3ccccc3)nc2c1,270.0
[*]Oc1ccc2nc(-c3ccccc3)c(-c3ccc(-c4ccc(-c5nc6cc([*])ccc6nc5-c5ccccc5)cc4)cc3)nc2c1,410.0
[*]Oc1ccc2nc(-c3ccccc3)c(-c3ccc(-c4nc5cc([*])ccc5nc4-c4ccccc4)cc3)nc2c1,304.0
[*]Oc1ccc2nc(-c3ccccc3)c(-c3ccc(Oc4ccc(-c5c(-c6ccccc6)nc6ccc([*])cc6c5-c5ccccc5)cc4)cc3)c(-c3ccccc3)c2c1,252.5
[*]Oc1ccc2nc(-c3ccccc3)c(-c3ccc(Oc4ccc(-c5nc6cc([*])ccc6nc5-c5ccccc5)cc4)cc3)nc2c1,263.0
[*]Oc1ccc2nc(-c3ccccc3)c(-c3cccc(-c4nc5cc([*])ccc5nc4-c4ccccc4)c3)nc2c1,270.0
[*]Oc1cccc(C(F)(F)C(F)(F)C(F)(F)c2cccc(OC(=O)c3cccc(C(F)(F)C(F)(F)C(F)(F)c4cccc(C([*])=O)c4)c3)c2)c1,74.0
[*]Oc1cccc(C(F)(F)C(F)(F)C(F)(F)c2cccc(OC([*])=O)c2)c1,46.0
[*]Oc1cccc(C([*])=O)c1,162.0
[*]Oc1cccc(N2C(=O)c3ccc(C(=O)Nc4ccc(Oc5cccc(Oc6ccc(NC(=O)c7ccc8c(c7)C(=O)N(c7cccc(Oc9cccc([*])c9C#N)c7)C8=O)cc6)c5)cc4)cc3C2=O)c1,207.0
[*]Oc1cccc(N2C(=O)c3ccc(Oc4ccc5c(c4)C(=O)N(c4cccc(Oc6cc([*])ccc6C#N)c4)C5=O)cc3C2=O)c1,196.0
[*]Oc1cccc(N2C(=O)c3ccc(Oc4ccc5c(c4)C(=O)N(c4cccc(Oc6cccc([*])c6C#N)c4)C5=O)cc3C2=O)c1,219.0
[*]Oc1cccc(NC(=O)c2cc(Oc3ccc(C(=O)O)c(C(=O)Nc4cccc(Oc5ccc(C#N)c([*])c5)c4)c3)ccc2C(=O)O)c1,195.8
[*]Oc1cccc(NC(=O)c2cc(Oc3ccc(C(=O)O)c(C(=O)Nc4cccc(Oc5cccc([*])c5C#N)c4)c3)ccc2C(=O)O)c1,200.10000000000002
[*]Oc1cccc(NC(=O)c2ccc3c(c2)C(=O)N(c2cccc(Oc4cccc(Oc5cccc(N6C(=O)c7ccc(C(=O)Nc8cccc(Oc9cccc([*])c9C#N)c8)cc7C6=O)c5)c4C#N)c2)C3=O)c1,214.0
[*]Oc1cccc(OC(=O)c2ccc(OC(=O)c3ccc(C(=O)Oc4ccc(C([*])=O)cc4)nc3)cc2)c1,110.0
[*]Oc1cccc(OC(=O)c2ccc(OC(=O)c3cccc(C(=O)Oc4ccc(C([*])=O)cc4)c3)cc2)c1,158.0
[*]Oc1cccc(OC(=O)c2ccc(Oc3ccc(C([*])=O)cc3)cc2)c1,159.0
[*]Oc1cccc(OC(=O)c2ccc(Oc3cccc(Oc4ccc(C([*])=O)cc4)c3)cc2)c1,131.0
[*]Oc1cccc(OC(=O)c2cccc(C([*])=O)c2)c1,147.0
[*]Oc1cccc(OC2(F)C([*])(F)C(F)(F)C2(F)F)c1,32.0
[*]Oc1cccc(Oc2ccc(C(=O)O)c(C(=O)Nc3ccc(Oc4ccc(-c5ccc(Oc6ccc(NC(=O)c7cc([*])ccc7C(=O)O)cc6)cc5)cc4)cc3)c2)c1,100.0
[*]Oc1cccc(Oc2ccc(Oc3cccc(OC(=O)c4ccc(C([*])=O)cc4)c3)cc2)c1,103.0
[*]Oc1cccc(Oc2ccc(Oc3cccc4c3C(=O)N(c3cccc(N5C(=O)c6cccc([*])c6C5=O)c3)C4=O)cc2)c1,238.0
[*]Oc1cccc(Oc2ccc([*])cc2-c2ccccc2)n1,115.0
[*]Oc1cccc(Oc2ccc([*])cc2C)n1,89.0
[*]Oc1cccc(Oc2ccc3c(=O)n4c5cc(Oc6ccc7c(c6)nc6c8ccc([*])c9cccc(c(=O)n76)c98)ccc5nc4c4cccc2c34)c1,369.5
[*]Oc1cccc(Oc2ccc3c(c2)C(=O)N(c2ccc(Oc4ccc(-c5ccc(Oc6ccc(N7C(=O)c8ccc([*])cc8C7=O)cc6)cc5)cc4)cc2)C3=O)c1,200.0
[*]Oc1cccc(Oc2ccc3c(c2)C(=O)N(c2ccc(Oc4ccc(N5C(=O)c6ccc([*])cc6C5=O)cc4)cc2)C3=O)c1,209.0
[*]Oc1cccc(Oc2ccc3c(c2)C(=O)N(c2ccc(Oc4ccc(S(=O)(=O)c5ccc(Oc6ccc(N7C(=O)c8ccc([*])cc8C7=O)cc6)cc5)cc4)cc2)C3=O)c1,201.0
[*]Oc1cccc(Oc2ccc3c(c2)C(=O)N(c2ccc(Oc4cccc(Oc5ccc(N6C(=O)c7ccc([*])cc7C6=O)cc5)c4)cc2)C3=O)c1,188.0
[*]Oc1cccc(Oc2ccc3c(c2)C(=O)N(c2cccc(N4C(=O)c5ccc([*])cc5C4=O)c2)C3=O)c1,224.0
[*]Oc1cccc(Oc2ccc3c4c2cccc4c(=O)n2c4ccc(-c5ccc6nc7c8cccc9c([*])ccc(c(=O)n7c6c5)c98)cc4nc32)c1,396.5
[*]Oc1cccc(Oc2cccc(OC([*])=O)c2)c1,71.0
[*]Oc1cccc(Oc2cccc(Oc3cccc(N4C(=O)c5ccc(Oc6ccc7c(c6)C(=O)N(c6cccc(Oc8cccc([*])c8C#N)c6)C7=O)cc5C4=O)c3)c2C#N)c1,176.0
[*]Oc1cccc(Oc2cccc(Oc3cccc(NC(=O)c4ccc5c(c4)C(=O)N(c4cccc(Oc6cccc(Oc7cccc(N8C(=O)c9ccc(C(=O)Nc%10cccc(Oc%11cccc([*])c%11C#N)c%10)cc9C8=O)c7)c6C#N)c4)C5=O)c3)c2C#N)c1,193.0
[*]Oc1cccc(Oc2cccc([*])c2)n1,82.0
[*]Oc1cccc(Oc2cccc([*])c2C#N)c1,145.0
[*]Oc1cccc(Oc2cccc3c2C(=O)N(c2ccc(Oc4ccc(N5C(=O)c6cccc([*])c6C5=O)cc4)cc2)C3=O)c1,226.0
[*]Oc1cccc(Oc2cccc3c2C(=O)N(c2ccc(Oc4cccc(Oc5ccc(N6C(=O)c7cccc([*])c7C6=O)cc5)c4)cc2)C3=O)c1,193.0
[*]Oc1cccc(Oc2cccc3c2C(=O)N(c2cccc(N4C(=O)c5cccc([*])c5C4=O)c2)C3=O)c1,241.0
[*]Oc1cccc(S(=O)(=O)c2ccc(Oc3ccc4c(c3)C(=O)N(c3cccc(N5C(=O)c6ccc([*])cc6C5=O)c3)C4=O)cc2)c1,265.0
[*]Oc1cccc(S(=O)(=O)c2ccc(Oc3cccc4c3C(=O)N(c3cccc(N5C(=O)c6cccc([*])c6C5=O)c3)C4=O)cc2)c1,266.0
[*]Oc1cccc(Sc2ccc(Oc3cccc4c3C(=O)N(c3cccc(N5C(=O)c6cccc([*])c6C5=O)c3)C4=O)cc2)c1,231.0
[*]Oc1cccc([*])c1,53.0
[*]Oc1cccc([Si]([*])(c2ccccc2)c2ccccc2)c1,62.0
[*]Oc1cccc2c(OC(=O)c3ccc(Oc4ccc(C([*])=O)cc4)cc3)cccc12,171.0
[*]Oc1cccc2c(OC3(F)C([*])(F)C(F)(F)C3(F)F)cccc12,138.0
[*]Oc1cccc2c(OP([*])(=O)OC3CCCCC3)cccc12,134.0
[*]Oc1cccc2c(OP([*])(=O)Oc3ccccc3)cccc12,138.0
[*]Oc1cccc2c(Oc3ccc4c(c3)C(=O)N(c3cc(N5C(=O)c6ccc([*])cc6C5=O)cc(C(F)(F)F)c3)C4=O)cccc12,250.0
[*]Oc1cccc2c(Oc3ccc4c(c3)C(=O)N(c3ccc(C(c5ccc(N6C(=O)c7ccc([*])cc7C6=O)cc5)(C(F)(F)F)C(F)(F)F)cc3)C4=O)cccc12,276.0
[*]Oc1cccc2c(Oc3ccc4c(c3)C(=O)N(c3ccc(Oc5ccc(N6C(=O)c7ccc([*])cc7C6=O)cc5)cc3)C4=O)cccc12,240.0
[*]Oc1cccc2c(Oc3ccc4c(c3)C(=O)N(c3ccc(Oc5ccc(S(=O)(=O)c6ccc(Oc7ccc(N8C(=O)c9ccc([*])cc9C8=O)cc7)cc6)cc5)cc3)C4=O)cccc12,201.0
[*]Oc1cccc2c(Oc3ccc4c(c3)C(=O)N(c3cccc(N5C(=O)c6ccc([*])cc6C5=O)c3)C4=O)cccc12,260.0
[*]Oc1cccc2c(Oc3ccc4c(c3)C(=O)N(c3cccc(Oc5ccc(N6C(=O)c7ccc([*])cc7C6=O)cc5)c3)C4=O)cccc12,235.0
[*]Oc1cccc2c1C(=O)N(c1ccc(Oc3ccc(-c4ccc(Oc5ccc(N6C(=O)c7cccc(Oc8c([*])cc(C(C)(C)C)cc8C(C)(C)C)c7C6=O)cc5)cc4)cc3)cc1)C2=O,237.0
[*]Oc1cccc2c1C(=O)N(c1ccc(Oc3ccc(-c4ccc(Oc5ccc(N6C(=O)c7cccc(Oc8cc(C(C)(C)C)c([*])cc8C(C)(C)C)c7C6=O)cc5)cc4)cc3)cc1)C2=O,275.0
[*]Oc1cccc2c1C(=O)N(c1ccc(Oc3ccc(N4C(=O)c5ccc([*])cc5C4=O)cc3)cc1)C2=O,285.0
[*]Oc1cccc2c1C(=O)N(c1ccc(Oc3ccc(N4C(=O)c5cccc(Oc6c([*])cc(C(C)(C)C)cc6C(C)(C)C)c5C4=O)cc3)cc1)C2=O,238.0
[*]Oc1cccc2c1C(=O)N(c1ccc(Oc3ccc(Oc4ccc(N5C(=O)c6ccc([*])cc6C5=O)cc4)cc3)cc1)C2=O,249.0
[*]Oc1cccc2c1C(=O)N(c1cccc(Oc3ccc(Oc4ccc(N5C(=O)c6cccc([*])c6C5=O)cc4)cc3)c1)C2=O,263.0
[*]Oc1cccc2c1C(=O)N(c1cccc(S(=O)(=O)c3cccc(N4C(=O)c5cccc([*])c5C4=O)c3)c1)C2=O,241.0
[*]Oc1cccc2ccc(C=Cc3c(OC(=O)c4ccc(C([*])=O)cc4)ccc4ccccc34)nc12,175.0
[*]Oc1ccccc1-c1ccccc1Oc1ccc2c(=O)n3c4cc(-c5ccc6c(c5)nc5c7ccc([*])c8cccc(c(=O)n65)c87)ccc4nc3c3cccc1c23,376.0
[*]Oc1ccccc1C(=O)OC(=O)c1ccccc1OC(=O)c1ccc(C([*])=O)cc1,120.0
[*]Oc1ccccc1C(=O)OC(=O)c1ccccc1OC(=O)c1cccc(C([*])=O)c1,105.0
[*]Oc1ccccc1Oc1ccc2c(c1)C(=O)N(c1ccc(Oc3cc4ccccc4cc3Oc3ccc(N4C(=O)c5ccc([*])cc5C4=O)cc3)cc1)C2=O,216.0
[*]Oc1ccccc1Oc1ccc2c(c1)C(=O)N(c1ccc(Oc3ccc(-c4ccc(Oc5ccc(N6C(=O)c7ccc([*])cc7C6=O)cc5)cc4)cc3)cc1)C2=O,204.0
[*]Oc1ccccc1Oc1ccc2c(c1)C(=O)N(c1ccc(Oc3ccc(-c4ccc(Oc5ccc(N6C(=O)c7ccc([*])cc7C6=O)cc5C(F)(F)F)cc4)cc3)c(C(F)(F)F)c1)C2=O,208.0
[*]Oc1ccccc1Oc1ccc2c(c1)C(=O)N(c1ccc(Oc3ccc(C(c4ccc(Oc5ccc(N6C(=O)c7ccc([*])cc7C6=O)cc5C(F)(F)F)cc4)(C(F)(F)F)C(F)(F)F)cc3)c(C(F)(F)F)c1)C2=O,191.0
[*]Oc1ccccc1Oc1ccc2c(c1)C(=O)N(c1ccc(Oc3ccc(C4(c5ccc(Oc6ccc(N7C(=O)c8ccc([*])cc8C7=O)cc6C(F)(F)F)cc5)c5ccccc5-c5ccccc54)cc3)c(C(F)(F)F)c1)C2=O,241.0
[*]Oc1ccccc1Oc1ccc2c(c1)C(=O)N(c1ccc(Oc3ccc(N4C(=O)c5ccc([*])cc5C4=O)cc3)cc1)C2=O,212.0
[*]Oc1ccccc1Oc1ccc2c(c1)C(=O)N(c1ccc(Oc3ccc(Oc4ccc(N5C(=O)c6ccc([*])cc6C5=O)cc4)cc3)cc1)C2=O,202.0
[*]Oc1ccccc1Oc1ccc2c(c1)C(=O)N(c1ccc(Oc3ccc(Oc4ccc(N5C(=O)c6ccc([*])cc6C5=O)cc4C(F)(F)F)cc3)c(C(F)(F)F)c1)C2=O,197.0
[*]Oc1ccccc1Oc1ccc2c(c1)C(=O)N(c1ccc(Oc3ccccc3Oc3ccc(N4C(=O)c5ccc([*])cc5C4=O)cc3)cc1)C2=O,193.0
[*]Oc1ccccc1Oc1ccc2c(c1)C(=O)N(c1ccc(Oc3ccccc3Oc3ccc(N4C(=O)c5ccc([*])cc5C4=O)cc3C(F)(F)F)c(C(F)(F)F)c1)C2=O,185.0
[*]Oc1ccccc1Oc1ccc2c(c1)C(=O)N(c1cccc(N3C(=O)c4ccc([*])cc4C3=O)c1)C2=O,224.0
[*]SC(C)C([*])=O,12.0
[*]SC([*])(F)F,-117.99999999999997
[*]SC1CCCC([*])C1,-51.99999999999997
[*]SC1CCCCC1[*],-42.99999999999997
[*]SCCCN(Cc1ccccc1)C([*])=O,27.0
[*]SCCN(Cc1ccccc1)C([*])=O,32.0
[*]SSc1ccc(N/C=N/c2ccc([*])cc2)cc1,98.0
[*]SSc1ccc(Oc2ccc([*])cc2)cc1,76.80000000000001
[*]Sc1c(C)cc([*])cc1C,198.0
[*]Sc1c(F)c(F)c(Oc2ccc(C(c3ccc(Oc4c(F)c(F)c([*])c(F)c4F)cc3)(C(F)(F)F)C(F)(F)F)cc2)c(F)c1F,141.5
[*]Sc1cc(C)c([*])cc1C,298.0
[*]Sc1ccc(Cc2ccc(SC([*])=O)cc2)cc1,117.0
[*]Sc1ccc(N2C(=O)C3C4C=CC(C3C2=O)C2C(=O)N(c3ccc(Sc5cc6c(cc5[*])C(=O)N(CCN(C)C)C6=O)cc3)C(=O)C42)cc1,310.0
[*]Sc1ccc(N2C(=O)C3C4C=CC(C3C2=O)C2C(=O)N(c3ccc(Sc5cc6c(cc5[*])C(=O)N(CCc5ccccc5)C6=O)cc3)C(=O)C42)cc1,258.0
[*]Sc1ccc(N2C(=O)C3C4C=CC(C3C2=O)C2C(=O)N(c3ccc(Sc5cc6c(cc5[*])C(=O)N(c5ccc(CC)cc5)C6=O)cc3)C(=O)C42)cc1,320.0
[*]Sc1ccc(N2C(=O)c3ccc(Oc4ccc5c(c4)C(=O)N(c4ccc(Sc6cc7c(cc6[*])C(=O)N(CCCCCCCCCCCCCCCC)C7=O)cc4)C5=O)cc3C2=O)cc1,156.0
[*]Sc1ccc(N2C(=O)c3ccc(Oc4ccc5c(c4)C(=O)N(c4ccc(Sc6cc7c(cc6[*])C(=O)N(CCc6ccccc6)C7=O)cc4)C5=O)cc3C2=O)cc1,218.0
[*]Sc1ccc(N2C(=O)c3ccc(Oc4ccc5c(c4)C(=O)N(c4ccc(Sc6cc7c(cc6[*])C(=O)N(c6ccc(CC)cc6)C7=O)cc4)C5=O)cc3C2=O)cc1,271.0
[*]Sc1ccc(Nc2ccc([*])cc2)cc1,145.0
[*]Sc1ccc(Oc2ccc(SC([*])=O)cc2)cc1,117.0
[*]Sc1ccc(Sc2ccc(Sc3ccc(Oc4ccc([*])cc4)cc3)cc2)cc1,84.0
[*]Sc1ccc(Sc2ccc(Sc3ccc4c(c3)C(=O)N(N3C(=O)c5ccc([*])cc5C3=O)C4=O)cc2)cc1,223.5
[*]Sc1ccc(Sc2ccc(Sc3ccc4c(c3)C(=O)N(c3ccc(Sc5ccc(Sc6ccc(N7C(=O)c8ccc([*])cc8C7=O)cc6)cc5)cc3)C4=O)cc2)cc1,190.75
[*]Sc1ccc(Sc2ccc(Sc3ccc4c(c3)C(=O)N(c3ccc(Sc5ccc(Sc6ccc(N7C(=O)c8ccc([*])cc8C7=O)cc6)s5)cc3)C4=O)cc2)cc1,185.5
[*]Sc1ccc(Sc2ccc(Sc3ccc4c(c3)C(=O)N(c3ccc(Sc5ccc(Sc6ccc(Sc7ccc(N8C(=O)c9ccc([*])cc9C8=O)cc7)cc6)cc5)cc3)C4=O)cc2)cc1,176.45000000000005
[*]Sc1ccc(Sc2ccc(Sc3ccc4c(c3)C(=O)N(c3ccc(Sc5ccc(Sc6ccc(Sc7ccc(Sc8ccc(N9C(=O)c%10ccc([*])cc%10C9=O)cc8)s7)s6)s5)cc3)C4=O)cc2)cc1,177.0
[*]Sc1ccc(Sc2ccc(Sc3cccc([*])c3)cc2)cc1,69.0
[*]Sc1ccc(Sc2ccc(Sc3cccc4c3C(=O)N(N3C(=O)c5ccc([*])cc5C3=O)C4=O)cc2)cc1,242.0
[*]Sc1ccc(Sc2ccc(Sc3cccc4c3C(=O)N(N3C(=O)c5cccc([*])c5C3=O)C4=O)cc2)cc1,266.0
[*]Sc1ccc2c(c1)C(=O)N(c1ccc(Cc3ccc(N4C(=O)c5ccc([*])cc5C4=O)cc3)cc1)C2=O,265.0
[*]Sc1ccc2c(c1)C(=O)N(c1ccc(Oc3ccc(N4C(=O)c5ccc([*])cc5C4=O)cc3)cc1)C2=O,258.0
[*]Sc1ccc2c(c1)C(=O)N(c1ccc(Oc3ccc4ccccc4c3-c3c(Oc4ccc(N5C(=O)c6ccc([*])cc6C5=O)cc4C(F)(F)F)ccc4ccccc34)c(C(F)(F)F)c1)C2=O,273.0
[*]Sc1ccc2c(c1)Sc1ccc(Sc3ccc(Sc4ccc([*])cc4)cc3)cc1S2,154.0
[*]Sc1ccc2c(c1)Sc1ccc([*])cc1S2,209.90000000000003
[*]Sc1cccc2c1C(=O)N(c1ccc(N3C(=O)c4cccc([*])c4C3=O)cc1)C2=O,330.0
[*]Sc1cccc2c1C(=O)N(c1ccc(Oc3ccc(Oc4ccc(N5C(=O)c6cccc([*])c6C5=O)cc4)cc3)cc1)C2=O,250.0
[*][Se]c1c(Cl)c(Cl)c([*])c(Cl)c1Cl,104.0
[*][Si]([*])(C)CCC(F)(F)F,-3.0
[*][Si]([*])(C)CCCOCC1COC(C)(C)O1,-47.99999999999997
[*][Si]([*])(C)c1ccc(COCCN(CC)c2ccc(/N=N/c3ccc([N+](=O)[O-])cc3)cc2)cc1,152.0
[*][Si]([*])(C)c1ccccc1,88.0
[*][Si]([*])(CCCC)CCCC,-40.49999999999997
[*][Si]([*])(CCCC)CCCCC,-25.99999999999997
[*][Si]([*])(CCCC)CCCCCC,-39.99999999999997
[*][Si]([*])(CCCCCC)c1ccccc1,-69.99999999999997
[*][Te]c1ccc(N=Nc2ccc([*])cc2)cc1,300.0
[*]c1[nH]c([*])c(OC)c1OC,-25.99999999999997
[*]c1[nH]c2ccccc2c1[*],137.0
[*]c1c(Br)cc(OC(=O)Oc2cc(Br)c(C([*])(C)C)c(Br)c2)cc1Br,267.0
[*]c1c(C)c(C)c(N2C(=O)c3cc4c(cc3C2=O)C(c2ccccc2)(C(F)(F)F)c2cc3c(cc2O4)C(=O)N([*])C3=O)c(C)c1C,394.0
[*]c1c(C)c(C)c(N2C(=O)c3ccc(C(c4ccc5c(c4)C(=O)N([*])C5=O)(C(F)(F)F)C(F)(F)F)cc3C2=O)c(C)c1C,420.0
[*]c1c(C)cc(-c2cc(C)c(N3C(=O)c4ccc(C(=O)Nc5ccc(C(c6ccc(NC(=O)c7ccc8c(c7)C(=O)N([*])C8=O)cc6)(C(F)(F)F)C(F)(F)F)cc5)cc4C3=O)c3ccccc23)c2ccccc12,250.0
[*]c1c(C)cc(C(c2ccccc2)(c2cc(C)c(N3C(=O)c4ccc(C(c5ccc6c(c5)C(=O)N([*])C6=O)(C(F)(F)F)C(F)(F)F)cc4C3=O)c(C(C)C)c2)C(F)(F)F)cc1C(C)C,289.0
[*]c1c(C)cc(C)c(-n2c(=O)c3cc4c(=O)n([*])c(=O)c4cc3c2=O)c1C,399.75
[*]c1c(C)cc(C)c(C(=O)c2cccc(N3C(=O)c4ccc(-c5ccc6c(c5)C(=O)N([*])C6=O)cc4C3=O)c2)c1C,320.0
[*]c1c(C)cc(C)c(C(=O)c2cccc(N3C(=O)c4ccc(C(=O)c5ccc6c(c5)C(=O)N([*])C6=O)cc4C3=O)c2)c1C,300.0
[*]c1c(C)cc(C)c(C(=O)c2cccc(N3C(=O)c4ccc(C(c5ccc6c(c5)C(=O)N([*])C6=O)(C(F)(F)F)C(F)(F)F)cc4C3=O)c2)c1C,280.0
[*]c1c(C)cc(C)c(N2C(=O)c3cc(Cl)c(C(=O)c4cc5c(cc4Cl)C(=O)N([*])C5=O)cc3C2=O)c1C,371.0
[*]c1c(C)cc(C)c(N2C(=O)c3ccc(-c4ccc5c(c4)C(=O)N([*])C5=O)cc3C2=O)c1C,385.0
[*]c1c(C)cc(C)c(N2C(=O)c3ccc(C(=O)Nc4ccc(-c5ccc(NC(=O)c6ccc7c(c6)C(=O)N([*])C7=O)cc5C(F)(F)F)c(C(F)(F)F)c4)cc3C2=O)c1C,267.0
[*]c1c(C)cc(C)c(N2C(=O)c3ccc(C(=O)Nc4ccc(C(c5ccc(NC(=O)c6ccc7c(c6)C(=O)N([*])C7=O)cc5)(C(F)(F)F)C(F)(F)F)cc4)cc3C2=O)c1C,250.0
[*]c1c(C)cc(C)c(N2C(=O)c3ccc(C(=O)Nc4ccc(NC(=O)c5ccc6c(c5)C(=O)N([*])C6=O)cc4)cc3C2=O)c1C,327.0
[*]c1c(C)cc(C)c(N2C(=O)c3ccc(C(c4ccc5c(c4)C(=O)N([*])C5=O)(C(F)(F)F)C(F)(F)F)cc3C2=O)c1C,377.0
[*]c1c(C)cc(C)c(N2C(=O)c3ccc(Oc4ccc(Oc5ccc6c(c5)C(=O)N([*])C6=O)cc4)cc3C2=O)c1C,345.0
[*]c1c(C)cc(C)c(N2C(=O)c3ccc(S(=O)(=O)c4ccc5c(c4)C(=O)N([*])C5=O)cc3C2=O)c1C,418.0
[*]c1c(C)cc(C)c(N2C(=O)c3ccc(Sc4ccc5c(c4)C(=O)N([*])C5=O)cc3C2=O)c1C,378.0
[*]c1c(C)cc(C2(c3cc(C)c(N4C(=O)c5ccc(C(c6ccc7c(c6)C(=O)N([*])C7=O)(C(F)(F)F)C(F)(F)F)cc5C4=O)c(C(C)C)c3)c3ccccc3-c3ccccc32)cc1C(C)C,335.0
[*]c1c(C)cc(Cc2cc(C)c(N3C(=O)c4ccc(C(c5ccc6c(c5)C(=O)N([*])C6=O)(C(F)(F)F)C(F)(F)F)cc4C3=O)c(C(C)C)c2)cc1C(C)C,276.0
[*]c1c(C)ccc(N2C(=O)c3ccc(C(=O)c4ccc5c(c4)C(=O)N([*])C5=O)cc3C2=O)c1C,384.0
[*]c1c(CC)cc(C)c(N2C(=O)c3ccc(C(=O)c4ccc5c(c4)C(=O)N([*])C5=O)cc3C2=O)c1CC,385.0
[*]c1c(CC)cc(Cc2cc(CC)c(N3C(=O)c4ccc(C(=O)c5ccc6c(c5)C(=O)N([*])C6=O)cc4C3=O)c(CC)c2Cl)c(Cl)c1CC,300.0
[*]c1c(Cl)cc(OC(=O)Oc2cc(Cl)c(C([*])(C)C)c(Cl)c2)cc1Cl,240.0
[*]c1c(F)c(F)c(Oc2ccc(C(c3ccc(Oc4c(F)c(F)c(S([*])(=O)=O)c(F)c4F)cc3)(C(F)(F)F)C(F)(F)F)cc2)c(F)c1F,182.0
[*]c1c(F)c(F)c(Oc2ccc(C(c3ccc(Oc4c(F)c(F)c([*])c(F)c4F)cc3)(C(F)(F)F)C(F)(F)F)cc2)c(F)c1F,167.0
[*]c1c([2H])c([2H])c(Oc2c([2H])c([2H])c(S(=O)(=O)c3c([2H])c([2H])c(Oc4c([2H])c([2H])c(C([*])(C([2H])([2H])[2H])C([2H])([2H])[2H])c([2H])c4[2H])c([2H])c3[2H])c([2H])c2[2H])c([2H])c1[2H],175.0
[*]c1cc(-c2ccc(C(=C3C=C(C(C)(C)C)C(=O)C(C(C)(C)C)=C3)c3cc(C(C)(C)C)c(O)c(C(C)(C)C)c3)cc2)c([*])s1,-12.599999999999966
[*]c1cc(-c2ccc(C(=C3C=C(C(C)(C)C)C(=O)C(C(C)(C)C)=C3)c3cc(C(C)(C)C)c(OC(C)=O)c(C(C)(C)C)c3)cc2)c([*])s1,-4.2999999999999545
[*]c1cc(-c2nc3ccc(Cc4ccc5nc([*])oc(=O)c5c4)cc3c(=O)o2)cc(N2C(=O)c3ccccc3C2=O)c1,322.0
[*]c1cc(-c2nc3ccccc3[nH]2)cc(-n2c(=O)c3cc4c(=O)n([*])c(=O)c4cc3c2=O)c1,180.0
[*]c1cc(-c2nc3ccccc3oc2=O)cc(-n2c(=O)c3cc4c(=O)n([*])c(=O)c4cc3c2=O)c1,130.0
[*]c1cc(-c2nc3ccccc3oc2=O)cc(N2C(=O)c3ccc(C(=O)c4ccc5c(c4)C(=O)N([*])C5=O)cc3C2=O)c1,95.0
[*]c1cc(-c2sc(-c3cc(CCCC)c([*])s3)cc2CCCC)c2cccccc1-2,124.0
[*]c1cc(-c2sc(-c3cc(CCCCCCC)c([*])s3)cc2CCCCCCC)c2cccccc1-2,56.0
[*]c1cc(-c2sc(-c3cc(CCCCCCCCCC)c([*])s3)cc2CCCCCCCCCC)c2cccccc1-2,22.5
[*]c1cc(-c2sc(-c3cc(CCCCCCCCCCCCCC)c([*])s3)cc2CCCCCCCCCCCCCC)c2cccccc1-2,-10.0
[*]c1cc(-n2c(=O)c3cc4c(=O)n([*])c(=O)c4cc3c2=O)c(O)cc1O,362.0
[*]c1cc(-n2c(=O)c3cc4c(=O)n([*])c(=O)c4cc3c2=O)ccc1Oc1ccc(C(C)(C)c2ccccc2)cc1,340.0
[*]c1cc(-n2c(=O)c3cc4c(=O)n([*])c(=O)c4cc3c2=O)ccc1Oc1ccc(S(=O)(=O)c2ccc(C)cc2)cc1,320.0
[*]c1cc(/N=N/c2ccc(C#N)cc2)cc([*])c1O,176.0
[*]c1cc(/N=N/c2ccc(OC)cc2)cc([*])c1O,134.0
[*]c1cc(Br)c(-c2c(Br)cc(N3C(=O)c4ccc(-c5ccc6c(c5)C(=O)N([*])C6=O)cc4C3=O)cc2C(=O)OCCCC)c(C(=O)OCCCC)c1,196.0
[*]c1cc(Br)c(-c2c(Br)cc(N3C(=O)c4ccc(-c5ccc6c(c5)C(=O)N([*])C6=O)cc4C3=O)cc2C(=O)OCCCCCC)c(C(=O)OCCCCCC)c1,154.0
[*]c1cc(Br)c(-c2c(Br)cc(N3C(=O)c4ccc(-c5ccc6c(c5)C(=O)N([*])C6=O)cc4C3=O)cc2C(=O)OCCCCCCCC)c(C(=O)OCCCCCCCC)c1,135.5
[*]c1cc(Br)c(-c2c(Br)cc(N3C(=O)c4ccc(-c5ccc6c(c5)C(=O)N([*])C6=O)cc4C3=O)cc2C(=O)OCCCCCCCCCC)c(C(=O)OCCCCCCCCCC)c1,116.0
[*]c1cc(Br)c(-c2c(Br)cc(N3C(=O)c4ccc(-c5ccc6c(c5)C(=O)N([*])C6=O)cc4C3=O)cc2C(=O)OCCCCCCCCCCCC)c(C(=O)OCCCCCCCCCCCC)c1,108.0
[*]c1cc(Br)c(-c2c(Br)cc(N3C(=O)c4ccc(-c5ccc6c(c5)C(=O)N([*])C6=O)cc4C3=O)cc2C(=O)OCCCCCCCCCCCCCC)c(C(=O)OCCCCCCCCCCCCCC)c1,98.0
[*]c1cc(Br)c(-c2c(Br)cc(N3C(=O)c4ccc(-c5ccc6c(c5)C(=O)N([*])C6=O)cc4C3=O)cc2C(=O)OCCCCCCCCCCCCCCCC)c(C(=O)OCCCCCCCCCCCCCCCC)c1,92.0
[*]c1cc(Br)c(-c2c(Br)cc(N3C(=O)c4ccc(-c5ccc6c(c5)C(=O)N([*])C6=O)cc4C3=O)cc2C(=O)OCCCCCCCCCCCCCCCCCC)c(C(=O)OCCCCCCCCCCCCCCCCCC)c1,83.5
[*]c1cc(Br)c(OC(=O)Oc2c(Br)cc(C([*])(C)C)cc2Br)c(Br)c1,228.5
[*]c1cc(Br)c(OC(=O)c2ccc(OCCCCCCCCCCOc3ccc(C(=O)Oc4c(Br)cc(C([*])(C)C)cc4Br)cc3)cc2)c(Br)c1,128.0
[*]c1cc(Br)c(OC(=O)c2cccc(C(=O)Oc3c(Br)cc(C([*])(C)C)cc3Br)c2)c(Br)c1,115.0
[*]c1cc(Br)c(OCCOC(=O)Nc2ccc3c(c2)C(=O)N(c2cccc(P(=O)(c4ccccc4)c4cccc(N5C(=O)c6ccc(NC(=O)OCCOc7c(Br)cc(C([*])(C)C)cc7Br)cc6C5=O)c4)c2)C3=O)c(Br)c1,201.0
[*]c1cc(Br)c(OCCOC(=O)Nc2ccc3c(c2)C(=O)N(c2cccc(P(C)(=O)c4cccc(N5C(=O)c6ccc(NC(=O)OCCOc7c(Br)cc(C([*])(C)C)cc7Br)cc6C5=O)c4)c2)C3=O)c(Br)c1,191.0
[*]c1cc(C(=O)NCCCC)cc(N2C(=O)c3ccc(-c4ccc5c(c4)C(=O)N([*])C5=O)cc3C2=O)c1,291.0
[*]c1cc(C(=O)NCCCCCC)cc(N2C(=O)c3ccc(-c4ccc5c(c4)C(=O)N([*])C5=O)cc3C2=O)c1,256.9
[*]c1cc(C(=O)NCCCCCCCC)cc(N2C(=O)c3ccc(-c4ccc5c(c4)C(=O)N([*])C5=O)cc3C2=O)c1,245.5
[*]c1cc(C(=O)NCCCCCCCCCC)cc(N2C(=O)c3ccc(-c4ccc5c(c4)C(=O)N([*])C5=O)cc3C2=O)c1,245.10000000000002
[*]c1cc(C(=O)NCCCCCCCCCCCC)cc(N2C(=O)c3ccc(-c4ccc5c(c4)C(=O)N([*])C5=O)cc3C2=O)c1,243.10000000000002
[*]c1cc(C(=O)NCCCCCCCCCCCCCC)cc(N2C(=O)c3ccc(-c4ccc5c(c4)C(=O)N([*])C5=O)cc3C2=O)c1,247.60000000000002
[*]c1cc(C(=O)Nc2ccc(OC(=O)c3cc(OCCCCCCCCCCCC)c(OCCCCCCCCCCCC)c(OCCCCCCCCCCCC)c3)cc2)cc(-c2cccc(N3C(=O)C4CC(C5CC(=O)N(c6cccc([*])c6)C5=O)C=C(C)C4C3=O)c2)c1,270.0
[*]c1cc(C(=O)Nc2ccc(OC(=O)c3cc(OCCCCCCCCCCCC)c(OCCCCCCCCCCCC)c(OCCCCCCCCCCCC)c3)cc2)cc(-c2cccc(N3C(=O)c4ccc(S(=O)(=O)c5ccc6c(c5)C(=O)N(c5cccc([*])c5)C6=O)cc4C3=O)c2)c1,268.0
[*]c1cc(C(=O)O)cc(N2C(=O)C3CC(C4CC(=O)N([*])C4=O)c4ccccc4C3C2=O)c1,360.0
[*]c1cc(C(=O)O)cc(N2C(=O)c3cc(Cl)c(C(=O)c4cc5c(cc4Cl)C(=O)N([*])C5=O)cc3C2=O)c1,368.0
[*]c1cc(C(=O)O)cc(N2C(=O)c3ccc(C(=O)c4ccc5c(c4)C(=O)N([*])C5=O)cc3C2=O)c1,314.0
[*]c1cc(C(=O)O)cc(N2C(=O)c3ccc(C(c4ccc5c(c4)C(=O)N([*])C5=O)(C(F)(F)F)C(F)(F)F)cc3C2=O)c1,366.5
[*]c1cc(C(=O)OC)cc(N2C(=O)C3c4ccccc4CC(C4CC(=O)N([*])C4=O)C3C2=O)c1,258.0
[*]c1cc(C(=O)OC)cc(N2C(=O)c3cc(Cl)c(C(=O)c4cc5c(cc4Cl)C(=O)N([*])C5=O)cc3C2=O)c1,321.0
[*]c1cc(C(=O)OCC(F)(F)C(F)(F)C(F)(F)F)c([*])s1,129.0
[*]c1cc(C(=O)OCC)cc(N2C(=O)C3c4ccccc4CC(C4CC(=O)N([*])C4=O)C3C2=O)c1,254.0
[*]c1cc(C(=O)OCCC)cc(N2C(=O)C3c4ccccc4CC(C4CC(=O)N([*])C4=O)C3C2=O)c1,249.0
[*]c1cc(C(=O)OCCCC)cc(N2C(=O)C3c4ccccc4CC(C4CC(=O)N([*])C4=O)C3C2=O)c1,219.0
[*]c1cc(C(=O)OCCCCC)cc(N2C(=O)C3c4ccccc4CC(C4CC(=O)N([*])C4=O)C3C2=O)c1,219.0
[*]c1cc(C(=O)OCCCCCC)cc(N2C(=O)C3c4ccccc4CC(C4CC(=O)N([*])C4=O)C3C2=O)c1,187.0
[*]c1cc(C(=O)OCCCCCCCCCCOc2ccc(-c3ccc(OC(=O)c4ccc(OCC(F)CCCCCC)cc4)cc3)cc2)c([*])s1,151.0
[*]c1cc(C(=O)Oc2ccc(-c3ccc(O[Si](C)(C)C(C)(C)C)cc3)cc2)cc(N2C(=O)c3ccc(-c4ccc5c(c4)C(=O)N([*])C5=O)cc3C2=O)c1,230.0
[*]c1cc(C(=O)Oc2cccc3cccnc23)c([*])s1,154.0
[*]c1cc(C(=O)c2ccccc2)cc(N2C(=O)c3ccc(C(=O)c4ccc5c(c4)C(=O)N([*])C5=O)cc3C2=O)c1,282.0
[*]c1cc(C(C(=O)OC)C(=O)OC)c([*])s1,-20.099999999999966
[*]c1cc(C(C)(C)c2ccc(O)cc2)cc([*])c1O,135.0
[*]c1cc(C(C)C)c(N2C(=O)c3ccc(C(c4ccc5c(c4)C(=O)N(c4c(C(C)C)cc(C([*])(c6ccccc6)C(F)(F)F)cc4C(C)C)C5=O)(C(F)(F)F)C(F)(F)F)cc3C2=O)c(C(C)C)c1,274.0
[*]c1cc(C(C)C)c(Oc2ccc(S(=O)(=O)c3ccc(Oc4c(C(C)C)cc(C([*])(C)C)cc4C(C)C)cc3)cc2)c(C(C)C)c1,175.0
[*]c1cc(C(c2ccc(O)c(-n3c(=O)c4cc5c(=O)n([*])c(=O)c5cc4c3=O)c2)(C(F)(F)F)C(F)(F)F)ccc1O,350.0
[*]c1cc(C)c(-c2c(C)cc(-n3c(=O)c4cc5c(=O)n([*])c(=O)c5cc4c3=O)cc2C)c(C)c1,353.0
[*]c1cc(C)c(-c2c(C)cc(N3C(=O)c4ccc(-c5ccc6c(c5)C(=O)N([*])C6=O)cc4C3=O)cc2C)c(C)c1,280.0
[*]c1cc(C)c(-c2c(C)cc(N3C(=O)c4ccc(C(c5ccc6c(c5)C(=O)N([*])C6=O)(C(F)(F)F)C(F)(F)F)cc4C3=O)cc2C)c(C)c1,346.0
[*]c1cc(C)c(-n2c(=O)c3cc4c(=O)n(-c5c(C)cc([*])cc5C)c(=O)c4cc3c2=O)c(C)c1,340.0
[*]c1cc(C)c(/N=C/c2ccc(OCc3ccc(COc4ccc(/C=N/c5cc(C)c(N6C(=O)c7ccc8c9ccc%10c%11c(ccc(c%12ccc(c7c8%12)C6=O)c%119)C(=O)N([*])C%10=O)cc5C)cc4)cc3)cc2)cc1C,130.0
[*]c1cc(C)c(/N=C/c2ccc(OCc3ccccc3COc3ccc(/C=N/c4cc(C)c(N5C(=O)c6ccc7c8ccc9c%10c(ccc(c%11ccc(c6c7%11)C5=O)c%108)C(=O)N([*])C9=O)cc4C)cc3)cc2)cc1C,128.0
[*]c1cc(C)c(C)c(NC(=O)c2ccc3c(c2)C(=O)N(c2cccc4c(N5C(=O)c6ccc(C(=O)Nc7cc(C([*])(C(F)(F)F)C(F)(F)F)cc(C)c7C)cc6C5=O)cccc24)C3=O)c1,250.0
[*]c1cc(C)c(Cc2cc(C)c(N3C(=O)c4ccc(Oc5ccc(Oc6ccc7c(c6)C(=O)N([*])C7=O)cc5)cc4C3=O)cc2C)cc1C,278.0
[*]c1cc(C)c(N2C(=O)CC(Nc3ccc(Cc4ccc(NC5CC(=O)N(c6c(C)cc(C([*])c7cccnc7)cc6C)C5=O)cc4)cc3)C2=O)c(C)c1,219.0
[*]c1cc(C)c(N2C(=O)CC(Nc3ccc(NC4CC(=O)N(c5c(C)cc(C([*])c6cccnc6)cc5C)C4=O)cc3)C2=O)c(C)c1,231.0
[*]c1cc(C)c(N2C(=O)CC(Nc3cccc(NC4CC(=O)N(c5c(C)cc(C([*])c6cccnc6)cc5C)C4=O)c3)C2=O)c(C)c1,224.0
[*]c1cc(C)c(N2C(=O)c3ccc(-c4ccc5c(c4)C(=O)N(c4c(C)cc(C([*])c6cc(C(F)(F)F)cc(C(F)(F)F)c6)cc4C)C5=O)cc3C2=O)c(C)c1,317.4
[*]c1cc(C)c(N2C(=O)c3ccc(-c4ccc5c(c4)C(=O)N(c4c(C)cc(C([*])c6cccc(C(F)(F)F)c6)cc4C)C5=O)cc3C2=O)c(C)c1,312.9
[*]c1cc(C)c(N2C(=O)c3ccc(-c4ccc5c(c4)C(=O)N(c4c(C)cc(C([*])c6cccc7ccccc67)cc4C)C5=O)cc3C2=O)c(C)c1,326.0
[*]c1cc(C)c(N2C(=O)c3ccc(-c4ccc5c(c4)C(=O)N(c4c(C)cc([*])cc4C)C5=O)cc3C2=O)c(C)c1,285.0
[*]c1cc(C)c(N2C(=O)c3ccc(C(=O)Nc4ccc(/N=N/c5ccc([N+](=O)[O-])cc5)c(NC(=O)c5ccc6c(c5)C(=O)N(c5c(C)cc([*])cc5C)C6=O)c4)cc3C2=O)c(C)c1,278.0
[*]c1cc(C)c(N2C(=O)c3ccc(C(=O)Nc4ccc(C(c5ccc(NC(=O)c6ccc7c(c6)C(=O)N(c6c(C)cc([*])cc6C)C7=O)cc5)(C(F)(F)F)C(F)(F)F)cc4)cc3C2=O)c(C)c1,318.0
[*]c1cc(C)c(N2C(=O)c3ccc(C(=O)Nc4ccc(Cc5ccc(NC(=O)c6ccc7c(c6)C(=O)N(c6c(C)cc([*])cc6C)C7=O)c(C)c5)cc4C)cc3C2=O)c(C)c1,329.0
[*]c1cc(C)c(N2C(=O)c3ccc(C(=O)Oc4ccc(C(c5ccc(OC(=O)c6ccc7c(c6)C(=O)N(c6c(C)cc([*])cc6C)C7=O)cc5)(C(F)(F)F)C(F)(F)F)cc4)cc3C2=O)c(C)c1,335.0
[*]c1cc(C)c(N2C(=O)c3ccc(C(=O)c4ccc5c(c4)C(=O)N(c4c(C)cc(C([*])c6cc(C(F)(F)F)cc(C(F)(F)F)c6)cc4C)C5=O)cc3C2=O)c(C)c1,301.1
[*]c1cc(C)c(N2C(=O)c3ccc(C(=O)c4ccc5c(c4)C(=O)N(c4c(C)cc(C([*])c6cccc(C(F)(F)F)c6)cc4C)C5=O)cc3C2=O)c(C)c1,285.0
[*]c1cc(C)c(N2C(=O)c3ccc(C(=O)c4ccc5c(c4)C(=O)N(c4c(C)cc(C([*])c6cccc7ccccc67)cc4C)C5=O)cc3C2=O)c(C)c1,318.0
[*]c1cc(C)c(N2C(=O)c3ccc(C(=O)c4ccc5c(c4)C(=O)N(c4c(C)cc([*])cc4C)C5=O)cc3C2=O)c(C)c1,310.0
[*]c1cc(C)c(N2C(=O)c3ccc(C(c4ccc5c(c4)C(=O)N(c4c(C)cc(-c6cc(C)c([*])cc6C)cc4C)C5=O)(C(F)(F)F)C(F)(F)F)cc3C2=O)c(C)c1,361.0
[*]c1cc(C)c(N2C(=O)c3ccc(C(c4ccc5c(c4)C(=O)N(c4c(C)cc(C([*])c6cc(C(F)(F)F)cc(C(F)(F)F)c6)cc4C)C5=O)(C(F)(F)F)C(F)(F)F)cc3C2=O)c(C)c1,288.0
[*]c1cc(C)c(N2C(=O)c3ccc(C(c4ccc5c(c4)C(=O)N(c4c(C)cc(C([*])c6cccc(C(F)(F)F)c6)cc4C)C5=O)(C(F)(F)F)C(F)(F)F)cc3C2=O)c(C)c1,286.1
[*]c1cc(C)c(N2C(=O)c3ccc(C(c4ccc5c(c4)C(=O)N(c4c(C)cc(C([*])c6cccc7ccccc67)cc4C)C5=O)(C(F)(F)F)C(F)(F)F)cc3C2=O)c(C)c1,314.0
[*]c1cc(C)c(N2C(=O)c3ccc(C(c4ccc5c(c4)C(=O)N(c4c(C)cc(C6([*])c7ccccc7-c7ccccc76)cc4C)C5=O)(C(F)(F)F)C(F)(F)F)cc3C2=O)c(C)c1,361.0
[*]c1cc(C)c(N2C(=O)c3ccc(C(c4ccc5c(c4)C(=O)N(c4c(C)cc([*])c6ccccc46)C5=O)(C(F)(F)F)C(F)(F)F)cc3C2=O)c2ccccc12,403.0
[*]c1cc(C)c(N2C(=O)c3ccc(C(c4ccc5c(c4)C(=O)N(c4c(C)cc([*])cc4C)C5=O)(C(F)(F)F)C(F)(F)F)cc3C2=O)c(C)c1,370.5
[*]c1cc(C)c(N2C(=O)c3ccc(Oc4cc5ccccc5cc4Oc4ccc5c(c4)C(=O)N(c4c(C)cc([*])cc4C)C5=O)cc3C2=O)c(C)c1,308.0
[*]c1cc(C)c(N2C(=O)c3ccc(Oc4ccc(C(C)(C)c5ccc(Oc6ccc7c(c6)C(=O)N(c6c(C)cc([*])cc6C)C7=O)cc5)cc4)cc3C2=O)c(C)c1,280.0
[*]c1cc(C)c(N2C(=O)c3ccc(Oc4ccc5c(c4)C(=O)N(c4c(C)cc(C([*])c6cc(C(F)(F)F)cc(C(F)(F)F)c6)cc4C)C5=O)cc3C2=O)c(C)c1,281.9
[*]c1cc(C)c(N2C(=O)c3ccc(Oc4ccc5c(c4)C(=O)N(c4c(C)cc(C([*])c6cccc(C(F)(F)F)c6)cc4C)C5=O)cc3C2=O)c(C)c1,264.1
[*]c1cc(C)c(N2C(=O)c3ccc(S(=O)(=O)c4ccc5c(c4)C(=O)N(c4c(C)cc([*])cc4C)C5=O)cc3C2=O)c(C)c1,290.0
[*]c1cc(C)c(N2C(=O)c3cccc(Oc4ccc(C(C)(C)c5ccc(Oc6cccc7c6C(=O)N(c6c(C)cc([*])cc6C)C7=O)cc5)cc4)c3C2=O)c(C)c1,265.0
[*]c1cc(C)c(NC(=O)c2ccc(Oc3cc(C(C)(C)C)c(Oc4ccc(C(=O)Nc5c(C)cc(C([*])(C)C)cc5C)cc4)cc3C(C)(C)C)cc2)c(C)c1,295.0
[*]c1cc(C)c(OC(=O)CCCCC(=O)Oc2c(C)cc(C([*])(C)C)cc2C)c(C)c1,93.0
[*]c1cc(C)c(OC(=O)CCCCC(=O)Oc2c(C)cc([*])cc2C)c(C)c1,108.0
[*]c1cc(C)c(OC(=O)CCCCCC(=O)Oc2c(C)cc(C([*])(C)C)cc2C)c(C)c1,84.0
[*]c1cc(C)c(OC(=O)CCCCCC(=O)Oc2c(C)cc([*])cc2C)c(C)c1,96.0
[*]c1cc(C)c(OC(=O)CCCCCCCCC(=O)Oc2c(C)cc(C([*])(C)C)cc2C)c(C)c1,45.0
[*]c1cc(C)c(OC(=O)CCCCCCCCC(=O)Oc2c(C)cc([*])cc2C)c(C)c1,57.0
[*]c1cc(C)c(OC(=O)Oc2c(C)cc(C([*])(C(F)(F)F)C(F)(F)F)cc2C)c(C)c1,208.0
[*]c1cc(C)c(OC(=O)Oc2c(C)cc(C([*])(C)C)cc2C)c(C)c1,193.0
[*]c1cc(C)c(OC(=O)c2ccc(C(=O)Oc3c(C)cc(C([*])(C)C)cc3C)cc2)c(C)c1,239.0
[*]c1cc(C)c(OC(=O)c2ccc(C(=O)Oc3c(C)cc(C4([*])CCC5CCCCC5C4)cc3C)cc2)c(C)c1,287.0
[*]c1cc(C)c(OC(=O)c2ccc(N3C(=O)CC(Nc4ccc(Cc5ccc(NC6CC(=O)N(c7ccc(C(=O)Oc8c(C)cc(C([*])c9cccnc9)cc8C)cc7)C6=O)cc5)cc4)C3=O)cc2)c(C)c1,186.0
[*]c1cc(C)c(OC(=O)c2ccc(N3C(=O)CC(Nc4ccc(NC5CC(=O)N(c6ccc(C(=O)Oc7c(C)cc(C([*])c8cccnc8)cc7C)cc6)C5=O)cc4)C3=O)cc2)c(C)c1,212.0
[*]c1cc(C)c(OC(=O)c2ccc(N3C(=O)CC(Nc4cccc(NC5CC(=O)N(c6ccc(C(=O)Oc7c(C)cc(C([*])c8cccnc8)cc7C)cc6)C5=O)c4)C3=O)cc2)c(C)c1,194.0
[*]c1cc(C)c(OC(=O)c2ccc(Oc3ccc(C4(c5ccc(Oc6ccc(C(=O)Oc7c(C)cc(C([*])(C)C)cc7C)cc6)cc5)CCC(C(C)(C)C)CC4)cc3)cc2)c(C)c1,176.0
[*]c1cc(C)c(OC(=O)c2ccc3c(c2)C(=O)N(c2c(C)cc(-c4cc(C)c(N5C(=O)c6ccc(C(=O)Oc7c(C)cc(C([*])(C(F)(F)F)C(F)(F)F)cc7C)cc6C5=O)c(C)c4)cc2C)C3=O)c(C)c1,327.0
[*]c1cc(C)c(OC(=O)c2cccc(C(=O)Oc3c(C)cc(C([*])(C)C)cc3C)c2)c(C)c1,187.0
[*]c1cc(C)c(OC(=O)c2cccc(C(=O)Oc3c(C)cc(C4([*])CCC5CCCCC5C4)cc3C)c2)c(C)c1,261.0
[*]c1cc(C)c(OC(=O)c2cccc(C(=O)Oc3c(C)cc(C4([*])c5ccccc5-c5ccccc54)cc3C)c2)c(C)c1,315.0
[*]c1cc(C)c(OCC(O)COc2c(C)cc(C([*])(C)C)cc2C)c(C)c1,130.0
[*]c1cc(C)c(OCC(O)COc2c(C)cc(S(=O)(=O)c3cc(C)c(OCC(O)COc4c(C)cc(C([*])(C)C)cc4C)c(C)c3)cc2C)c(C)c1,145.0
[*]c1cc(C)c(OCC(O)COc2c(C)cc(S([*])(=O)=O)cc2C)c(C)c1,152.5
[*]c1cc(C)c(OCC(O)COc2ccc(C(C)(C)c3ccc(OCC(O)COc4c(C)cc(C([*])(C)C)cc4C)cc3)cc2)c(C)c1,100.0
[*]c1cc(C)c(OCC(O)COc2ccc(C(C)(C)c3ccc(OCC(O)COc4c(C)cc(S([*])(=O)=O)cc4C)cc3)cc2)c(C)c1,137.5
[*]c1cc(C)c(OCC(O)COc2ccc(S(=O)(=O)c3ccc(OCC(O)COc4c(C)cc(C([*])(C)C)cc4C)cc3)cc2)c(C)c1,145.0
[*]c1cc(C)c(OCC(O)COc2ccc(S(=O)(=O)c3ccc(OCC(O)COc4c(C)cc(S([*])(=O)=O)cc4C)cc3)cc2)c(C)c1,145.0
[*]c1cc(C)c(ON2C(=O)c3ccc(Oc4ccc(C5(c6ccc(Oc7ccc8c(c7)C(=O)N(Oc7c(C)cc(C([*])(C)C)cc7C)C8=O)cc6)CCC(C(C)(C)C)CC5)cc4)cc3C2=O)c(C)c1,248.0
[*]c1cc(C)c(OP(=O)(Oc2ccc(Br)cc2)Oc2c(C)cc(S([*])(=O)=O)cc2C)c(C)c1,162.0
[*]c1cc(C)c(OP(=O)(Oc2ccc([N+](=O)[O-])cc2)Oc2c(C)cc(S([*])(=O)=O)cc2C)c(C)c1,173.0
[*]c1cc(C)c(OP(=O)(Oc2ccccc2)Oc2c(C)cc(S([*])(=O)=O)cc2C)c(C)c1,142.0
[*]c1cc(C)c(OS([*])(=O)=O)c(C)c1,153.0
[*]c1cc(C)c(O[Si](C)(C)CC[Si](C)(C)Oc2c(C)cc([*])cc2C)c(C)c1,55.0
[*]c1cc(C)c(O[Si](C)(C)O[Si](C)(C)O[Si](C)(C)O[Si](C)(C)Oc2c(C)cc([*])cc2C)c(C)c1,-16.0
[*]c1cc(C)c(O[Si](C)(C)O[Si](C)(C)O[Si](C)(C)Oc2c(C)cc([*])cc2C)c(C)c1,14.0
[*]c1cc(C)c(O[Si](C)(C)O[Si](C)(C)Oc2c(C)cc([*])cc2C)c(C)c1,55.0
[*]c1cc(C)c(O[Si](C)(C)c2ccc([Si](C)(C)Oc3c(C)cc([*])cc3C)cc2)c(C)c1,67.0
[*]c1cc(C)c(Oc2cc(N3C(=O)c4ccc(-c5ccc6c(c5)C(=O)N(c5cc(Oc7c(C)cc([*])cc7C)cc(C(F)(F)F)c5)C6=O)cc4C3=O)cc(C(F)(F)F)c2)c(C)c1,281.1
[*]c1cc(C)c(Oc2cc(N3C(=O)c4ccc(C(=O)c5ccc6c(c5)C(=O)N(c5cc(Oc7c(C)cc([*])cc7C)cc(C(F)(F)F)c5)C6=O)cc4C3=O)cc(C(F)(F)F)c2)c(C)c1,265.4
[*]c1cc(C)c(Oc2cc(N3C(=O)c4ccc(C(c5ccc6c(c5)C(=O)N(c5cc(Oc7c(C)cc([*])cc7C)cc(C(F)(F)F)c5)C6=O)(C(F)(F)F)C(F)(F)F)cc4C3=O)cc(C(F)(F)F)c2)c(C)c1,264.80000000000007
[*]c1cc(C)c(Oc2cc(N3C(=O)c4ccc(Oc5ccc6c(c5)C(=O)N(c5cc(Oc7c(C)cc([*])cc7C)cc(C(F)(F)F)c5)C6=O)cc4C3=O)cc(C(F)(F)F)c2)c(C)c1,252.20000000000005
[*]c1cc(C)c(Oc2ccc(-n3c(=O)c4cc5c(=O)n(-c6ccc(Oc7c(C)cc(C([*])c8cccc9ccccc89)cc7C)cc6)c(=O)c5cc4c3=O)cc2)c(C)c1,315.0
[*]c1cc(C)c(Oc2ccc(C(=O)c3ccc(Oc4c(C)cc(C5([*])CCC6CCCCC6C5)cc4C)cc3)cc2)c(C)c1,251.0
[*]c1cc(C)c(Oc2ccc(C(=O)c3ccc(Oc4c(C)cc([*])cc4C)cc3)cc2)c(C)c1,246.635
[*]c1cc(C)c(Oc2ccc(C(=O)c3ccc4cc(C(=O)c5ccc(Oc6c(C)cc([*])cc6C)cc5)ccc4c3)cc2)c(C)c1,270.0
[*]c1cc(C)c(Oc2ccc(C(=O)c3ccc4nc(C(=O)c5ccc(Oc6c(C)cc([*])cc6C)cc5)ccc4c3)cc2)c(C)c1,180.0
[*]c1cc(C)c(Oc2ccc(C(=O)c3cccc(C(=O)c4ccc(Oc5c(C)cc(C6([*])CCC7CCCCC7C6)cc5C)cc4)c3)cc2)c(C)c1,224.0
[*]c1cc(C)c(Oc2ccc(C(=O)c3cccc(C(=O)c4ccc(Oc5c(C)cc(C6([*])c7ccccc7-c7ccccc76)cc5C)cc4)c3)cc2)c(C)c1,229.0
[*]c1cc(C)c(Oc2ccc(C(=O)c3ccccc3-c3ccccc3C(=O)c3ccc(Oc4c(C)cc([*])cc4C)cc3)cc2)c(C)c1,233.0
[*]c1cc(C)c(Oc2ccc(N3C(=O)CC(Nc4ccc(Cc5ccc(NC6CC(=O)N(c7ccc(Oc8c(C)cc(C([*])c9cccnc9)cc8C)cc7)C6=O)cc5)cc4)C3=O)cc2)c(C)c1,201.0
[*]c1cc(C)c(Oc2ccc(N3C(=O)CC(Nc4ccc(NC5CC(=O)N(c6ccc(Oc7c(C)cc(C([*])c8cccnc8)cc7C)cc6)C5=O)cc4)C3=O)cc2)c(C)c1,229.0
[*]c1cc(C)c(Oc2ccc(N3C(=O)CC(Nc4cccc(NC5CC(=O)N(c6ccc(Oc7c(C)cc(C([*])c8cccnc8)cc7C)cc6)C5=O)c4)C3=O)cc2)c(C)c1,217.0
[*]c1cc(C)c(Oc2ccc(N3C(=O)c4ccc(-c5ccc6c(c5)C(=O)N(c5ccc(Oc7c(C)cc(C([*])c8cccc9ccccc89)cc7C)cc5)C6=O)cc4C3=O)cc2)c(C)c1,289.5
[*]c1cc(C)c(Oc2ccc(N3C(=O)c4ccc(C(=O)c5ccc6c(c5)C(=O)N(c5ccc(Oc7c(C)cc(C([*])c8cccc9ccccc89)cc7C)cc5)C6=O)cc4C3=O)cc2)c(C)c1,272.0
[*]c1cc(C)c(Oc2ccc(N3C(=O)c4ccc(C(c5ccc6c(c5)C(=O)N(c5ccc(Oc7c(C)cc(C([*])c8cccc9ccccc89)cc7C)cc5)C6=O)(C(F)(F)F)C(F)(F)F)cc4C3=O)cc2)c(C)c1,308.0
[*]c1cc(C)c(Oc2ccc(N3C(=O)c4ccc(Oc5ccc(C6(c7ccc(Oc8ccc9c(c8)C(=O)N(c8ccc(Oc%10c(C)cc(C([*])(C)C)cc%10C)cc8)C9=O)cc7)CCC(c7ccccc7)CC6)cc5)cc4C3=O)cc2)c(C)c1,232.0
[*]c1cc(C)c(Oc2ccc(N3C(=O)c4ccc(Oc5ccccc5Oc5ccc6c(c5)C(=O)N(c5ccc(Oc7c(C)cc([*])cc7C)c(C(F)(F)F)c5)C6=O)cc4C3=O)cc2C(F)(F)F)c(C)c1,270.0
[*]c1cc(C)c(Oc2ccc(NC(=O)c3ccc4c(c3)C(=O)N(c3ccc(Oc5ccc(C6(c7ccc(Oc8ccc(N9C(=O)c%10ccc(C(=O)Nc%11ccc(Oc%12c(C)cc(C([*])(C)C)cc%12C)cc%11)cc%10C9=O)cc8)cc7)CC7CC6C6CCCC76)cc5)cc3)C4=O)cc2)c(C)c1,276.0
[*]c1cc(C)c(Oc2ccc(S(=O)(=O)c3ccc(Oc4c(C)cc(C([*])(C(F)(F)F)C(F)(F)F)cc4C)c(Br)c3)cc2Br)c(C)c1,230.8
[*]c1cc(C)c(Oc2ccc(S(=O)(=O)c3ccc(Oc4c(C)cc(C([*])(C(F)(F)F)C(F)(F)F)cc4C)cc3)cc2)c(C)c1,248.0
[*]c1cc(C)c(Oc2ccc(S(=O)(=O)c3ccc(Oc4c(C)cc(C([*])(C(F)(F)F)C(F)(F)F)cc4C)cc3C(O)(C(F)(F)F)C(F)(F)F)c(C(O)(C(F)(F)F)C(F)(F)F)c2)c(C)c1,196.0
[*]c1cc(C)c(Oc2ccc(S(=O)(=O)c3ccc(Oc4c(C)cc(C([*])(C(F)(F)F)C(F)(F)F)cc4C)cc3[Si](C)(C)C)c([Si](C)(C)C)c2)c(C)c1,197.0
[*]c1cc(C)c(Oc2ccc(S(=O)(=O)c3ccc(Oc4c(C)cc(C([*])(C)C)cc4C)cc3)cc2)c(C)c1,231.3
[*]c1cc(C)c(Oc2ccc(S(=O)(=O)c3ccc(Oc4c(C)cc(C([*])(C)C)cc4C)cc3C(O)(C(F)(F)F)C(F)(F)F)c(C(O)(C(F)(F)F)C(F)(F)F)c2)c(C)c1,187.0
[*]c1cc(C)c(Oc2ccc(S(=O)(=O)c3ccc(Oc4c(C)cc([*])cc4C)cc3)cc2)c(C)c1,280.20000000000005
[*]c1cc(C)c(Oc2ccc(S(=O)(=O)c3ccc(Oc4cc(C)c(C5([*])OC(=O)c6ccccc65)cc4C)cc3)cc2)cc1C,269.0
[*]c1cc(C)c(Oc2ccc(S(=O)(=O)c3ccc4cc(S(=O)(=O)c5ccc(Oc6c(C)cc([*])cc6C)cc5)ccc4c3)cc2)c(C)c1,280.0
[*]c1cc(C)c(Oc2ccc(S(=O)(=O)c3cccc4c(S(=O)(=O)c5ccc(Oc6c(C)cc([*])cc6C)cc5)cccc34)cc2)c(C)c1,262.0
[*]c1cc(C)c(Oc2ccc3c(c2)C(=O)N(c2c(C)cc(Cc4cc(C)c(N5C(=O)c6ccc(Oc7c(C)cc([*])cc7C)cc6C5=O)c(C)c4)cc2C)C3=O)c(C)c1,420.0
[*]c1cc(C)c(Oc2ccc3c(c2)C(=O)N(c2ccc(-c4ccc(N5C(=O)c6ccc(Oc7c(C)cc(C([*])(C)C)cc7C)cc6C5=O)cc4C(F)(F)F)c(C(F)(F)F)c2)C3=O)c(C)c1,262.0
[*]c1cc(C)c(Oc2ccc3c(c2)C(=O)N(c2ccc(Oc4ccc(C(c5ccc(Oc6ccc(N7C(=O)c8ccc(Oc9c(C)cc(C([*])(C)C)cc9C)cc8C7=O)cc6)cc5)(C(F)(F)F)C(F)(F)F)cc4)cc2)C3=O)c(C)c1,244.0
[*]c1cc(C)c(Oc2ccc3c(c2)C(=O)N(c2ccc(Oc4ccc(C5(c6ccc(Oc7ccc(N8C(=O)c9ccc(Oc%10c(C)cc(C([*])(C)C)cc%10C)cc9C8=O)cc7)cc6)C6CC7CC(C6)CC5C7)cc4)cc2)C3=O)c(C)c1,282.0
[*]c1cc(C)c(Oc2ccc3c(c2)C(=O)N(c2ccc(Oc4ccc(C5(c6ccc(Oc7ccc(N8C(=O)c9ccc(Oc%10c(C)cc(C([*])(C)C)cc%10C)cc9C8=O)cc7)cc6)CC6CC5C5CCCC65)cc4)cc2)C3=O)c(C)c1,262.0
[*]c1cc(C)c(Oc2ccc3c(c2)C(=O)N(c2ccc(Oc4ccc(C5(c6ccc(Oc7ccc(N8C(=O)c9ccc(Oc%10c(C)cc(C([*])(C)C)cc%10C)cc9C8=O)cc7)cc6)CC6CCC5C6)cc4)cc2)C3=O)c(C)c1,265.0
[*]c1cc(C)c(Oc2ccc3c(c2)C(=O)N(c2ccc(Oc4ccc(N5C(=O)c6ccc(Oc7c(C)cc([*])cc7C)cc6C5=O)cc4)cc2)C3=O)c(C)c1,299.0
[*]c1cc(C)c(Oc2ccc3c(c2)C(=O)N(c2ccc(Oc4ccc(Oc5ccc(N6C(=O)c7ccc(Oc8c(C)cc(C([*])(C)C)cc8C)cc7C6=O)cc5)cc4C(C)(C)C)cc2)C3=O)c(C)c1,244.0
[*]c1cc(C)c(Oc2ccc3c(c2)C(=O)N(c2cccc(N4C(=O)c5ccc(Oc6c(C)cc([*])cc6C)cc5C4=O)c2)C3=O)c(C)c1,295.0
[*]c1cc(C)c(Oc2cccc3c2C(=O)N(c2c(C)cc(-c4cc(C)c(N5C(=O)c6cccc(Oc7c(C)cc([*])cc7C)c6C5=O)c(C)c4)cc2C)C3=O)c(C)c1,327.0
[*]c1cc(C)c(Oc2cccc3c2C(=O)N(c2c(C)cc(C)c(N4C(=O)c5cccc(Oc6c(C)cc([*])cc6C)c5C4=O)c2C)C3=O)c(C)c1,325.0
[*]c1cc(C)c(Oc2cccc3c2C(=O)N(c2c(C)cc(Cc4cc(C)c(N5C(=O)c6cccc(Oc7c(C)cc([*])cc7C)c6C5=O)c(C)c4)cc2C)C3=O)c(C)c1,289.0
[*]c1cc(C)c(Oc2cccc3c2C(=O)N(c2ccc(Oc4ccc(-c5ccc(Oc6ccc(N7C(=O)c8cccc(Oc9c(C)cc([*])cc9C)c8C7=O)cc6)cc5)cc4)cc2)C3=O)c(C)c1,290.0
[*]c1cc(C)c(Oc2cccc3c2C(=O)N(c2ccc(Oc4ccc(N5C(=O)c6cccc(Oc7c(C)cc([*])cc7C)c6C5=O)cc4)cc2)C3=O)c(C)c1,298.0
[*]c1cc(C)c(Oc2cccc3c2C(=O)N(c2cccc(N4C(=O)c5cccc(Oc6c(C)cc([*])cc6C)c5C4=O)c2)C3=O)c(C)c1,311.0
[*]c1cc(C)c(S(=O)(=O)c2c(C)cc(C([*])(C)C)cc2C)c(C)c1,230.0
[*]c1cc(C)c([*])s1,114.20000000000005
[*]c1cc(CC(=O)OCC)c([*])s1,56.700000000000045
[*]c1cc(CC(=O)OCCCCCCOc2ccc(/N=N/c3ccc(C#N)cc3)cc2)c([*])s1,64.0
[*]c1cc(CC(=O)OCCN(CC)c2ccc(/N=N/c3ccc([N+](=O)[O-])cc3)cc2)c([*])s1,102.0
[*]c1cc(CCCCBr)c([*])s1,19.0
[*]c1cc(CCCCCCCC)c(-c2ccc(C(=O)OCC(COc3ccc(/N=N/c4ccc(C#N)cc4)cc3)OC(=O)c3ccc([*])c(F)c3F)c(F)c2F)cc1CCCCCCCC,61.0
[*]c1cc(CCCCCCOC(=O)COC)c([*])s1,37.0
[*]c1cc(CCCCCCOC(=O)COc2ccccc2)c([*])s1,50.0
[*]c1cc(CCCCCCOC(=O)Cc2ccccc2)c([*])s1,45.0
[*]c1cc(CCCCCCO[Si](C)(C)C)c([*])s1,10.0
[*]c1cc(CCOC(=O)C(C)Br)c([*])s1,49.0
[*]c1cc(CCOC(=O)NCCCC)c([*])s1,67.5
[*]c1cc(CCOCCOC)c([*])[nH]1,-42.99999999999997
[*]c1cc(CCOc2ccc(/N=N/c3ccc(C#N)cc3)cc2)c([*])s1,73.0
[*]c1cc(Cl)c(OC(=O)CCCCC(=O)Oc2c(Cl)cc(C([*])(C)C)cc2Cl)c(Cl)c1,100.0
[*]c1cc(Cl)c(OC(=O)Oc2c(Cl)cc(C([*])(C)C)cc2Cl)c(Cl)c1,227.0
[*]c1cc(Cl)c(OC(=O)c2ccc(OCCCCCCCCCCOc3ccc(C(=O)Oc4c(Cl)cc(C([*])(C)C)cc4Cl)cc3)cc2)c(Cl)c1,140.0
[*]c1cc(Cl)c(OC2=C(Cl)C(=O)N(c3ccc(Cc4ccc(N5C(=O)C(Cl)=C(c6c(Cl)cc(C([*])(C)C)cc6Cl)C5=O)cc4)cc3)C2=O)c(Cl)c1,200.0
[*]c1cc(Cl)c(OCC(O)COc2c(Cl)cc(C([*])(C)C)cc2Cl)c(Cl)c1,135.0
[*]c1cc(N2C(=O)C(=O)N(c3ccc(CCc4ccccc4N4C(=O)C(=O)N([*])C4=O)cc3)C2=O)ccc1C,255.0
[*]c1cc(N2C(=O)c3cc(Cl)c(C(=O)c4cc5c(cc4Cl)C(=O)N([*])C5=O)cc3C2=O)cc(C(C)(C)C)c1,290.0
[*]c1cc(N2C(=O)c3ccc(C(=O)Nc4ccc(Cc5ccc(NC(=O)c6ccc7c(c6)C(=O)N([*])C7=O)c(C)c5)cc4C)cc3C2=O)ccc1/N=N/c1ccc(C)cc1,257.0
[*]c1cc(N2C(=O)c3ccc(C(=O)Nc4ccc(Cc5ccc(NC(=O)c6ccc7c(c6)C(=O)N([*])C7=O)cc5)cc4)cc3C2=O)ccc1/N=N/c1ccc(C)cc1,268.0
[*]c1cc(N2C(=O)c3ccc(C(=O)Nc4ccc(Oc5ccc(C6(c7ccc(Oc8ccc(NC(=O)c9ccc%10c(c9)C(=O)N([*])C%10=O)cc8)cc7)NC(=O)c7ccccc76)cc5)cc4)cc3C2=O)ccc1C,315.0
[*]c1cc(N2C(=O)c3ccc(C(=O)c4ccc5c(c4)C(=O)N([*])C5=O)cc3C2=O)c(C)cc1C,305.0
[*]c1cc(N2C(=O)c3ccc(C(=O)c4ccc5c(c4)C(=O)N([*])C5=O)cc3C2=O)ccc1CP(=O)(OCC)OCC,218.0
[*]c1cc(OC)c(OC(=O)CCCCCCCCC(=O)Oc2c(OC)cc([*])cc2OC)c(OC)c1,94.0
[*]c1cc(OC)c(OC(=O)c2cccc(C(=O)Oc3c(OC)cc([*])cc3OC)c2)c(OC)c1,252.0
[*]c1cc(OCCCC)c([*])cc1OCCCC,37.0
[*]c1cc(OCCCC)cc(N2C(=O)c3ccc(C(=O)c4ccc5c(c4)C(=O)N([*])C5=O)cc3C2=O)c1,244.0
[*]c1cc(OCCCC)cc(N2C(=O)c3ccc(C(c4ccc5c(c4)C(=O)N([*])C5=O)(C(F)(F)F)C(F)(F)F)cc3C2=O)c1,246.0
[*]c1cc(OCCCC)cc(N2C(=O)c3ccc(Oc4ccc5c(c4)C(=O)N([*])C5=O)cc3C2=O)c1,237.0
[*]c1cc(OCCCCCCCC)cc(N2C(=O)c3ccc(C(=O)c4ccc5c(c4)C(=O)N([*])C5=O)cc3C2=O)c1,195.0
[*]c1cc(OCCCCCCCC)cc(N2C(=O)c3ccc(C(c4ccc5c(c4)C(=O)N([*])C5=O)(C(F)(F)F)C(F)(F)F)cc3C2=O)c1,195.0
[*]c1cc(OCCCCCCCC)cc(N2C(=O)c3ccc(Oc4ccc5c(c4)C(=O)N([*])C5=O)cc3C2=O)c1,185.0
[*]c1cc(OCCCCCCCCCCCC)cc(N2C(=O)c3ccc(C(=O)c4ccc5c(c4)C(=O)N([*])C5=O)cc3C2=O)c1,182.0
[*]c1cc(OCCCCCCCCCCCC)cc(N2C(=O)c3ccc(C(c4ccc5c(c4)C(=O)N([*])C5=O)(C(F)(F)F)C(F)(F)F)cc3C2=O)c1,165.0
[*]c1cc(OCCCCCCCCCCCC)cc(N2C(=O)c3ccc(Oc4ccc5c(c4)C(=O)N([*])C5=O)cc3C2=O)c1,162.0
[*]c1cc(OCCCCCCCCCCCCCCCC)cc(N2C(=O)c3ccc(C(=O)c4ccc5c(c4)C(=O)N([*])C5=O)cc3C2=O)c1,179.0
[*]c1cc(OCCCCCCCCCCCCCCCC)cc(N2C(=O)c3ccc(C(c4ccc5c(c4)C(=O)N([*])C5=O)(C(F)(F)F)C(F)(F)F)cc3C2=O)c1,161.0
[*]c1cc(OCCCCCCCCCCCCCCCC)cc(N2C(=O)c3ccc(Oc4ccc5c(c4)C(=O)N([*])C5=O)cc3C2=O)c1,159.0
[*]c1cc(OCCN(CC)c2ccc(/N=N/c3ccc([N+](=O)[O-])cc3)cc2)cc(N2C(=O)c3ccc(C(c4ccc5c(c4)C(=O)N([*])C5=O)(C(F)(F)F)C(F)(F)F)cc3C2=O)c1,210.0
[*]c1cc(SCCCCCC)c([*])s1,32.0
[*]c1cc(SCCCCCCCCCCCC)c([*])s1,33.0
[*]c1cc([*])cc(-c2nc3ccccc3o2)c1,250.0
[*]c1cc2c(OCC(CC)CCCC)c3sc(-c4sc([*])c5c(F)c(C(=O)OCC(CC)CCCC)sc45)cc3c(OCC(CC)CCCC)c2s1,40.0
[*]c1cc2c(cc1-c1ccc(C(C)(C)C)cc1)C(=O)N(c1ccc(C(c3ccc(N4C(=O)c5cc([*])c(-c6ccc(C(C)(C)C)cc6)cc5C4=O)cc3)(C(F)(F)F)C(F)(F)F)cc1)C2=O,381.0
[*]c1cc2c(cc1-c1ccc(C(C)(C)C)cc1)C(=O)N(c1ccc(Cc3ccc(N4C(=O)c5cc([*])c(-c6ccc(C(C)(C)C)cc6)cc5C4=O)cc3)cc1)C2=O,360.0
[*]c1cc2c(cc1-c1ccc(C(C)(C)C)cc1)C(=O)N(c1ccc(Oc3ccc(N4C(=O)c5cc([*])c(-c6ccc(C(C)(C)C)cc6)cc5C4=O)cc3)cc1)C2=O,370.0
[*]c1cc2c(cc1-c1ccc([Si](C)(C)C)cc1)C(=O)N(c1ccc(C(c3ccc(N4C(=O)c5cc([*])c(-c6ccc([Si](C)(C)C)cc6)cc5C4=O)cc3)(C(F)(F)F)C(F)(F)F)cc1)C2=O,365.0
[*]c1cc2c(cc1-c1ccc([Si](C)(C)C)cc1)C(=O)N(c1ccc(Cc3ccc(N4C(=O)c5cc([*])c(-c6ccc([Si](C)(C)C)cc6)cc5C4=O)cc3)cc1)C2=O,348.0
[*]c1cc2c(cc1-c1ccc([Si](C)(C)C)cc1)C(=O)N(c1ccc(Oc3ccc(N4C(=O)c5cc([*])c(-c6ccc([Si](C)(C)C)cc6)cc5C4=O)cc3)cc1)C2=O,348.0
[*]c1cc2c(cc1C)-c1cc(C)c(N3C(=O)c4ccc(-c5ccc6c(c5)C(=O)N([*])C6=O)cc4C3=O)cc1S2(=O)=O,490.0
[*]c1cc2c(s1)c1sc(-c3sc(-c4ccc(-c5cc(CCCCCC)c([*])s5)c5nsnc45)cc3CCCCCC)cc1n2CC(CC)CCCC,90.0
[*]c1ccc(-c2c(-c3ccc(-c4ccccc4)cc3)cc(-c3ccc(OCCCCCCCCCCOc4ccc(-c5cc(-c6ccc(-c7ccccc7)cc6)c(-c6ccc(-n7c(=O)c8cc9c(=O)n([*])c(=O)c9cc8c7=O)cc6)c(-c6ccc(-c7ccccc7)cc6)c5)cc4)cc3)cc2-c2ccc(-c3ccccc3)cc2)cc1,121.0
[*]c1ccc(-c2c(-c3ccc(-c4ccccc4)cc3)cc(-c3ccc(OCCCCCCOc4ccc(-c5cc(-c6ccc(-c7ccccc7)cc6)c(-c6ccc(-n7c(=O)c8cc9c(=O)n([*])c(=O)c9cc8c7=O)cc6)c(-c6ccc(-c7ccccc7)cc6)c5)cc4)cc3)cc2-c2ccc(-c3ccccc3)cc2)cc1,128.5
[*]c1ccc(-c2c(-c3ccccc3)nc3ccc(-c4ccc5nc(-c6ccccc6)c([*])c(-c6ccccc6)c5c4)cc3c2-c2ccccc2)cc1,370.0
[*]c1ccc(-c2c(-c3ccccc3)nc3ccc(Oc4ccc5nc(-c6ccccc6)c([*])c(-c6ccccc6)c5c4)cc3c2-c2ccccc2)cc1,311.0
[*]c1ccc(-c2cc(-c3ccc(OCC(CC)CCCC)cc3)cc(-c3ccc(-c4ccc5c(c4)C(CCCCCC)(CCCCCC)c4cc([*])ccc4-5)cc3)c2-c2ccc(OCC(CC)CCCC)cc2)cc1,110.0
[*]c1ccc(-c2cc(-c3ccccc3)c(/N=C/c3ccc(C=Nc4c(-c5ccccc5)cc([*])cc4-c4ccccc4)cc3)c(-c3ccccc3)c2)cc1,300.0
[*]c1ccc(-c2cc(-c3ccccc3)c3cc(-c4ccc5nc(-c6ccc(C7([*])c8ccccc8C(=O)c8ccccc87)cc6)cc(-c6ccccc6)c5c4)ccc3n2)cc1,417.0
[*]c1ccc(-c2cc(-c3ccccc3)c3cc(-c4ccc5nc([*])cc(-c6ccccc6)c5c4)ccc3n2)cc1,395.0
[*]c1ccc(-c2cc(-c3ccccc3)c3cc(C4(c5ccc6nc(-c7ccc(C8([*])c9ccccc9C(=O)c9ccccc98)cc7)cc(-c7ccccc7)c6c5)c5ccccc5-c5ccccc54)ccc3n2)cc1,385.0
[*]c1ccc(-c2cc(-c3ccccc3)c3cc(C4(c5ccc6nc(-c7ccc(C8([*])c9ccccc9C(=O)c9ccccc98)cc7)cc(-c7ccccc7)c6c5)c5ccccc5C(=O)c5ccccc54)ccc3n2)cc1,390.0
[*]c1ccc(-c2cc(-c3ccccc3)c3cc(Oc4ccc5nc(-c6ccc(C([*])(C(F)(F)F)C(F)(F)F)cc6)cc(-c6ccccc6)c5c4)ccc3n2)cc1,260.0
[*]c1ccc(-c2cc(-c3ccccc3)c3cc(Oc4ccc5nc(-c6ccc(C7([*])c8ccccc8C(=O)c8ccccc87)cc6)cc(-c6ccccc6)c5c4)ccc3n2)cc1,340.0
[*]c1ccc(-c2cc(CCCCCCBr)c([*])s2)s1,51.0
[*]c1ccc(-c2cc(CCCCCCOC(=O)COc3ccccc3)c([*])s2)s1,79.0
[*]c1ccc(-c2cc3ccc4ccccc4c3cc2-c2ccc(N([*])c3ccc(C)cc3)cc2)cc1,126.0
[*]c1ccc(-c2ccc(-c3c(-c4ccccc4)nc4ccc(Oc5ccc6nc(-c7ccccc7)c([*])c(-c7ccccc7)c6c5)cc4c3-c3ccccc3)cc2)cc1,330.0
[*]c1ccc(-c2ccc(-c3cc(-c4ccc(Oc5ccc(-c6cc([*])nc7ccccc67)cc5)cc4)c4ccccc4n3)cc2)cc1,326.0
[*]c1ccc(-c2ccc(-c3cc(-c4ccccc4)c4cc(-c5ccc6nc([*])cc(-c7ccccc7)c6c5)ccc4n3)cc2)cc1,360.0
[*]c1ccc(-c2ccc(-c3cc(-c4ccccc4)c4cc(C5(c6ccc7nc([*])cc(-c8ccccc8)c7c6)c6ccccc6-c6ccccc65)ccc4n3)cc2)cc1,380.0
[*]c1ccc(-c2ccc(-c3cc(-c4ccccc4)c4cc5c(-c6ccccc6)cc([*])nc5cc4n3)cc2)cc1,392.0
[*]c1ccc(-c2ccc(-c3cc(-c4ccccc4)c4cc5nc([*])cc(-c6ccccc6)c5cc4n3)cc2)cc1,383.0
[*]c1ccc(-c2ccc(-c3cc4c5c(c([*])cc6c5c3C(=O)N(CC(CCCCCCCC)CCCCCCCCCC)C6=O)C(=O)N(CC(CCCCCCCC)CCCCCCCCCC)C4=O)s2)s1,74.0
[*]c1ccc(-c2ccc(-c3ccc(-c4cc(-c5ccccc5)c5cc(-c6ccc7nc([*])cc(-c8ccccc8)c7c6)ccc5n4)cc3)cc2)cc1,360.0
[*]c1ccc(-c2ccc(-c3ccc(-c4cc(-c5ccccc5)c5cc(Oc6ccc7nc([*])cc(-c8ccccc8)c7c6)ccc5n4)cc3)cc2)cc1,300.0
[*]c1ccc(-c2ccc(-c3ccc(-c4ccc(-c5cc(-c6ccccc6)c6cc(-c7ccc8nc([*])cc(-c9ccccc9)c8c7)ccc6n5)cc4)cc3)cc2)cc1,355.0
[*]c1ccc(-c2ccc(-c3ccc(-c4ccc(-c5cc(-c6ccccc6)c6cc(Oc7ccc8nc([*])cc(-c9ccccc9)c8c7)ccc6n5)cc4)cc3)cc2)cc1,310.0
[*]c1ccc(-c2ccc(-c3ccc(-c4ccc(-c5ccc([*])n5CCCCCCCCCCCC)s4)s3)s2)s1,54.0
[*]c1ccc(-c2ccc(-c3ccc(-c4ccc(-c5ccc6c(c5)C(=O)N(c5ccc(Cc7ccc(N8C(=O)c9ccc([*])cc9C8=O)cc7)cc5)C6=O)cc4)cc3)cc2)cc1,244.0
[*]c1ccc(-c2ccc(-c3ccc(-c4ccc(-c5ccc6c(c5)C(=O)N(c5ccc(Oc7ccc(N8C(=O)c9ccc([*])cc9C8=O)cc7)cc5)C6=O)cc4)cc3)cc2)cc1,244.0
[*]c1ccc(-c2ccc(-c3ccc(-c4ccc(-c5ccc6c(c5)C(=O)N(c5cccc(N7C(=O)c8ccc([*])cc8C7=O)c5)C6=O)cc4)cc3)cc2)cc1,237.0
[*]c1ccc(-c2ccc(-c3ccc(-c4ccc(N([*])c5ccc(C)cc5)cc4)c4c(C)ccc(C)c34)c3c(C)ccc(C)c23)cc1,148.0
[*]c1ccc(-c2ccc(-c3ccc(-c4ccc([*])n4CCCCCCCCCCCC)s3)s2)s1,52.0
[*]c1ccc(-c2ccc(-c3ccc(-c4ccc([Si](CCCC)(CCCC)[Si]([*])(CCCC)CCCC)s4)s3)s2)s1,-1.0
[*]c1ccc(-c2ccc(-c3ccc(-c4ccc([Si]([*])(CCCC)CCCC)s4)s3)s2)s1,1.0
[*]c1ccc(-c2ccc(-c3ccc(-n4c(=O)c5c(C(F)(F)F)c6c(=O)n([*])c(=O)c6c(C(F)(F)F)c5c4=O)cc3)cc2)cc1,364.0
[*]c1ccc(-c2ccc(-c3ccc(-n4c(=O)c5cc6c(=O)n([*])c(=O)c6c(C(F)(F)F)c5c4=O)cc3)cc2)cc1,364.0
[*]c1ccc(-c2ccc(-c3ccc(Oc4ccc(Sc5ccc(Oc6ccc([*])cc6C(F)(F)F)cc5)cc4)c(C(F)(F)F)c3)cc2)cc1,176.5
[*]c1ccc(-c2ccc(-c3ccc([Si](C)(C)[Si]([*])(C)C)s3)s2)s1,45.0
[*]c1ccc(-c2ccc(-c3ccc([Si](CCCC)(CCCC)[Si]([*])(CCCC)CCCC)s3)s2)s1,-5.0
[*]c1ccc(-c2ccc(-c3ccc([Si]([*])(C)C)s3)s2)s1,45.0
[*]c1ccc(-c2ccc(-c3ccc([Si]([*])(CCCC)CCCC)s3)s2)s1,30.0
[*]c1ccc(-c2ccc(-c3cnc4cc(-c5ccc6nc([*])cnc6c5)ccc4n3)cc2)cc1,345.5
[*]c1ccc(-c2ccc(-c3cnc4cc(Oc5ccc6nc([*])cnc6c5)ccc4n3)cc2)cc1,390.0
[*]c1ccc(-c2ccc(-c3cnc4ccc(-c5ccc6ncc(-c7ccc([*])cc7)nc6c5)cc4n3)cc2)cc1,305.0
[*]c1ccc(-c2ccc(-c3nc4ccc(-c5ccc6nc([*])c(-c7ccccc7)c(-c7ccccc7)c6c5)cc4c(-c4ccccc4)c3-c3ccccc3)cc2)cc1,420.0
[*]c1ccc(-c2ccc(-c3nc4ccccc4c(-c4ccc(Oc5ccc(-c6c(-c7ccccc7)c([*])nc7ccccc67)cc5)cc4)c3-c3ccccc3)cc2)cc1,345.0
[*]c1ccc(-c2ccc(-c3sc(-c4c(F)c(F)c(-c5cc(CC(CCCCCCCC)CCCCCCCCCC)c([*])s5)c5nsnc45)cc3CC(CCCCCCCC)CCCCCCCCCC)s2)s1,28.0
[*]c1ccc(-c2ccc(-c3sc(-c4ccc([Si](C)(C)[Si](C)(C)[Si](C)(C)[Si](C)(C)[Si](C)(C)[Si](C)(C)[Si](C)(C)[Si](C)(C)c5ccc(-c6cc(CCCCCCCC)c([*])s6)s5)s4)cc3CCCCCCCC)s2)s1,13.0
[*]c1ccc(-c2ccc(-c3sc(-c4ccc([Si](C)(C)[Si](C)(C)[Si](C)(C)[Si](C)(C)c5ccc(-c6cc(CCCCCCCC)c([*])s6)s5)s4)cc3CCCCCCCC)s2)s1,6.0
[*]c1ccc(-c2ccc(-c3sc(-c4ccc([Si](C)(C)[Si](C)(C)c5ccc(-c6cc(CCCCCCCC)c([*])s6)s5)s4)cc3CCCCCCCC)s2)s1,12.0
[*]c1ccc(-c2ccc(-c3sc(-c4ccc([Si](C)(C)c5ccc(-c6cc(CCCCCCCC)c([*])s6)s5)s4)cc3CCCCCCCC)s2)s1,31.0
[*]c1ccc(-c2ccc(-c3sc(-c4ccc([Si](CCCC)(CCCC)[Si](CCCC)(CCCC)c5ccc(-c6cc(CCCCCCCC)c([*])s6)s5)s4)cc3CCCCCCCC)s2)s1,-10.0
[*]c1ccc(-c2ccc(-c3sc(-c4ccc([Si](CCCC)(CCCC)c5ccc(-c6cc(CCCCCCCC)c([*])s6)s5)s4)cc3CCCCCCCC)s2)s1,-1.0
[*]c1ccc(-c2ccc(-n3c(=O)c4c(C(F)(F)F)c5c(=O)n([*])c(=O)c5c(C(F)(F)F)c4c3=O)cc2C(F)(F)F)c(C(F)(F)F)c1,304.0
[*]c1ccc(-c2ccc(-n3c(=O)c4c(C(F)(F)F)c5c(=O)n([*])c(=O)c5c(C(F)(F)F)c4c3=O)cc2C)c(C)c1,385.0
[*]c1ccc(-c2ccc(-n3c(=O)c4cc5c(=O)n([*])c(=O)c5c(C(F)(F)F)c4c3=O)cc2C(F)(F)F)c(C(F)(F)F)c1,373.0
[*]c1ccc(-c2ccc(-n3c(=O)c4cc5c(=O)n([*])c(=O)c5c(C(F)(F)F)c4c3=O)cc2C)c(C)c1,373.0
[*]c1ccc(-c2ccc(-n3c(=O)c4cc5c(=O)n([*])c(=O)c5cc4c3=O)cc2F)c(F)c1,398.0
[*]c1ccc(-c2ccc(-n3c(=O)c4cc5c(=O)n([*])c(=O)c5cc4c3=O)cc2OC)c(OC)c1,328.0
[*]c1ccc(-c2ccc(C(=O)c3ccc4c(c3)C(=O)N(c3ccc(Cc5ccc(N6C(=O)c7ccc(C(=O)c8ccc(-c9ccc(C([*])(C)C)cc9)cc8)cc7C6=O)cc5)cc3)C4=O)cc2)cc1,216.0
[*]c1ccc(-c2ccc(C([*])(C(F)(F)F)C(F)(F)F)cc2)cc1,264.0
[*]c1ccc(-c2ccc(C3([*])CCCCC3)cc2)cc1,287.0
[*]c1ccc(-c2ccc(C3([*])c4ccccc4-c4ccccc43)cc2)cc1,297.0
[*]c1ccc(-c2ccc(N([*])c3cc(C(F)(F)F)cc(C(F)(F)F)c3)cc2)cc1,209.0
[*]c1ccc(-c2ccc(N([*])c3ccc(C(F)(F)F)cc3)cc2)cc1,225.0
[*]c1ccc(-c2ccc(N([*])c3ccc(C)cc3)cc2)cc1,85.0
[*]c1ccc(-c2ccc(N([*])c3ccc(CCCC)cc3)cc2)cc1,180.0
[*]c1ccc(-c2ccc(N(c3ccc(C)cc3)c3ccc(C(c4ccccc4)c4ccc(N([*])c5ccc(C)cc5)cc4)cc3)cc2)cc1,239.0
[*]c1ccc(-c2ccc(N(c3ccc(OC)cc3)c3ccc4ccc(N([*])c5ccc(OC)cc5)cc4c3)cc2)cc1,232.0
[*]c1ccc(-c2ccc(N(c3ccccc3)c3ccc(-c4ccc(N(c5ccccc5)c5ccc(-c6ccc(-n7c(=O)c8cc9c(=O)n([*])c(=O)c9cc8c7=O)cc6)cc5)cc4)cc3)cc2)cc1,220.0
[*]c1ccc(-c2ccc(N3C(=O)c4c(c(-c5ccccc5)c(-c5ccc(Oc6ccc(-c7c(-c8ccccc8)c8c(c(-c9ccccc9)c7-c7ccccc7)C(=O)N([*])C8=O)cc6)cc5)c(-c5ccccc5)c4-c4ccccc4)C3=O)cc2)cc1,399.0
[*]c1ccc(-c2ccc(N3C(=O)c4cc5c(cc4C3=O)C(C(F)(F)F)(C(F)(F)F)c3cc4c(cc3O5)C(=O)N([*])C4=O)cc2C(F)(F)F)c(C(F)(F)F)c1,420.0
[*]c1ccc(-c2ccc(N3C(=O)c4cc5c(cc4C3=O)C(C(F)(F)F)(C(F)(F)F)c3cc4c(cc3O5)C(=O)N([*])C4=O)cc2OC(C)(F)F)c(OC(C)(F)F)c1,363.0
[*]c1ccc(-c2ccc(N3C(=O)c4cc5c(cc4C3=O)C(C(F)(F)F)(C(F)(F)F)c3cc4c(cc3O5)C(=O)N([*])C4=O)cc2OC(F)(F)F)c(OC(F)(F)F)c1,375.0
[*]c1ccc(-c2ccc(N3C(=O)c4cc5c(cc4C3=O)C(c3ccccc3)(C(F)(F)F)c3cc4c(cc3O5)C(=O)N([*])C4=O)cc2C(F)(F)F)c(C(F)(F)F)c1,400.0
[*]c1ccc(-c2ccc(N3C(=O)c4cc5c(cc4C3=O)C(c3ccccc3)(C(F)(F)F)c3cc4c(cc3O5)C(=O)N([*])C4=O)cc2OC(F)(F)F)c(OC(F)(F)F)c1,400.0
[*]c1ccc(-c2ccc(N3C(=O)c4ccc(C(=O)Oc5c(C)cc(C(C)(C)c6cc(C)c(OC(=O)c7ccc8c(c7)C(=O)N([*])C8=O)c(C)c6)cc5C)cc4C3=O)cc2C)c(C)c1,182.0
[*]c1ccc(-c2ccc(N3C(=O)c4ccc(C(=O)Oc5cc(OC(=O)c6ccc7c(c6)C(=O)N([*])C7=O)ccc5C56CC7CC(CC(C7)C5)C6)cc4C3=O)cc2C)c(C)c1,225.0
[*]c1ccc(-c2ccc(N3C(=O)c4ccc(C(=O)Oc5ccc(C(C)(C)c6ccc(OC(=O)c7ccc8c(c7)C(=O)N([*])C8=O)cc6)cc5)cc4C3=O)cc2C)c(C)c1,166.0
[*]c1ccc(-c2ccc(N3C(=O)c4ccc(C(=O)Oc5ccc(C6(c7ccc(OC(=O)c8ccc9c(c8)C(=O)N([*])C9=O)cc7)C7CC8CC(C7)CC6C8)cc5)cc4C3=O)cc2C)c(C)c1,222.0
[*]c1ccc(-c2ccc(N3C(=O)c4ccc(C(=O)Oc5ccc(C6(c7ccc(OC(=O)c8ccc9c(c8)C(=O)N([*])C9=O)cc7)CC7CC6C6CCCC76)cc5)cc4C3=O)cc2C)c(C)c1,226.0
[*]c1ccc(-c2ccc(N3C(=O)c4ccc(C(=O)Oc5ccc(C6(c7ccc(OC(=O)c8ccc9c(c8)C(=O)N([*])C9=O)cc7)CCC(C(C)(C)C)CC6)cc5)cc4C3=O)cc2C)c(C)c1,217.0
[*]c1ccc(-c2ccc(N3C(=O)c4ccc(C(=O)Oc5ccc(C6(c7ccc(OC(=O)c8ccc9c(c8)C(=O)N([*])C9=O)cc7)CCCCCCCCCCC6)cc5)cc4C3=O)cc2C)c(C)c1,204.0
[*]c1ccc(-c2ccc(N3C(=O)c4ccc(C(=O)c5ccc6c(c5)C(=O)N([*])C6=O)cc4C3=O)cc2C)c(C)c1,385.0
[*]c1ccc(-c2ccc(N3C(=O)c4ccc(C(c5ccc6c(c5)C(=O)N([*])C6=O)(C(F)(F)F)C(F)(F)F)cc4C3=O)cc2-c2ccc(C)cc2)c(-c2ccc(C)cc2)c1,286.0
[*]c1ccc(-c2ccc(N3C(=O)c4ccc(C(c5ccc6c(c5)C(=O)N([*])C6=O)(C(F)(F)F)C(F)(F)F)cc4C3=O)cc2C#N)c(C#N)c1,331.0
[*]c1ccc(-c2ccc(N3C(=O)c4ccc(C(c5ccc6c(c5)C(=O)N([*])C6=O)(C(F)(F)F)C(F)(F)F)cc4C3=O)cc2C)c(C)c1,325.0
[*]c1ccc(-c2ccc(N3C(=O)c4ccc(Oc5ccc6c(c5)C(=O)N([*])C6=O)cc4C3=O)cc2C)c(C)c1,325.0
[*]c1ccc(-c2ccc(N3C(=O)c4cccc(-c5ccc6c(c5)C(=O)N([*])C6=O)c4C3=O)cc2C)c(C)c1,372.0
[*]c1ccc(-c2ccc(OCCCC)c(-c3cc([*])ccc3OCCCC)c2)cc1,164.0
[*]c1ccc(-c2ccc(OCCCCCC)c(-c3cc([*])ccc3OCCCCCC)c2)cc1,117.0
[*]c1ccc(-c2ccc(OCCCCCCCC)c(-c3cc([*])ccc3OCCCCCCCC)c2)cc1,87.0
[*]c1ccc(-c2ccc(OCCCCCCCCCC)c(-c3cc([*])ccc3OCCCCCCCCCC)c2)cc1,58.0
[*]c1ccc(-c2ccc(Oc3ccc(-c4ccc(Oc5ccc([*])cc5C(F)(F)F)cc4)cc3)c(C(F)(F)F)c2)cc1,203.5
[*]c1ccc(-c2ccc(Oc3ccc(C(c4ccc(Oc5ccc([*])cc5C(F)(F)F)cc4)(C(F)(F)F)C(F)(F)F)cc3)c(C(F)(F)F)c2)cc1,207.5
[*]c1ccc(-c2ccc(Oc3ccc(C4(c5ccc(Oc6ccc([*])cc6C(F)(F)F)cc5)c5ccccc5-c5ccccc54)cc3)c(C(F)(F)F)c2)cc1,237.0
[*]c1ccc(-c2ccc(Oc3ccc(Sc4ccc(Oc5ccc([*])cc5C(F)(F)F)cc4)cc3)c(C(F)(F)F)c2)cc1,164.5
[*]c1ccc(-c2ccc([Si](C)(C)[Si]([*])(C)C)s2)s1,45.0
[*]c1ccc(-c2ccc([Si](C)(C)c3ccc4c(c3)C(=O)N(c3cccc(Cc5cccc(N6C(=O)c7ccc([Si]([*])(C)C)cc7C6=O)c5)c3)C4=O)cc2)cc1,285.0
[*]c1ccc(-c2ccc([Si](CCCC)(CCCC)[Si]([*])(CCCC)CCCC)s2)s1,-19.99999999999997
[*]c1ccc(-c2ccc([Si]([*])(C)C)s2)s1,45.0
[*]c1ccc(-c2ccc([Si]([*])(CCCC)CCCC)s2)s1,-10.0
[*]c1ccc(-c2ccc3c(c2)C(=O)N(CCCCCCCCCCCCN2C(=O)c4ccc([*])cc4C2=O)C3=O)cc1,86.0
[*]c1ccc(-c2ccc3c(c2)C(=O)N(CCCCCCCCCCCN2C(=O)c4ccc([*])cc4C2=O)C3=O)cc1,89.0
[*]c1ccc(-c2ccc3c(c2)C(=O)N(CCCCCCCCCCN2C(=O)c4ccc([*])cc4C2=O)C3=O)cc1,103.0
[*]c1ccc(-c2ccc3c(c2)C(=O)N(CCCCCCCCCN2C(=O)c4ccc([*])cc4C2=O)C3=O)cc1,104.0
[*]c1ccc(-c2ccc3c(c2)C(=O)N(CCCCCCCCN2C(=O)c4ccc([*])cc4C2=O)C3=O)cc1,120.0
[*]c1ccc(-c2ccc3c(c2)C(=O)N(CCCCCCCN2C(=O)c4ccc([*])cc4C2=O)C3=O)cc1,135.0
[*]c1ccc(-c2ccc3c(c2)C(=O)N(CCCCCCN2C(=O)c4ccc([*])cc4C2=O)C3=O)cc1,141.0
[*]c1ccc(-c2ccc3c(c2)C(CCCCCC)(CCCCCC)c2cc(-c4ccc(-c5cc(-c6ccc(OCCCCCC)cc6)cc([*])c5-c5ccc(OCCCCCC)cc5)cc4)ccc2-3)cc1,118.0
[*]c1ccc(-c2ccc3c(c2)C(CCCCCC)(CCCCCC)c2cc(-c4ccc(-c5cc(-c6ccc(OCCCCCCCCCCCC)cc6)cc([*])c5-c5ccc(OCCCCCCCCCCCC)cc5)cc4)ccc2-3)cc1,79.0
[*]c1ccc(-c2ccc3c(c2)C(CCCCCC)(CCCCCC)c2cc([*])ccc2-3)cc1,106.20000000000005
[*]c1ccc(-c2ccc3c(c2)C(CCCCCCBr)(CCCCCCBr)c2cc([*])ccc2-3)cc1,122.0
[*]c1ccc(-c2ccc3c(c2)C(CCCCCCC#N)(CCCCCCC#N)c2cc([*])ccc2-3)cc1,90.0
[*]c1ccc(-c2ccc3c(c2)C(CCCCCCCC)(CCCCCCCC)c2cc([*])ccc2-3)c(F)c1,34.0
[*]c1ccc(-c2ccc3c(c2)C(CCCCCCCC)(CCCCCCCC)c2cc([*])ccc2-3)cc1,81.0
[*]c1ccc(-c2ccc3ccc4ccc(-c5ccc(-c6cc(CCCCCC)c([*])cc6CCCCCC)cc5)nc4c3n2)cc1,190.0
[*]c1ccc(-c2ccc3nc([*])cc(-c4ccccc4)c3c2)cc1,383.0
[*]c1ccc(-c2ccn(-c3ccc(-n4ccc([*])n4)cc3)n2)cc1,75.0
[*]c1ccc(-c2ccn(CCCCCCn3ccc([*])n3)n2)cc1,55.0
[*]c1ccc(-c2cnc3cc(-c4ccc5nc([*])cnc5c4)ccc3n2)cc1,350.0
[*]c1ccc(-c2cnc3cc(-c4ccc5ncc([*])nc5c4)ccc3n2)cc1,376.0
[*]c1ccc(-c2cnc3cc(Oc4ccc5nc([*])cnc5c4)ccc3n2)cc1,306.0
[*]c1ccc(-c2cnc3cc4nc([*])cnc4cc3n2)cc1,392.0
[*]c1ccc(-c2cnc3cc4ncc([*])nc4cc3n2)cc1,392.0
[*]c1ccc(-c2cnc3ccc(-c4ccc5ncc([*])nc5c4)cc3n2)cc1,376.0
[*]c1ccc(-c2cnc3ccc(Oc4ccc5ncc([*])nc5c4)cc3n2)cc1,306.0
[*]c1ccc(-c2nc3cc(-c4ccc5nc(-c6ccccc6)c(-c6ccc(-n7c(=O)c8cc9c(=O)n([*])c(=O)c9cc8c7=O)cc6)nc5c4)ccc3nc2-c2ccccc2)cc1,217.0
[*]c1ccc(-c2nc3cc(-c4ccc5nc(-c6ccccc6)c(-c6ccc(N7C(=O)C8OC9C(=O)N([*])C(=O)C9C8C7=O)cc6)nc5c4)ccc3nc2-c2ccccc2)cc1,230.0
[*]c1ccc(-c2nc3cc(-c4ccc5oc([*])nc5c4)ccc3o2)cc1,430.0
[*]c1ccc(-c2nc3cc(C(c4ccc5oc(-c6ccc(C([*])(C(F)(F)F)C(F)(F)F)cc6)nc5c4)(C(F)(F)F)C(F)(F)F)ccc3o2)cc1,336.0
[*]c1ccc(-c2nc3cc(C(c4ccc5oc(-c6ccc(C([*])(c7ccccc7)C(F)(F)F)cc6)nc5c4)(C(F)(F)F)C(F)(F)F)ccc3o2)cc1,310.0
[*]c1ccc(-c2nc3cc(C(c4ccccc4)(c4ccc5oc(-c6ccc(C([*])(c7ccccc7)C(F)(F)F)cc6)nc5c4)C(F)(F)F)ccc3o2)cc1,330.0
[*]c1ccc(-c2nc3cc(C)ccc3o2)c([*])c1,221.0
[*]c1ccc(-c2nc3cc(Oc4ccc5nc(-c6ccccc6)c(-c6ccc(-n7c(=O)c8cc9c(=O)n([*])c(=O)c9cc8c7=O)cc6)nc5c4)ccc3nc2-c2ccccc2)cc1,274.0
[*]c1ccc(-c2nc3cc(S(=O)(=O)c4ccc5nc(-c6ccccc6)c(-c6ccc(-n7c(=O)c8cc9c(=O)n([*])c(=O)c9cc8c7=O)cc6)nc5c4)ccc3nc2-c2ccccc2)cc1,186.0
[*]c1ccc(-c2nc3cc4nc(-c5ccccc5)c([*])nc4cc3nc2-c2ccccc2)cc1,395.0
[*]c1ccc(-c2nc3cc4nc([*])c(-c5ccccc5)nc4cc3nc2-c2ccccc2)cc1,395.0
[*]c1ccc(-c2nc3cc4sc([*])nc4cc3s2)cc1,25.0
[*]c1ccc(-c2nc3ccc(-c4ccc5nc(-c6ccc(C([*])(C(F)(F)F)C(F)(F)F)cc6)[nH]c5c4)cc3[nH]2)cc1,269.0
[*]c1ccc(-c2nc3ccc(-c4ccc5nc(-c6ccc(C([*])(C(F)(F)F)C(F)(F)F)cc6)oc5c4)cc3o2)cc1,345.0
[*]c1ccc(-c2nc3ccc(-c4ccc5nc(-c6ccc(C([*])(c7ccccc7)C(F)(F)F)cc6)oc5c4)cc3o2)cc1,350.0
[*]c1ccc(-c2nc3ccc(-c4ccc5nc([*])c(-c6ccccc6)c(-c6ccccc6)c5c4)cc3c(-c3ccccc3)c2-c2ccccc2)cc1,400.0
[*]c1ccc(-c2nc3ccc(Oc4ccc5nc([*])c(-c6ccccc6)c(-c6ccccc6)c5c4)cc3c(-c3ccccc3)c2-c2ccccc2)cc1,345.0
[*]c1ccc(-c2nc3ccccc3o2)c([*])c1,229.0
[*]c1ccc(-c2nnc(-c3ccc(-c4ccc(-c5nnc(-c6ccc([Si]([*])(c7ccccc7)c7ccccc7)cc6)o5)cc4)cc3)o2)cc1,278.0
[*]c1ccc(-c2nnc(-c3ccc(-c4nnc(-c5ccc([Si]([*])(c6ccccc6)c6ccccc6)cc5)o4)c4ccccc34)o2)cc1,273.0
[*]c1ccc(-c2nnc(-c3ccc(-c4nnc(-c5ccc([Si]([*])(c6ccccc6)c6ccccc6)cc5)o4)cc3)o2)cc1,274.0
[*]c1ccc(-c2nnc(-c3ccc(-c4nnc(-c5ccc([Si]([*])(c6ccccc6)c6ccccc6)cc5)o4)nc3)o2)cc1,272.0
[*]c1ccc(-c2nnc(-c3ccc(-c4nnc(-c5ccc([Si]([*])(c6ccccc6)c6ccccc6)cc5)o4)o3)o2)cc1,276.0
[*]c1ccc(-c2nnc(-c3ccc(C4([*])OC(=O)c5ccccc54)cc3)o2)cc1,380.0
[*]c1ccc(-c2nnc(-c3ccc([Si]([*])(c4ccccc4)c4ccccc4)cc3)o2)cc1,262.0
[*]c1ccc(-c2nnc(-c3cccc(-c4nnc(-c5ccc([Si]([*])(c6ccccc6)c6ccccc6)cc5)o4)n3)o2)cc1,265.0
[*]c1ccc(-c2nnc(-c3cccc(-c4nnc([*])n4-c4ccccc4)c3)n2-c2ccccc2)cc1,272.5
[*]c1ccc(-c2nnc(-c3cncc(-c4nnc(-c5ccc([Si]([*])(c6ccccc6)c6ccccc6)cc5)o4)c3)o2)cc1,272.0
[*]c1ccc(-c2nnc([*])o2)c(OCC)c1,231.0
[*]c1ccc(-c2nnc([*])o2)c(OCCCCC)c1,205.0
[*]c1ccc(-c2nnc([*])o2)c(OCCCCCCCC)c1,173.0
[*]c1ccc(-c2nnc([*])o2)c(OCCCCCCCCCC)c1,165.0
[*]c1ccc(-c2sc(-c3cc(CCCC)c([*])s3)cc2CCCC)cc1,122.30000000000001
[*]c1ccc(-c2sc(-c3cc(CCCCCCCC)c([*])s3)cc2CCCCCCCC)cc1,50.400000000000034
[*]c1ccc(-c2sc(-c3cc(CCCCCCCCCCCC)c([*])s3)cc2CCCCCCCCCCCC)cc1,59.60000000000002
[*]c1ccc(-c2sc(-c3cc(SCCCC)c([*])s3)cc2SCCCC)cc1,129.0
[*]c1ccc(-c2sc(-c3cc(SCCCCCCCC)c([*])s3)cc2SCCCCCCCC)cc1,55.30000000000001
[*]c1ccc(-c2sc(-c3cc(SCCCCCCCCCCCC)c([*])s3)cc2SCCCCCCCCCCCC)cc1,65.40000000000003
[*]c1ccc(-c2sc(-c3ccc(-c4cc(CCCC)c([*])s4)cc3)cc2CCCC)cc1,58.30000000000001
[*]c1ccc(-c2sc(-c3ccc(-c4cc(CCCCCCCC)c([*])s4)cc3)cc2CCCCCCCC)cc1,-4.0
[*]c1ccc(-c2sc(-c3ccc(-c4cc(CCCCCCCC)c([*])s4)cn3)cc2CCCCCCCC)cc1,16.200000000000045
[*]c1ccc(-c2sc(-c3ccc(-c4cc(CCCCCCCCCCCC)c([*])s4)cc3)cc2CCCCCCCCCCCC)cc1,-19.19999999999999
[*]c1ccc(-c2sc(-c3ccc(-c4cc(SCCCC)c([*])s4)cc3)cc2SCCCC)cc1,26.400000000000034
[*]c1ccc(-c2sc(-c3ccc(-c4cc(SCCCCCCCC)c([*])s4)cc3)cc2SCCCCCCCC)cc1,-38.79999999999998
[*]c1ccc(-c2sc(-c3ccc(-c4ccc(-c5cc(CCCCCCCC)c([*])s5)cc4)cc3)cc2CCCCCCCC)cc1,0.6000000000000227
[*]c1ccc(-c2sc(-c3ccc(-n4c(=O)c5cc6c(=O)n([*])c(=O)c6cc5c4=O)cc3)c(-c3ccccc3)c2-c2ccccc2)cc1,460.0
[*]c1ccc(-n2c(=O)c3cc4c(=O)n(-c5ccc(-c6cc(-c7ccc(OCCCC#N)cc7)cc([*])n6)cc5)c(=O)c4cc3c2=O)cc1,345.0
[*]c1ccc(-n2c(=O)c3cc4c(=O)n(-c5ccc(N([*])c6ccc(C#N)cc6)cc5)c(=O)c4cc3c2=O)cc1,353.0
[*]c1ccc(-n2c(=O)c3cc4c(=O)n(-c5ccc(Oc6c(C(C)(C)C)cc([*])cc6C(C)(C)C)c(C(F)(F)F)c5)c(=O)c4cc3c2=O)cc1,420.0
[*]c1ccc(-n2c(=O)c3cc4c(=O)n(-c5ccc(Oc6c(C(C)(C)C)cc([*])cc6C(C)(C)C)cc5)c(=O)c4cc3c2=O)cc1,398.5
[*]c1ccc(-n2c(=O)c3cc4c(=O)n([*])c(=O)c4cc3c2=O)cc1,417.0
[*]c1ccc(-n2c(=O)c3cc4c(=O)n([*])c(=O)c4cc3c2=O)cc1S(=O)(=O)O[Na],227.0
[*]c1ccc(-n2nccc2-c2ccc(-c3ccnn3-c3ccc(S([*])(=O)=O)cc3)cc2)cc1,266.0
[*]c1ccc(-n2nccc2-c2cccc(-c3ccnn3-c3ccc(S([*])(=O)=O)cc3)c2)cc1,218.0
[*]c1ccc(/C=C(\C#N)C(=O)NC2CCCCC2NC(=O)/C(C#N)=C/c2ccc(N(CC)c3ccc(Oc4ccc(N([*])CC)cc4)cc3)cc2)cc1,235.0
[*]c1ccc(/C=C/c2ccc(-n3c(=O)c4cc5c(=O)n([*])c(=O)c5cc4c3=O)cc2S(=O)(=O)O[Na])c(S(=O)(=O)O[Na])c1,228.0
[*]c1ccc(/C=N/c2ccc(Oc3ccc(/N=C/c4ccc(N([*])c5ccccc5)cc4)cc3)cc2)cc1,162.0
[*]c1ccc(/C=N/c2ccc(Oc3cccc(Oc4ccc(/N=C/c5ccc(N([*])c6ccccc6)cc5)cc4)c3)cc2)cc1,174.0
[*]c1ccc(/N=C/Nc2ccc(S([*])(=O)=O)cc2)cc1,163.0
[*]c1ccc(/N=C/c2ccc(-c3ccc(-c4ccc(/C=N/c5ccc(C([*])c6ccccc6)cc5)cc4)s3)cc2)cc1,129.0
[*]c1ccc(/N=C/c2ccc(OCCCCCCCCCCOc3ccc(/C=N/c4ccc([*])cc4OC)c(O)c3)cc2O)c(OC)c1,72.0
[*]c1ccc(/N=N/c2ccc(OCC)cc2)cc1C(=O)OCCCCCCOC(=O)c1cc(/N=N/c2ccc(OCC)cc2)ccc1[*],83.0
[*]c1ccc(/N=N/c2ccc(OCC)cc2)cc1C(=O)OCCCOC(=O)c1cc(/N=N/c2ccc(OCC)cc2)ccc1[*],101.0
[*]c1ccc(/N=N/c2ccc(OCC)cc2)cc1C(=O)OCCOCCOCCOC(=O)c1cc(/N=N/c2ccc(OCC)cc2)ccc1[*],65.0
[*]c1ccc(/N=N/c2ccc(OCC)cc2)cc1C(=O)Oc1ccc(-c2ccc(OC(=O)c3cc(/N=N/c4ccc(OCC)cc4)ccc3[*])cc2)cc1,165.0
[*]c1ccc(/N=N/c2ccc(OCC)cc2)cc1C(=O)Oc1ccc(OC(=O)c2cc(/N=N/c3ccc(OCC)cc3)ccc2[*])cc1,170.0
[*]c1ccc(C(=O)N2CCN(C(=O)c3ccc(C([*])(C)CC)cc3)CC2)cc1,232.0
[*]c1ccc(C(=O)NCCCCCCNC(=O)c2ccc(C([*])(C)CC)cc2)cc1,164.0
[*]c1ccc(C(=O)NCCCCCCNC(=O)c2ccc3c(c2)C([*])(C)CC3(C)C)cc1,190.0
[*]c1ccc(C(=O)NCCCCNC(=O)c2ccc(C([*])(C)CC)cc2)cc1,182.0
[*]c1ccc(C(=O)NCCN(CCNC(=O)c2ccc([Si]([*])(C)C)cc2)c2ccc(/C=C/c3ccc([N+](=O)[O-])cc3)cc2)cc1,150.0
[*]c1ccc(C(=O)NCCN(CCNC(=O)c2ccc([Si]([*])(CCCC)CCCC)cc2)c2ccc(/C=C/c3ccc([N+](=O)[O-])cc3)cc2)cc1,115.0
[*]c1ccc(C(=O)Nc2ccc(C(=O)Nc3ccc(-c4ccc(NC(=O)c5ccc(NC(=O)c6ccc([Si]([*])(C)C)cc6)cc5)cc4)cc3)cc2)cc1,320.0
[*]c1ccc(C(=O)Nc2ccc(C(=O)Nc3ccc(-c4sc(-c5ccc(NC(=O)c6ccc(NC(=O)c7ccc([Si]([*])(C)C)cc7)cc6)cc5)c(-c5ccccc5)c4-c4ccccc4)cc3)cc2)cc1,337.0
[*]c1ccc(C(=O)Nc2ccc(C(=O)Nc3ccc(Cc4ccc(NC(=O)c5ccc(NC(=O)c6ccc([Si]([*])(C)C)cc6)cc5)cc4)cc3)cc2)cc1,300.0
[*]c1ccc(C(=O)Nc2ccc(C(=O)Nc3ccc(NC(=O)c4ccc(NC(=O)c5ccc([Si]([*])(C)C)cc5)cc4)cc3)cc2)cc1,338.0
[*]c1ccc(C(=O)Nc2ccc(C(=O)Nc3ccc(Oc4ccc(NC(=O)c5ccc(NC(=O)c6ccc([Si]([*])(C)C)cc6)cc5)cc4)cc3)cc2)cc1,304.0
[*]c1ccc(C(=O)Nc2ccc(C(=O)Nc3ccc(S(=O)(=O)c4ccc(NC(=O)c5ccc(NC(=O)c6ccc([Si]([*])(C)C)cc6)cc5)cc4)cc3)cc2)cc1,315.0
[*]c1ccc(C(=O)Nc2ccc(C(=O)Nc3cccc(NC(=O)c4ccc(NC(=O)c5ccc([Si]([*])(C)C)cc5)cc4)c3)cc2)cc1,303.0
[*]c1ccc(C(=O)Nc2ccc(C(=O)Nc3cccc4c(NC(=O)c5ccc(NC(=O)c6ccc([Si]([*])(C)C)cc6)cc5)cccc34)cc2)cc1,378.0
[*]c1ccc(C(=O)Nc2ccc(C(c3ccc(NC(=O)c4ccc([*])cc4C)cc3)(C(F)(F)F)C(F)(F)F)cc2)c(C)c1,289.0
[*]c1ccc(C(=O)Nc2ccc(C3(c4ccc(NC(=O)c5ccc([*])cc5C)cc4)c4ccccc4-c4ccccc43)cc2)c(C)c1,293.0
[*]c1ccc(C(=O)Nc2ccc(NC(=O)c3ccc(C([*])(C(F)(F)F)C(F)(F)F)cc3C(=O)OCC)cc2)c(C(=O)OCC)c1,270.0
[*]c1ccc(C(=O)Nc2ccc(OC(=O)c3ccc([Si]([*])(C)C)cc3)cc2)cc1,220.0
[*]c1ccc(C(=O)Nc2ccc(Oc3ccc(C(C)(C)c4ccc(Oc5ccc(NC(=O)c6ccc([*])cc6C)cc5)cc4)cc3)cc2)c(C)c1,230.0
[*]c1ccc(C(=O)Nc2ccc(Oc3ccc(Oc4ccc(NC(=O)c5ccc([*])cc5C)cc4)cc3)cc2)c(C)c1,219.0
[*]c1ccc(C(=O)Nc2ccc(Oc3ccc(Oc4ccc(Oc5ccc(NC(=O)c6ccc([*])cc6C)cc5)cc4)cc3)cc2)c(C)c1,200.0
[*]c1ccc(C(=O)Nc2ccc(Oc3ccc(S(=O)(=O)c4ccc(Oc5ccc(NC(=O)c6ccc([*])cc6C)cc5)cc4)cc3)cc2)c(C)c1,251.0
[*]c1ccc(C(=O)Nc2ccc(Oc3cccc(Oc4ccc(NC(=O)c5ccc([*])cc5C)cc4)c3)cc2)c(C)c1,213.0
[*]c1ccc(C(=O)Nc2cccc(OC(=O)c3ccc([Si]([*])(C)C)cc3)c2)cc1,220.0
[*]c1ccc(C(=O)Nc2cccc(Oc3ccc(S(=O)(=O)c4ccc(Oc5cccc(NC(=O)c6ccc([*])cc6C)c5)cc4)cc3)c2)c(C)c1,220.0
[*]c1ccc(C(=O)Nc2cccc(S(=O)(=O)c3cccc(NC(=O)c4ccc([*])cc4C)c3)c2)c(C)c1,260.0
[*]c1ccc(C(=O)O)c(C(=O)Nc2ccc(Oc3ccc(NC(=O)c4cc([*])ccc4C(=O)O)cc3)cc2)c1,184.40000000000003
[*]c1ccc(C(=O)OC(=O)c2ccc(C([*])(C)C)cc2)cc1,100.0
[*]c1ccc(C(=O)OCC)c(C(=O)Nc2ccc(Oc3ccc(NC(=O)c4cc([*])ccc4C(=O)OCC)cc3)cc2)c1,190.15000000000003
[*]c1ccc(C(=O)OCCCCOC(=O)c2ccc(C([*])(C)C)cc2)cc1,44.0
[*]c1ccc(C(=O)OCCCCOC(=O)c2ccc([Si]([*])(C)C)cc2)cc1,42.0
[*]c1ccc(C(=O)OCCN(CCOC(=O)c2ccc([Si]([*])(C)C)cc2)c2ccc(/C=C/c3ccc([N+](=O)[O-])cc3)cc2)cc1,127.0
[*]c1ccc(C(=O)OCCOC(=O)c2ccc(C([*])(C)CC)cc2)cc1,95.0
[*]c1ccc(C(=O)OCCOC(=O)c2ccc3c(c2)C([*])(C)CC3(C)C)cc1,154.0
[*]c1ccc(C(=O)Oc2ccc(C(=O)c3ccc(OC(=O)c4ccc(C([*])(C)C)cc4)cc3)cc2)cc1,130.0
[*]c1ccc(C(=O)Oc2ccc(C(C)(C)c3ccc(OC(=O)c4ccc(C([*])(C)CC)cc4)cc3)cc2)cc1,211.0
[*]c1ccc(C(=O)Oc2ccc(C(C)(C)c3ccc(OC(=O)c4ccc5c(c4)C([*])(C)CC5(C)C)cc3)cc2)cc1,265.0
[*]c1ccc(C(=O)Oc2ccc(C3(c4ccc(OC(=O)c5ccc([Si]([*])(C)C)cc5)cc4)OC(=O)c4ccccc43)cc2)cc1,214.0
[*]c1ccc(C(=O)Oc2ccc(C3(c4ccc(OC(=O)c5ccc([Si]([*])(C)C)cc5)cc4)c4ccccc4C(=O)N3c3ccccc3)cc2)cc1,255.0
[*]c1ccc(C(=O)Oc2ccc(Cc3ccc(OC(=O)c4ccc(C([*])(C)C)cc4)cc3)cc2)cc1,140.0
[*]c1ccc(C(=O)Oc2ccc(OC(=O)c3ccc(C([*])(C)C)cc3)cc2)cc1,195.0
[*]c1ccc(C(=O)Oc2ccc(OC(=O)c3ccc([Si]([*])(C)C)cc3)cc2)cc1,176.0
[*]c1ccc(C(=O)Oc2ccc(S(=O)(=O)c3ccc(OC(=O)c4ccc([Si]([*])(C)C)cc4)cc3)cc2)cc1,235.0
[*]c1ccc(C(=O)Oc2ccc3c(c2)Oc2cc(OC(=O)c4ccc5c(c4)C([*])(C)CC5(C)C)ccc2C3(C)C)cc1,297.0
[*]c1ccc(C(=O)Oc2cccc(OC(=O)c3ccc(C([*])(C)C)cc3)c2)cc1,158.0
[*]c1ccc(C(=O)Oc2cccc(OC(=O)c3ccc([Si]([*])(C)C)cc3)c2)cc1,134.0
[*]c1ccc(C(=O)c2ccc(Oc3ccc(C(c4ccc(Oc5ccc(C(=O)c6ccc(C([*])(C)C)cc6)cc5)cc4)(C(F)(F)F)C(F)(F)F)cc3)cc2)cc1,179.0
[*]c1ccc(C(=O)c2ccc(Sc3ccc(C(=O)c4ccc(C([*])(C)C)cc4)cc3)cc2)cc1,175.0
[*]c1ccc(C(C#N)(C(=O)O)C([*])(C#N)C(=O)O)cc1,108.0
[*]c1ccc(C(C#N)(C(=O)OC)C([*])(C#N)C(=O)OC)cc1,108.0
[*]c1ccc(C(C#N)(C(=O)OCC(C)C)C([*])(C#N)C(=O)OCC(C)C)cc1,108.0
[*]c1ccc(C(C#N)(C(=O)OCC)C([*])(C#N)C(=O)OCC)cc1,108.0
[*]c1ccc(C(C#N)(C(=O)OCCCC)C([*])(C#N)C(=O)OCCCC)cc1,108.0
[*]c1ccc(C(Cl)(Cl)C([*])Cl)cc1,160.0
[*]c1ccc(C(F)(F)C([*])(F)F)cc1,76.95000000000005
[*]c1ccc(C([*])C)cc1,93.0
[*]c1ccc(C(c2ccc(C#N)cc2)c2ccc(N([*])c3ccc(C)cc3)cc2)cc1,230.0
[*]c1ccc(C(c2ccc(N([*])c3ccc(C)cc3)cc2)c2ccc([N+](=O)[O-])cc2)cc1,215.0
[*]c1ccc(C(c2ccc(N3C(=O)c4cc5c(cc4C3=O)C(C(F)(F)F)(C(F)(F)F)c3cc4c(cc3O5)C(=O)N([*])C4=O)cc2)(C(F)(F)F)C(F)(F)F)cc1,430.0
[*]c1ccc(C(c2ccccc2)(c2ccc(-n3c(=O)c4cc5c(=O)n([*])c(=O)c5cc4c3=O)cc2)C(F)(F)F)cc1,436.0
[*]c1ccc(C(c2ccccc2)c2ccc(-n3c(=O)c4cc5c(=O)n([*])c(=O)c5cc4c3=O)cc2)cc1,321.0
[*]c1ccc(C(c2ccccc2)c2ccc(N([*])c3ccc(C)cc3)cc2)cc1,199.0
[*]c1ccc(C)c(N2C(=O)C(=O)N(CCCCCCN3C(=O)C(=O)N([*])C3=O)C2=O)c1,181.5
[*]c1ccc(C)c(N2C(=O)c3ccc(-c4ccc5c(c4)C(=O)N([*])C5=O)cc3C2=O)c1,395.0
[*]c1ccc(C)c(N2C(=O)c3ccc(C(=O)Nc4ccc(Oc5ccc(-c6ccc(Oc7ccc(NC(=O)c8ccc9c(c8)C(=O)N([*])C9=O)cc7)cc6)cc5)cc4)cc3C2=O)c1,299.0
[*]c1ccc(C)c(N2C(=O)c3ccc(C(=O)Nc4ccc(Oc5ccccc5-c5ccccc5Oc5ccc(NC(=O)c6ccc7c(c6)C(=O)N([*])C7=O)cc5)cc4)cc3C2=O)c1,266.0
[*]c1ccc(C)c(N2C(=O)c3ccc(C(c4ccc5c(c4)C(=O)N([*])C5=O)(C(F)(F)F)C(F)(F)F)cc3C2=O)c1,335.0
[*]c1ccc(C)c(N2C(=O)c3ccc(C(c4ccc5c(c4)C(=O)N(c4ccc(C([*])(C(F)(F)F)C(F)(F)F)cc4C)C5=O)(C(F)(F)F)C(F)(F)F)cc3C2=O)c1,266.0
[*]c1ccc(C)c(N2C(=O)c3ccc(S(=O)(=O)c4ccc5c(c4)C(=O)N([*])C5=O)cc3C2=O)c1,348.0
[*]c1ccc(C)c(NC(=O)OCCN(CCOC(=O)Nc2ccc(C)c(N3C(=O)c4ccc(C(c5ccc6c(c5)C(=O)N([*])C6=O)(C(F)(F)F)C(F)(F)F)cc4C3=O)c2)c2ccc(/N=N/c3ccc([N+](=O)[O-])cc3)cc2)c1,196.0
[*]c1ccc(C)c(NC(=O)c2ccc(OC(=O)c3ccc(C(=O)Oc4ccc(C(=O)Nc5cc(C([*])(C(F)(F)F)C(F)(F)F)ccc5C)cc4)cc3)cc2)c1,213.0
[*]c1ccc(C)c(S(=O)(=O)Oc2ccc(C3(c4ccc(OS([*])(=O)=O)cc4)CCCC3)cc2)c1,134.0
[*]c1ccc(C)c(S(=O)(=O)Oc2ccc(C3(c4ccc(OS([*])(=O)=O)cc4)CCCCC3)cc2)c1,142.0
[*]c1ccc(C2(c3ccc(-c4cc(-c5ccccc5)c5cc(-c6ccc7nc([*])cc(-c8ccccc8)c7c6)ccc5n4)cc3)c3ccccc3-c3ccccc32)cc1,420.0
[*]c1ccc(C2(c3ccc(-c4cc(-c5ccccc5)c5cc(C6(c7ccc8nc([*])cc(-c9ccccc9)c8c7)c7ccccc7-c7ccccc76)ccc5n4)cc3)c3ccccc3-c3ccccc32)cc1,390.0
[*]c1ccc(C2(c3ccc(-c4cc(-c5ccccc5)c5cc(Oc6ccc7nc([*])cc(-c8ccccc8)c7c6)ccc5n4)cc3)c3ccccc3-c3ccccc32)cc1,310.0
[*]c1ccc(C2=C(c3ccc(-c4ccc5c(c4)C(CCCCCC)(CCCCCC)c4cc([*])ccc4-5)cc3)C(=O)N(CCCC)C2=O)cc1,155.0
[*]c1ccc(C=Cc2ccc3c4ccc(C=Cc5ccc(N([*])c6ccc(OCC(CC)CCCC)cc6)cc5)cc4n(CC(CC)CCCC)c3c2)cc1,132.0
[*]c1ccc(CCCCCCCCCCCCCCc2ccc(-c3c(-c4ccccc4)cc(-c4ccc(-c5cc(-c6ccccc6)c([*])c(-c6ccccc6)c5-c5ccccc5)cc4)c(-c4ccccc4)c3-c3ccccc3)cc2)cc1,185.0
[*]c1ccc(CCCCCCCCCCCCCCc2ccc(-c3c(-c4ccccc4)cc(-c4cccc(-c5cc(-c6ccccc6)c([*])c(-c6ccccc6)c5-c5ccccc5)c4)c(-c4ccccc4)c3-c3ccccc3)cc2)cc1,160.0
[*]c1ccc(CCCCCCCCCCc2ccc(-c3c(-c4ccccc4)cc(-c4ccc(-c5cc(-c6ccccc6)c([*])c(-c6ccccc6)c5-c5ccccc5)cc4)c(-c4ccccc4)c3-c3ccccc3)cc2)cc1,235.0
[*]c1ccc(CCCCCCCCCCc2ccc(-c3c(-c4ccccc4)cc(-c4cccc(-c5cc(-c6ccccc6)c([*])c(-c6ccccc6)c5-c5ccccc5)c4)c(-c4ccccc4)c3-c3ccccc3)cc2)cc1,180.0
[*]c1ccc(CCCCCCc2ccc(-c3c(-c4ccccc4)cc(-c4ccc(-c5cc(-c6ccccc6)c([*])c(-c6ccccc6)c5-c5ccccc5)cc4)c(-c4ccccc4)c3-c3ccccc3)cc2)cc1,250.0
[*]c1ccc(CCCCCCc2ccc(-c3c(-c4ccccc4)cc(-c4cccc(-c5cc(-c6ccccc6)c([*])c(-c6ccccc6)c5-c5ccccc5)c4)c(-c4ccccc4)c3-c3ccccc3)cc2)cc1,215.0
[*]c1ccc(CCCCc2ccc(-c3c(-c4ccccc4)cc(-c4ccc(-c5cc(-c6ccccc6)c([*])c(-c6ccccc6)c5-c5ccccc5)cc4)c(-c4ccccc4)c3-c3ccccc3)cc2)cc1,205.0
[*]c1ccc(CCCCc2ccc(-c3c(-c4ccccc4)cc(-c4cccc(-c5cc(-c6ccccc6)c([*])c(-c6ccccc6)c5-c5ccccc5)c4)c(-c4ccccc4)c3-c3ccccc3)cc2)cc1,180.0
[*]c1ccc(CCCc2ccc(-c3c(-c4ccccc4)cc(-c4ccc(-c5cc(-c6ccccc6)c([*])c(-c6ccccc6)c5-c5ccccc5)cc4)c(-c4ccccc4)c3-c3ccccc3)cc2)cc1,290.0
[*]c1ccc(CCCc2ccc(-c3c(-c4ccccc4)cc(-c4cccc(-c5cc(-c6ccccc6)c([*])c(-c6ccccc6)c5-c5ccccc5)c4)c(-c4ccccc4)c3-c3ccccc3)cc2)cc1,240.0
[*]c1ccc(CCc2ccc(N3C(=O)C(=O)N([*])C3=O)cc2)cc1,196.0
[*]c1ccc(CCc2ccccc2N2C(=O)C(=O)N(CCCCCCN3C(=O)C(=O)N([*])C3=O)C2=O)cc1,137.0
[*]c1ccc(CCc2ccccc2N2C(=O)C(=O)N(c3ccc(CCc4ccc(N5C(=O)C(=O)N([*])C5=O)cc4)cc3)C2=O)cc1,220.0
[*]c1ccc(CN2C(=O)c3ccc(-c4ccc5c(c4)C(=O)N(Cc4ccc(C([*])(C)C)o4)C5=O)cc3C2=O)o1,129.0
[*]c1ccc(CN2C(=O)c3ccc(C(c4ccc5c(c4)C(=O)N(Cc4ccc(C([*])(C)C)o4)C5=O)(C(F)(F)F)C(F)(F)F)cc3C2=O)o1,134.0
[*]c1ccc(CN2C(=O)c3ccc(Oc4ccc5c(c4)C(=O)N(Cc4ccc(C([*])(C)C)o4)C5=O)cc3C2=O)o1,116.0
[*]c1ccc(CN2C(=O)c3ccc(Oc4ccc5c(c4)C(=O)N(Cc4ccc(C([*])C)o4)C5=O)cc3C2=O)o1,129.0
[*]c1ccc(CNC(=O)OC(c2ccco2)C(OC(=O)NCc2ccc(C([*])(C)C)o2)c2ccco2)o1,45.0
[*]c1ccc(CNC(=O)OCC(OC(=O)NCc2ccc(C([*])(C)C)o2)c2ccco2)o1,20.0
[*]c1ccc(CNC(=O)OCC(OC(=O)NCc2ccc(C([*])CCC)o2)c2ccco2)o1,43.0
[*]c1ccc(CNC(=O)OCCOC(=O)NCc2ccc(C([*])(C)C)o2)o1,50.0
[*]c1ccc(CNC(=O)OCc2ccc(COC(=O)NCc3ccc(C([*])(C)C)o3)o2)o1,55.0
[*]c1ccc(CNC(=O)OCc2ccc(COCc3ccc(COC(=O)NCc4ccc(C([*])(C)C)o4)o3)o2)o1,39.0
[*]c1ccc(CNC(=O)OCc2cocc2COC(=O)NCc2ccc(C([*])(C)C)o2)o1,25.0
[*]c1ccc(Cc2ccc(-n3c(=O)c4cc5c(=O)n([*])c(=O)c5cc4c3=O)cc2)cc1,351.0
[*]c1ccc(Cc2ccc(-n3nc(-c4ccccc4)cc3-c3ccc(-c4cc(-c5ccccc5)nn4[*])cc3)cc2)cc1,252.0
[*]c1ccc(Cc2ccc(-n3nc(-c4ccccc4)cc3-c3cccc(-c4cc(-c5ccccc5)nn4[*])c3)cc2)cc1,225.0
[*]c1ccc(Cc2ccc(-n3nccc3-c3ccc(-c4ccnn4[*])cc3)cc2)cc1,202.0
[*]c1ccc(Cc2ccc(N(c3ccc(C)cc3)c3ccc(-c4ccc(N([*])c5ccc(C)cc5)cc4)cc3)cc2)cc1,183.0
[*]c1ccc(Cc2ccc(N3C(=O)C(=O)N(CCCCCCN4C(=O)C(=O)N([*])C4=O)C3=O)cc2)cc1,158.0
[*]c1ccc(Cc2ccc(N3C(=O)C(=O)N(c4ccccc4CCc4ccc(N5C(=O)C(=O)N([*])C5=O)cc4)C3=O)cc2)cc1,198.0
[*]c1ccc(Cc2ccc(N3C(=O)C4CCC5C(=O)N([*])C(=O)C5C4C3=O)cc2)cc1,341.0
[*]c1ccc(Cc2ccc(N3C(=O)CC(C)(SCCOCCSC4(C)CC(=O)N(c5ccc(Cc6ccc(N7C(=O)C(C)C(SCCOCCSC8C(=O)N([*])C(=O)C8C)C7=O)cc6)cc5)C4=O)C3=O)cc2)cc1,105.0
[*]c1ccc(Cc2ccc(N3C(=O)N(c4ccc(Cc5ccc(N6C(=O)N([*])C(=O)C6(C)C)cc5)cc4)C(C)(C)C3=O)cc2)cc1,259.5
[*]c1ccc(Cc2ccc(N3C(=O)c4c(c(-c5ccccc5)c(-c5ccc(Oc6ccc(-c7c(-c8ccccc8)c8c(c(-c9ccccc9)c7-c7ccccc7)C(=O)N([*])C8=O)cc6)cc5)c(-c5ccccc5)c4-c4ccccc4)C3=O)cc2)cc1,356.0
[*]c1ccc(Cc2ccc(N3C(=O)c4ccc(-c5ccc6c(c5)C(=O)N([*])C6=O)cc4C3=O)c(C)c2C)c(C)c1C,297.0
[*]c1ccc(Cc2ccc(N3C(=O)c4ccc(Oc5ccc(Oc6ccc7c(c6)C(=O)N([*])C7=O)cc5)cc4C3=O)c(C)c2C)c(C)c1C,277.0
[*]c1ccc(Cc2ccc(S([*])(=O)=O)cc2)cc1,227.5
[*]c1ccc(Cc2ccc3c(c2)C(=O)N(c2cccc(N4C(=O)c5ccc(Oc6ccc(C([*])(C)C)cc6)cc5C4=O)c2)C3=O)cc1,215.0
[*]c1ccc(Cn2c(=O)c3cc4c(=O)n(Cc5ccc(C([*])(C)C)o5)c(=O)c4cc3c2=O)o1,138.0
[*]c1ccc(Cn2c(=O)c3cc4c(=O)n(Cc5ccc(C([*])(C)CC)o5)c(=O)c4cc3c2=O)o1,143.0
[*]c1ccc(Cn2c(=O)c3cc4c(=O)n(Cc5ccc(C([*])(C)CCC)o5)c(=O)c4cc3c2=O)o1,134.0
[*]c1ccc(Cn2c(=O)c3cc4c(=O)n(Cc5ccc(C([*])C)o5)c(=O)c4cc3c2=O)o1,116.0
[*]c1ccc(N(c2ccc(-c3ccc4c(c3)C(CCCCCCCC)(CCCCCCCC)c3cc([*])ccc3-4)cc2)c2ccc(C(C)CC)cc2)cc1,140.0
[*]c1ccc(N(c2ccc(-c3ccc4c(c3)C(CCCCCCCC)(CCCCCCCC)c3cc([*])ccc3-4)cc2)c2ccc(N(c3ccc(C(C)(C)c4ccccc4)cc3)c3ccc(C(C)(C)c4ccccc4)cc3)cc2)cc1,137.0
[*]c1ccc(N(c2ccc(C)cc2)c2ccc(C([*])c3ccc(C(=O)OC)cc3)cc2)cc1,222.0
[*]c1ccc(N(c2ccc(C)cc2)c2ccc(C([*])c3ccc(OCCCC)cc3)cc2)cc1,170.0
[*]c1ccc(N2C(=O)C3ON(C)C(c4ccc(C5C6C(=O)N([*])C(=O)C6ON5C)cc4)C3C2=O)cc1,67.0
[*]c1ccc(N2C(=O)C3ON(C)C(c4ccc(OCCCCCCOc5ccc(C6C7C(=O)N([*])C(=O)C7ON6C)cc5)cc4)C3C2=O)cc1,52.0
[*]c1ccc(N2C(=O)c3c(c(-c4ccccc4)c(-c4ccc(-c5c(-c6ccccc6)c6c(c(-c7ccccc7)c5-c5ccccc5)C(=O)N([*])C6=O)cc4)c(-c4ccccc4)c3-c3ccccc3)C2=O)cc1,466.0
[*]c1ccc(N2C(=O)c3c(c(-c4ccccc4)c(-c4ccc(Oc5ccc(-c6c(-c7ccccc7)c7c(c(-c8ccccc8)c6-c6ccccc6)C(=O)N([*])C7=O)cc5)cc4)c(-c4ccccc4)c3-c3ccccc3)C2=O)cc1,371.0
[*]c1ccc(N2C(=O)c3ccc(-c4ccc5c(c4)C(=O)N(c4ccc(-c6cc(-c7ccc(OCCCC#N)cc7)cc([*])n6)cc4)C5=O)cc3C2=O)cc1,360.0
[*]c1ccc(N2C(=O)c3ccc(-c4ccc5c(c4)C(=O)N(c4ccc(N([*])c6ccc(C#N)cc6)cc4)C5=O)cc3C2=O)cc1,358.0
[*]c1ccc(N2C(=O)c3ccc(-c4ccc5c(c4)C(=O)N(c4ccc(Oc6c(C(C)(C)C)cc([*])cc6C(C)(C)C)c(C(F)(F)F)c4)C5=O)cc3C2=O)cc1,389.0
[*]c1ccc(N2C(=O)c3ccc(-c4ccc5c(c4)C(=O)N(c4ccc(Oc6c(C(C)(C)C)cc([*])cc6C(C)(C)C)cc4)C5=O)cc3C2=O)cc1,381.5
[*]c1ccc(N2C(=O)c3ccc(-c4ccc5c(c4)C(=O)N(c4ccc([*])cc4C)C5=O)cc3C2=O)c(C)c1,302.0
[*]c1ccc(N2C(=O)c3ccc(-c4cccc5c4C(=O)N(c4ccc([*])cc4C)C5=O)cc3C2=O)c(C)c1,384.0
[*]c1ccc(N2C(=O)c3ccc(C(=O)Nc4ccc(C(c5ccc(NC(=O)c6ccc7c(c6)C(=O)N(c6ccc([*])cc6OC)C7=O)cc5)(C(F)(F)F)C(F)(F)F)cc4)cc3C2=O)c(OC)c1,250.0
[*]c1ccc(N2C(=O)c3ccc(C(=O)Nc4ccc(C5(c6ccc(NC(=O)c7ccc8c(c7)C(=O)N(c7ccc([*])cc7OC)C8=O)cc6)c6ccccc6-c6ccccc65)cc4)cc3C2=O)c(OC)c1,181.0
[*]c1ccc(N2C(=O)c3ccc(C(=O)c4ccc5c(c4)C(=O)N(c4ccc(-c6cc(-c7ccc(OC)cc7)cc([*])n6)cc4)C5=O)cc3C2=O)cc1,331.0
[*]c1ccc(N2C(=O)c3ccc(C(=O)c4ccc5c(c4)C(=O)N(c4ccc(-c6cc(-c7ccc(OCCCC#N)cc7)cc([*])n6)cc4)C5=O)cc3C2=O)cc1,342.0
[*]c1ccc(N2C(=O)c3ccc(C(=O)c4ccc5c(c4)C(=O)N(c4ccc(C(C)(C)c6ccc(C([*])(C)C)cc6)cc4)C5=O)cc3C2=O)cc1,322.0
[*]c1ccc(N2C(=O)c3ccc(C(=O)c4ccc5c(c4)C(=O)N(c4ccc(C(C)(C)c6cccc(C([*])(C)C)c6)cc4)C5=O)cc3C2=O)cc1,316.5
[*]c1ccc(N2C(=O)c3ccc(C(=O)c4ccc5c(c4)C(=O)N(c4ccc(N([*])c6ccc(C#N)cc6)cc4)C5=O)cc3C2=O)cc1,315.0
[*]c1ccc(N2C(=O)c3ccc(C(=O)c4ccc5c(c4)C(=O)N(c4ccc(Oc6c(C(C)(C)C)cc([*])cc6C(C)(C)C)c(C(F)(F)F)c4)C5=O)cc3C2=O)cc1,362.0
[*]c1ccc(N2C(=O)c3ccc(C(=O)c4ccc5c(c4)C(=O)N(c4ccc(Oc6c(C(C)(C)C)cc([*])cc6C(C)(C)C)cc4)C5=O)cc3C2=O)cc1,347.5
[*]c1ccc(N2C(=O)c3ccc(C(=O)c4ccc5c(c4)C(=O)N(c4ccc([*])cc4C)C5=O)cc3C2=O)c(C)c1,365.0
[*]c1ccc(N2C(=O)c3ccc(C(=O)c4ccc5c(c4)C(=O)N(c4ccc6c(c4)C([*])(C)CC6(C)C)C5=O)cc3C2=O)cc1,320.0
[*]c1ccc(N2C(=O)c3ccc(C(c4ccc5c(c4)C(=O)N(c4ccc(-c6cc(-c7ccc(OCCCC#N)cc7)cc([*])n6)cc4)C5=O)(C(F)(F)F)C(F)(F)F)cc3C2=O)cc1,339.0
[*]c1ccc(N2C(=O)c3ccc(C(c4ccc5c(c4)C(=O)N(c4ccc(C(C)(C)c6ccc(C([*])(C)C)cc6)cc4)C5=O)(C(F)(F)F)C(F)(F)F)cc3C2=O)cc1,235.40000000000003
[*]c1ccc(N2C(=O)c3ccc(C(c4ccc5c(c4)C(=O)N(c4ccc(C([*])(C)C)cc4)C5=O)(C(F)(F)F)C(F)(F)F)cc3C2=O)cc1,310.0
[*]c1ccc(N2C(=O)c3ccc(C(c4ccc5c(c4)C(=O)N(c4ccc(C6([*])c7ccccc7-c7ccccc76)cc4C(C)C)C5=O)(C(F)(F)F)C(F)(F)F)cc3C2=O)c(C(C)C)c1,299.0
[*]c1ccc(N2C(=O)c3ccc(C(c4ccc5c(c4)C(=O)N(c4ccc(N([*])c6ccc(C#N)cc6)cc4)C5=O)(C(F)(F)F)C(F)(F)F)cc3C2=O)cc1,321.0
[*]c1ccc(N2C(=O)c3ccc(C(c4ccc5c(c4)C(=O)N(c4ccc(Oc6c(C(C)(C)C)cc([*])cc6C(C)(C)C)c(C(F)(F)F)c4)C5=O)(C(F)(F)F)C(F)(F)F)cc3C2=O)cc1,362.5
[*]c1ccc(N2C(=O)c3ccc(C(c4ccc5c(c4)C(=O)N(c4ccc(Oc6c(C(C)(C)C)cc([*])cc6C(C)(C)C)cc4)C5=O)(C(F)(F)F)C(F)(F)F)cc3C2=O)cc1,355.0
[*]c1ccc(N2C(=O)c3ccc(C(c4ccc5c(c4)C(=O)N(c4ccc([*])cc4C)C5=O)(C(F)(F)F)C(F)(F)F)cc3C2=O)c(C)c1,352.0
[*]c1ccc(N2C(=O)c3ccc(C(c4ccc5c(c4)C(=O)N(c4ccc([*])cc4OC(=O)/C=C/c4ccccc4)C5=O)(C(F)(F)F)C(F)(F)F)cc3C2=O)c(OC(=O)/C=C/c2ccccc2)c1,181.0
[*]c1ccc(N2C(=O)c3ccc(C(c4ccc5c(c4)C(=O)N(c4ccc([*])cc4OCCN(CC)c4ccc(C(C#N)=C(C#N)C#N)cc4)C5=O)(C(F)(F)F)C(F)(F)F)cc3C2=O)c(OCCN(CC)c2ccc(C(C#N)=C(C#N)C#N)cc2)c1,222.0
[*]c1ccc(N2C(=O)c3ccc(C(c4ccc5c(c4)C(=O)N(c4ccc([*])cc4OCCOc4ccc6c(C)cc(=O)oc6c4)C5=O)(C(F)(F)F)C(F)(F)F)cc3C2=O)c(OCCOc2ccc3c(C)cc(=O)oc3c2)c1,132.0
[*]c1ccc(N2C(=O)c3ccc(C(c4ccc5c(c4)C(=O)N(c4cccc(C([*])(C)C)c4)C5=O)(C(F)(F)F)C(F)(F)F)cc3C2=O)cc1,260.0
[*]c1ccc(N2C(=O)c3ccc(Oc4ccc(C(c5ccc(Oc6ccc7c(c6)C(=O)N(c6ccc(N([*])c8ccc(C#N)cc8)cc6)C7=O)cc5)(C(F)(F)F)C(F)(F)F)cc4)cc3C2=O)cc1,234.0
[*]c1ccc(N2C(=O)c3ccc(Oc4ccc(C5(c6ccc(Oc7ccc8c(c7)C(=O)N(c7ccc(N([*])c9ccc(C#N)cc9)cc7)C8=O)cc6)CCCCC5)cc4)cc3C2=O)cc1,243.0
[*]c1ccc(N2C(=O)c3ccc(Oc4ccc(C5(c6ccc(Oc7ccc8c(c7)C(=O)N(c7ccc(N([*])c9ccc(C#N)cc9)cc7)C8=O)cc6)c6ccccc6-c6ccccc65)cc4)cc3C2=O)cc1,279.0
[*]c1ccc(N2C(=O)c3ccc(Oc4ccc(Oc5ccc6c(c5)C(=O)N(c5ccc(C([*])(C)C)cc5)C6=O)cc4)cc3C2=O)cc1,264.0
[*]c1ccc(N2C(=O)c3ccc(Oc4ccc(Oc5ccc6c(c5)C(=O)N(c5ccc([*])cc5OC)C6=O)cc4)cc3C2=O)c(OC)c1,274.0
[*]c1ccc(N2C(=O)c3ccc(Oc4ccc5c(c4)C(=O)N(c4ccc(-c6cc(-c7ccc(OCCCC#N)cc7)cc([*])n6)cc4)C5=O)cc3C2=O)cc1,315.0
[*]c1ccc(N2C(=O)c3ccc(Oc4ccc5c(c4)C(=O)N(c4ccc(C([*])(C)C)cc4)C5=O)cc3C2=O)cc1,265.0
[*]c1ccc(N2C(=O)c3ccc(Oc4ccc5c(c4)C(=O)N(c4ccc(N([*])c6ccc(C#N)cc6)cc4)C5=O)cc3C2=O)cc1,304.0
[*]c1ccc(N2C(=O)c3ccc(Oc4ccc5c(c4)C(=O)N(c4ccc(Oc6c(C(C)(C)C)cc([*])cc6C(C)(C)C)c(C(F)(F)F)c4)C5=O)cc3C2=O)cc1,353.0
[*]c1ccc(N2C(=O)c3ccc(Oc4ccc5c(c4)C(=O)N(c4ccc(Oc6c(C(C)(C)C)cc([*])cc6C(C)(C)C)cc4)C5=O)cc3C2=O)cc1,342.0
[*]c1ccc(N2C(=O)c3ccc(Oc4ccc5cc(Oc6ccc7c(c6)C(=O)N(c6ccc(C(C)(C)c8ccc(C([*])(C)C)cc8)cc6)C7=O)ccc5c4)cc3C2=O)cc1,246.0
[*]c1ccc(N2C(=O)c3ccc(Oc4ccc5cc(Oc6ccc7c(c6)C(=O)N(c6ccc(C([*])(C)C)cc6)C7=O)ccc5c4)cc3C2=O)cc1,236.0
[*]c1ccc(N2C(=O)c3ccc(Oc4ccc5ccc(Oc6ccc7c(c6)C(=O)N(c6ccc(C(C)(C)c8ccc(C([*])(C)C)cc8)cc6)C7=O)cc5c4)cc3C2=O)cc1,246.0
[*]c1ccc(N2C(=O)c3ccc(Oc4ccc5ccc(Oc6ccc7c(c6)C(=O)N(c6ccc(C([*])(C)C)cc6)C7=O)cc5c4)cc3C2=O)cc1,247.0
[*]c1ccc(N2C(=O)c3ccc(Oc4cccc5c(Oc6ccc7c(c6)C(=O)N(c6ccc(C(C)(C)c8ccc(C([*])(C)C)cc8)cc6)C7=O)cccc45)cc3C2=O)cc1,253.0
[*]c1ccc(N2C(=O)c3ccc(Oc4cccc5c(Oc6ccc7c(c6)C(=O)N(c6ccc(C([*])(C)C)cc6)C7=O)cccc45)cc3C2=O)cc1,265.0
[*]c1ccc(N2C(=O)c3ccc(S(=O)(=O)c4ccc5c(c4)C(=O)N(c4ccc(Oc6c(C(C)(C)C)cc([*])cc6C(C)(C)C)c(C(F)(F)F)c4)C5=O)cc3C2=O)cc1,365.5
[*]c1ccc(N2C(=O)c3ccc(S(=O)(=O)c4ccc5c(c4)C(=O)N(c4ccc(Oc6c(C(C)(C)C)cc([*])cc6C(C)(C)C)cc4)C5=O)cc3C2=O)cc1,354.5
[*]c1ccc(N2C(=O)c3ccc4c5c(ccc(c35)C2=O)C(=O)N(c2ccc(Oc3c(C(C)(C)C)cc([*])cc3C(C)(C)C)c(C(F)(F)F)c2)C4=O)cc1,456.0
[*]c1ccc(N=C2OC(=O)c3cc(Oc4ccc5c(c4)/C(=N\c4ccc(C(C)(C)c6ccc(C([*])(C)C)cc6)cc4)OC5=O)ccc32)cc1,249.0
[*]c1ccc(NC(=C(C#N)C#N)c2ccc(C(Nc3ccc(C(C)(C)c4cccc(C([*])(C)C)c4)cc3)=C(C#N)C#N)cc2)cc1,208.0
[*]c1ccc(NC(=O)Nc2ccc(NC(=O)Nc3ccc(-c4nc(C#N)c(C#N)nc4[*])cc3)cc2)cc1,248.70000000000005
[*]c1ccc(NC(=O)OCCCCn2c3ccccc3c3cc(/C=C(\C#N)C(=O)OCCCCCCOC(=O)/C(C#N)=C/c4ccc5c(c4)c4ccccc4n5CCCCOC(=O)Nc4ccc([*])cc4C)ccc32)c(C)c1,113.0
[*]c1ccc(NC(=O)OCCN(CCOC(=O)Nc2ccc([*])cc2C)c2ccc(/N=N/c3ccc([N+](=O)[O-])cc3)cc2)c(C)c1,119.5
[*]c1ccc(NC(=O)OCCN(CCOC(=O)Nc2ccc([*])cc2OC)c2ccc(/N=N/c3ccc([N+](=O)[O-])cc3)cc2)c(OC)c1,140.0
[*]c1ccc(NC(=O)c2cc(C(=O)Nc3ccc(C([*])(C)C)cc3)cc(N3C(=O)C4C5CCC(C5)C4C3=O)c2)cc1,311.0
[*]c1ccc(NC(=O)c2cc(C(=O)Nc3ccc(C([*])(C)C)cc3)cc(N3C(=O)C4CC=CCC4C3=O)c2)cc1,308.0
[*]c1ccc(NC(=O)c2cc(C(=O)Nc3ccc(C([*])(C)C)cc3)cc(N3C(=O)C=CC3=O)c2)cc1,303.0
[*]c1ccc(NC(=O)c2cc(C(=O)Nc3ccc(C([*])(C)C)cc3)cc(S(=O)(=O)c3ccccc3)c2)cc1,287.0
[*]c1ccc(NC(=O)c2cc(NC(=O)c3ccccc3)cc(C(=O)Nc3ccc(C([*])(C)C)cc3)c2)cc1,303.5
[*]c1ccc(NC(=O)c2ccc(Oc3cc(C(C)(C)C)c(Oc4ccc(C(=O)Nc5ccc(C([*])(C)C)cc5C)cc4)cc3C(C)(C)C)cc2)c(C)c1,275.0
[*]c1ccc(NC(=O)c2ccc(Oc3ccc4ccc(Oc5ccc(C(=O)Nc6ccc(C(C)(C)c7ccc(C([*])(C)C)cc7)cc6)cc5)cc4c3)cc2)cc1,155.0
[*]c1ccc(NC(=O)c2ccc3c(c2)C(=O)N(c2ccc(C4([*])CC(C)CC(C)(C)C4)cc2)C3=O)cc1,328.0
[*]c1ccc(NC(=O)c2ccc3c(c2)C(=O)N(c2ccc(C4([*])CCC(C(C)(C)C)CC4)cc2)C3=O)cc1,331.0
[*]c1ccc(NC(=O)c2ccc3c(c2)C(=O)N(c2ccc(C4([*])CCC(C(C)(C)CC)CC4)cc2)C3=O)cc1,342.0
[*]c1ccc(NC(=O)c2ccc3c(c2)C(=O)N(c2ccc(C4([*])CCC(C)CC4)cc2)C3=O)cc1,322.0
[*]c1ccc(NC(=O)c2ccc3c(c2)C(=O)N(c2ccc(C4([*])CCC(CC)CC4)cc2)C3=O)cc1,312.0
[*]c1ccc(NC(=O)c2ccc3c(c2)C(=O)N(c2ccc(Oc4cccc5c(N6C(=O)c7ccc(C(=O)Nc8ccc([*])cc8OC)cc7C6=O)cccc45)cc2)C3=O)c(OC)c1,304.0
[*]c1ccc(NC(=O)c2cccc(C(=O)Nc3ccc(C([*])(C)C)cc3)c2)cc1,279.0
[*]c1ccc(NC(=O)c2cccc(C(=O)Nc3ccc([*])cc3OC)c2)c(OC)c1,218.20000000000005
[*]c1ccc(NC(=S)N=Cc2ccc(Cl)c(-n3c(=O)c4cc5c(=O)n([*])c(=O)c5cc4c3=O)c2)cc1,276.0
[*]c1ccc(NC2CC(=O)N(c3ccc(-c4sc(-c5ccc(N6C(=O)CC(Nc7ccc(-c8nc(C#N)c(C#N)nc8[*])cc7)C6=O)cc5)c(-c5ccccc5)c4-c4ccccc4)cc3)C2=O)cc1,231.0
[*]c1ccc(N[Se]Nc2ccc(S([*])(=O)=O)cc2)cc1,62.0
[*]c1ccc(Nc2c(F)c(F)c(-c3c(F)c(F)c(Nc4ccc(S([*])(=O)=O)cc4)c(F)c3F)c(F)c2F)cc1,332.0
[*]c1ccc(Nc2ccc(C(=O)c3ccc(C(=O)c4ccc(Nc5ccc(C(C)(C)c6ccc(C([*])(C)C)cc6)cc5)cc4)cc3)cc2)cc1,157.0
[*]c1ccc(Nc2ccc(C(=O)c3ccc(C(=O)c4ccc(Nc5ccc(C(C)(C)c6cccc(C([*])(C)C)c6)cc5)cc4)cc3)cc2)cc1,177.0
[*]c1ccc(Nc2ccc(C(O)(c3ccccc3)c3ccc(C(O)(c4ccccc4)c4ccc(Nc5ccc(C(C)(C)c6ccc(C([*])(C)C)cc6)cc5)cc4)cc3)cc2)cc1,177.0
[*]c1ccc(Nc2ccc(C(c3ccc(Nc4ccc(S([*])(=O)=O)cc4)cc3)(C(F)(F)F)C(F)(F)F)cc2)cc1,145.0
[*]c1ccc(Nc2ccc(C3(c4ccc(Nc5ccc(S([*])(=O)=O)cc5)c(F)c4)c4ccccc4-c4ccccc43)cc2F)cc1,145.0
[*]c1ccc(Nc2ccc(C3(c4ccc(Nc5ccc(S([*])(=O)=O)cc5)cc4)c4ccccc4-c4ccccc43)cc2)cc1,221.0
[*]c1ccc(Nc2ccc(Nc3ccc(C(O)(c4ccccc4)c4ccc(C([*])(O)c5ccccc5)cc4)cc3)cc2)cc1,200.0
[*]c1ccc(Nc2ccc(Nc3ccc(S([*])(=O)=O)cc3)cc2)cc1,145.0
[*]c1ccc(Nc2ccc(Oc3ccc(Oc4ccc(Nc5ccc(S([*])(=O)=O)cc5)cc4)cc3)cc2)cc1,144.60000000000002
[*]c1ccc(Nc2ccc(S(=O)(=O)c3ccc(Nc4ccc(C5([*])c6ccccc6-c6ccccc65)cc4C)cc3)cc2)c(C)c1,269.0
[*]c1ccc(Nc2cccc(Nc3ccc(S([*])(=O)=O)cc3)c2)cc1,145.0
[*]c1ccc(O)c(/C=C/CC2CC(=O)N(c3ccc(Cc4ccc(N5C(=O)CC(C/C=C/c6cc(C([*])(C)C)ccc6O)C5=O)cc4)cc3)C2=O)c1,206.0
[*]c1ccc(OC(=O)C2CCC(C(=O)Oc3ccc(C([*])(C)C)cc3)CC2)cc1,150.0
[*]c1ccc(OC(=O)CCC(=O)Oc2ccc(C3([*])c4cc(N(C)C)ccc4-c4ccc([N+](=O)[O-])cc43)cc2)cc1,215.0
[*]c1ccc(OC(=O)CCC(=O)Oc2ccc(C3([*])c4cc(OC)ccc4-c4ccc([N+](=O)[O-])cc43)cc2)cc1,230.0
[*]c1ccc(OC(=O)CCCC(=O)Oc2ccc(C3([*])c4cc(N(C)C)ccc4-c4ccc([N+](=O)[O-])cc43)cc2)cc1,181.0
[*]c1ccc(OC(=O)CCCC(=O)Oc2ccc(C3([*])c4cc(OC)ccc4-c4ccc([N+](=O)[O-])cc43)cc2)cc1,197.0
[*]c1ccc(OC(=O)CCCCC(=O)Oc2ccc(C([*])(C)C)cc2)cc1,54.0
[*]c1ccc(OC(=O)CCCCC(=O)Oc2ccc(C([*])(C)C)cc2C)c(C)c1,33.5
[*]c1ccc(OC(=O)CCCCC(=O)Oc2ccc(C3([*])c4cc(N(C)C)ccc4-c4ccc([N+](=O)[O-])cc43)cc2)cc1,150.0
[*]c1ccc(OC(=O)CCCCCCCCC(=O)Oc2ccc(C([*])(C)C)cc2)cc1,14.25
[*]c1ccc(OC(=O)CCCCCCCCC(=O)Oc2ccc(C([*])(CC)c3ccccc3)cc2)cc1,88.0
[*]c1ccc(OC(=O)CCCCCCCCCCCN2C(=O)c3ccc(C(=O)Oc4ccc(C(C)(C)c5ccc(C([*])(C)C)cc5)cc4)cc3C2=O)cc1,97.0
[*]c1ccc(OC(=O)CCCCCCCCCCCN2C(=O)c3ccc(C(=O)Oc4ccc(C([*])(C)C)cc4)cc3C2=O)cc1,93.0
[*]c1ccc(OC(=O)CCCCCN2C(=O)c3ccc(C(=O)Oc4ccc(C(C)(C)c5ccc(C([*])(C)C)cc5)cc4)cc3C2=O)cc1,104.0
[*]c1ccc(OC(=O)CCCCCN2C(=O)c3ccc(C(=O)Oc4ccc(C([*])(C)C)cc4)cc3C2=O)cc1,110.0
[*]c1ccc(OC(=O)CN(CC(=O)Oc2ccc(C([*])(C)C)cc2)c2ccc(/N=N/c3ccc([N+](=O)[O-])cc3)cc2)cc1,152.0
[*]c1ccc(OC(=O)Cc2ccc(C(=O)Oc3ccc(C([*])(C)C)cc3)cc2)cc1,85.0
[*]c1ccc(OC(=O)Nc2ccc(OP(=O)(Oc3ccc(NC(=O)Oc4ccc(C([*])(C)C)cc4)cc3)c3ccccc3)cc2)cc1,34.0
[*]c1ccc(OC(=O)Nc2cccc(P(=O)(c3ccccc3)c3cccc(NC(=O)Oc4ccc(C([*])(C)C)cc4)c3)c2)cc1,62.0
[*]c1ccc(OC(=O)OC2C(C)(C)C(OC(=O)Oc3ccc(C([*])(C)C)cc3)C2(C)C)cc1,130.0
[*]c1ccc(OC(=O)OC2C(C)(C)C(OC(=O)Oc3ccc(C([*])(C)CC)cc3)C2(C)C)cc1,124.0
[*]c1ccc(OC(=O)OC2C(C)(C)C(OC(=O)Oc3ccc(C([*])(C)c4ccccc4)cc3)C2(C)C)cc1,149.0
[*]c1ccc(OC(=O)OC2C(C)(C)C(OC(=O)Oc3ccc(C4([*])CCC(C(C)(C)C)CC4)cc3)C2(C)C)cc1,172.0
[*]c1ccc(OC(=O)OC2CC3CC(OC(=O)Oc4ccc(C([*])(C)C)cc4)CC(C2)O3)cc1,194.0
[*]c1ccc(OC(=O)OCC2CCC(COC(=O)Oc3ccc(C([*])(C)C)cc3)CC2)cc1,90.40000000000003
[*]c1ccc(OC(=O)OCCCCCOC(=O)Oc2ccc(C([*])(C)C)cc2)cc1,49.5
[*]c1ccc(OC(=O)OCCCCOC(=O)Oc2ccc(C([*])(C)C)cc2)cc1,56.5
[*]c1ccc(OC(=O)OCCCOC(=O)Oc2ccc(C([*])(C)C)cc2)cc1,68.10000000000002
[*]c1ccc(OC(=O)OCCN(CCOC(=O)Oc2ccc(C([*])(C)C)cc2)c2ccc3[nH]c4ccccc4c3c2)cc1,90.0
[*]c1ccc(OC(=O)OCCN(CCOC(=O)Oc2ccc(C([*])(C)C)cc2)c2ccccc2)cc1,70.0
[*]c1ccc(OC(=O)Oc2c(Cl)cc(C([*])(C)C)cc2Cl)cc1,186.0
[*]c1ccc(OC(=O)Oc2ccc(C(C)(C)c3ccc(C([*])(C)C)cc3)cc2)cc1,154.0
[*]c1ccc(OC(=O)Oc2ccc(C([*])(C#N)c3ccccc3)cc2)cc1,138.0
[*]c1ccc(OC(=O)Oc2ccc(C([*])(C)C)cc2C(C)C)c(C(C)C)c1,80.0
[*]c1ccc(OC(=O)Oc2ccc(C([*])(C)C)cc2C)c(C)c1,124.0
[*]c1ccc(OC(=O)Oc2ccc(C([*])(C)C)cc2CC)c(CC)c1,65.0
[*]c1ccc(OC(=O)Oc2ccc(C([*])(C)C)cc2Cl)c(C)c1,138.0
[*]c1ccc(OC(=O)Oc2ccc(C([*])(C)C)cc2Cl)c(Cl)c1,147.0
[*]c1ccc(OC(=O)Oc2ccc(C([*])(C)C)cc2Cl)cc1,146.0
[*]c1ccc(OC(=O)Oc2ccc(C([*])(C)CC)cc2)cc1,136.0
[*]c1ccc(OC(=O)Oc2ccc(C([*])(C)CC)cc2C)c(C)c1,119.0
[*]c1ccc(OC(=O)Oc2ccc(C([*])(C)CC)cc2Cl)c(Cl)c1,142.0
[*]c1ccc(OC(=O)Oc2ccc(C([*])(C)CCC#N)cc2)cc1,150.0
[*]c1ccc(OC(=O)Oc2ccc(C([*])(C)CCC#N)cc2C)c(C)c1,117.0
[*]c1ccc(OC(=O)Oc2ccc(C([*])(C)c3ccccc3)cc2)cc1,179.0
[*]c1ccc(OC(=O)Oc2ccc(C([*])(CC)c3ccccc3)cc2)cc1,147.0
[*]c1ccc(OC(=O)Oc2ccc(C([*])(CCC)CCC)cc2C)c(C)c1,101.0
[*]c1ccc(OC(=O)Oc2ccc(C([*])(CCCC)CCCC)cc2)cc1,113.0
[*]c1ccc(OC(=O)Oc2ccc(C([*])C)cc2)cc1,130.0
[*]c1ccc(OC(=O)Oc2ccc(C([*])C3C4CCC(C4)C3C)cc2)cc1,232.0
[*]c1ccc(OC(=O)Oc2ccc(C([*])CC)cc2)cc1,128.0
[*]c1ccc(OC(=O)Oc2ccc(C3([*])CC(C)CC(C)(C)C3)cc2)cc1,235.5
[*]c1ccc(OC(=O)Oc2ccc(C3([*])CC4CC3C3C5CCC(C5)C43)c(C)c2)c(C)c1,232.0
[*]c1ccc(OC(=O)Oc2ccc(C3([*])CC4CC3C3CCCC43)cc2C)c(C)c1,217.0
[*]c1ccc(OC(=O)Oc2ccc(C3([*])CC4CCC3C4)cc2C)c(C)c1,161.0
[*]c1ccc(OC(=O)Oc2ccc(C3([*])CCCCC3)cc2C)c(C)c1,137.5
[*]c1ccc(OC(=O)Oc2ccc(C3([*])c4cc(N(C)C)ccc4-c4ccc([N+](=O)[O-])cc43)cc2)cc1,278.0
[*]c1ccc(OC(=O)Oc2ccc(C3([*])c4cc(OC)ccc4-c4ccc([N+](=O)[O-])cc43)cc2)cc1,294.0
[*]c1ccc(OC(=O)Oc2ccc(Cc3ccc(OC(=O)Oc4ccc(C([*])(C)C)cc4)cc3)cc2)cc1,107.80000000000001
[*]c1ccc(OC(=O)Oc2ccc(OC(=O)Oc3ccc(C([*])(C)C)cc3)cc2)cc1,97.0
[*]c1ccc(OC(=O)Oc2ccc3c(c2)C([*])(C)CC3(C)C)cc1,201.70000000000005
[*]c1ccc(OC(=O)Oc2cccc(OC(=O)Oc3ccc(C([*])(C)C)cc3)c2)cc1,83.10000000000002
[*]c1ccc(OC(=O)SCCCCCCSC(=O)Oc2ccc(C([*])(C)C)cc2)cc1,58.0
[*]c1ccc(OC(=O)SCCCSC(=O)Oc2ccc(C([*])(C)C)cc2)cc1,90.0
[*]c1ccc(OC(=O)Sc2ccc(C(C)(C)c3ccc(SC(=O)Oc4ccc(C([*])(C)C)cc4)cc3)cc2)cc1,154.0
[*]c1ccc(OC(=O)Sc2ccc(Oc3ccc(SC(=O)Oc4ccc(C([*])(C)C)cc4)cc3)cc2)cc1,145.0
[*]c1ccc(OC(=O)c2ccc(C(=O)Oc3ccc(C([*])(C)C)cc3C(C)C)cc2)c(C(C)C)c1,140.0
[*]c1ccc(OC(=O)c2ccc(C(=O)Oc3ccc(C([*])(C)C)cc3C(C)CC)cc2)c(C(C)CC)c1,90.0
[*]c1ccc(OC(=O)c2ccc(C(=O)Oc3ccc(C([*])(C)C)cc3C)cc2)c(C)c1,178.5
[*]c1ccc(OC(=O)c2ccc(C(=O)Oc3ccc(C([*])(C)C)cc3CCCC)cc2)c(CCCC)c1,160.0
[*]c1ccc(OC(=O)c2ccc(C(=O)Oc3ccc(C([*])(C)C)cc3Cl)cc2)c(Cl)c1,190.0
[*]c1ccc(OC(=O)c2ccc(C(=O)Oc3ccc(C([*])(CC)CC)cc3)cc2)cc1,180.0
[*]c1ccc(OC(=O)c2ccc(C(=O)Oc3ccc(C([*])(CC)c4ccccc4)cc3)cc2)cc1,243.0
[*]c1ccc(OC(=O)c2ccc(C(=O)Oc3ccc(C4([*])CCC(C(C)(C)C)CC4)cc3)cc2)cc1,210.0
[*]c1ccc(OC(=O)c2ccc(C(=O)Oc3ccc(C4([*])CCC5CCCCC5C4)cc3C)cc2)c(C)c1,247.0
[*]c1ccc(OC(=O)c2ccc(C(=O)Oc3ccc(C4([*])NC(=O)c5ccccc54)cc3)cc2)cc1,327.0
[*]c1ccc(OC(=O)c2ccc(C(=O)Oc3ccc(C4([*])c5ccccc5C(=O)N4C)cc3)cc2)cc1,282.0
[*]c1ccc(OC(=O)c2ccc(C(=O)Oc3ccc4c(c3)C([*])(C)CC4(C)C)cc2)cc1,252.5
[*]c1ccc(OC(=O)c2ccc(C(=O)c3ccc(C(=O)Oc4ccc(C([*])(C)C)cc4)cc3)cc2)cc1,194.0
[*]c1ccc(OC(=O)c2ccc(C(C)(C)c3ccc(C(=O)Oc4ccc(C([*])(C)C)cc4)cc3)cc2)cc1,230.0
[*]c1ccc(OC(=O)c2ccc(C(c3ccc(C(=O)Oc4ccc(C([*])(C)C)cc4)cc3)(C(F)(F)F)C(F)(F)F)cc2)cc1,124.0
[*]c1ccc(OC(=O)c2ccc(Cc3ccc(C(=O)Oc4ccc(C([*])(C)C)cc4)cc3)cc2)cc1,205.0
[*]c1ccc(OC(=O)c2ccc(N3C(=O)CC(SCCOCCSC4CC(=O)N(c5ccc(C(=O)Oc6ccc(C([*])(C)C)cc6)cc5)C4=O)C3=O)cc2)cc1,143.0
[*]c1ccc(OC(=O)c2ccc(OCCCCCCCCCCOc3ccc(C(=O)Oc4ccc(C([*])(C)C)cc4)cc3)cc2)cc1,77.0
[*]c1ccc(OC(=O)c2ccc(Oc3ccc(C(=O)Oc4ccc(C([*])(C)C)cc4)cc3)cc2)cc1,220.0
[*]c1ccc(OC(=O)c2ccc(Oc3ccc(C4(c5ccc(Oc6ccc(C(=O)Oc7ccc(C([*])(C)C)cc7)cc6)cc5)CCC(C(C)(C)C)CC4)cc3)cc2)cc1,144.0
[*]c1ccc(OC(=O)c2ccc(S(=O)(=O)c3ccc(C(=O)Oc4ccc(C([*])(C)C)cc4)cc3)cc2)cc1,220.0
[*]c1ccc(OC(=O)c2ccc([Si](C)(C)c3ccc(C(=O)Oc4ccc(C([*])(C)C)cc4)cc3)cc2)cc1,180.0
[*]c1ccc(OC(=O)c2ccc([Si](c3ccccc3)(c3ccccc3)c3ccc(C(=O)Oc4ccc(C([*])(C)C)cc4)cc3)cc2)cc1,295.0
[*]c1ccc(OC(=O)c2ccc3c(c2)C(=O)N(CCCOCCCCOCCCN2C(=O)c4ccc(C(=O)Oc5ccc(C([*])(C)C)cc5)cc4C2=O)C3=O)cc1,60.0
[*]c1ccc(OC(=O)c2ccc3c(c2)C(=O)N(CCOCCOCCN2C(=O)c4ccc(C(=O)Oc5ccc(C([*])(C)C)cc5)cc4C2=O)C3=O)cc1,118.0
[*]c1ccc(OC(=O)c2ccc3c(c2)C(=O)N(c2cc(N4C(=O)c5ccc(C(=O)Oc6ccc(C([*])(C)C)cc6)cc5C4=O)ccc2O)C3=O)cc1,225.0
[*]c1ccc(OC(=O)c2ccc3c(c2)C(=O)N(c2ccc(Oc4ccc(N5C(=O)c6ccc(C(=O)Oc7ccc(C([*])(C)C)cc7)cc6C5=O)cc4)cc2)C3=O)cc1,200.0
[*]c1ccc(OC(=O)c2ccc3c(c2)C(=O)N(c2cccc(N4C(=O)c5ccc(C(=O)Oc6ccc(C([*])(C)C)cc6)cc5C4=O)c2)C3=O)cc1,225.0
[*]c1ccc(OC(=O)c2cccc(C(=O)Oc3ccc(C([*])(C)C)cc3C)c2)c(C)c1,162.0
[*]c1ccc(OC(=O)c2cccc(C(=O)Oc3ccc(C([*])(C)c4ccccc4)cc3)c2)cc1,202.0
[*]c1ccc(OC(=O)c2cccc(C(=O)Oc3ccc(C4([*])CCC5CCCCC5C4)cc3C)c2)c(C)c1,207.0
[*]c1ccc(OC(=O)c2cccc(C(=O)Oc3ccc(C4([*])NC(=O)c5ccccc54)cc3)c2)cc1,325.0
[*]c1ccc(OC(=O)c2cccc(C(=O)Oc3ccc(C4([*])OC(=O)c5ccccc54)cc3C)c2)c(C)c1,273.0
[*]c1ccc(OC(=O)c2cccc(C(=O)Oc3ccc(C4([*])c5ccccc5-c5ccccc54)cc3C)c2)c(C)c1,287.0
[*]c1ccc(OC(=O)c2cccc(C(=O)Oc3ccc(C4([*])c5ccccc5C(=O)N4C)cc3)c2)cc1,285.0
[*]c1ccc(OC(=O)c2cccc(C(=O)Oc3ccc4c(c3)C([*])(C)CC4(C)C)c2)cc1,230.5
[*]c1ccc(OC(=O)c2cccc(C(F)(F)C(F)(F)C(F)(F)c3cccc(C(=O)Oc4ccc(C([*])(C)C)cc4)c3)c2)cc1,122.0
[*]c1ccc(OC(=O)c2cccc(Oc3cccc(C(=O)Oc4ccc(C([*])(C)C)cc4)c3)c2)cc1,85.0
[*]c1ccc(OC(=O)c2cccc(S(=O)(=O)Oc3ccc(C([*])(C)C)cc3)c2)cc1,133.0
[*]c1ccc(OC(=O)c2ccccc2-c2ccccc2C(=O)Oc2ccc(C([*])(C)C)cc2)cc1,161.0
[*]c1ccc(OC(=O)c2ccccc2-c2ccccc2C(=O)Oc2ccc(C([*])(C)c3ccccc3)cc2)cc1,172.0
[*]c1ccc(OC(=S)Oc2ccc(C([*])(C)C)cc2)cc1,140.5
[*]c1ccc(OC(=S)Oc2ccc(C([*])(C)CC(C)C)cc2)cc1,128.0
[*]c1ccc(OC(=S)Oc2ccc(C([*])(C)CC)cc2)cc1,102.0
[*]c1ccc(OC(=S)Oc2ccc(C([*])(C)c3ccccc3)cc2)cc1,181.0
[*]c1ccc(OC(=S)Oc2ccc(C([*])(CC)CC)cc2)cc1,121.0
[*]c1ccc(OC(=S)Oc2ccc(C([*])(CC)c3ccccc3)cc2)cc1,173.0
[*]c1ccc(OC(=S)Oc2ccc(C([*])C(C)C)cc2)cc1,135.0
[*]c1ccc(OC(=S)Oc2ccc(C([*])C(CC)CC)cc2)cc1,148.0
[*]c1ccc(OC(=S)Oc2ccc(C([*])C)cc2)cc1,107.0
[*]c1ccc(OC(=S)Oc2ccc(C([*])CC)cc2)cc1,104.0
[*]c1ccc(OC(=S)Oc2ccc(C([*])CCC)cc2)cc1,130.0
[*]c1ccc(OC(=S)Oc2ccc(C3([*])CCC(C)CC3)cc2)cc1,168.0
[*]c1ccc(OC(C)=O)c(N2C(=O)c3ccc(C(c4ccc5c(c4)C(=O)N(c4cc(C([*])(C(F)(F)F)C(F)(F)F)ccc4OC(C)=O)C5=O)(C(F)(F)F)C(F)(F)F)cc3C2=O)c1,266.5
[*]c1ccc(OC(Oc2ccccc2)(Oc2ccccc2)Oc2ccc(C([*])(C)C)cc2)cc1,92.0
[*]c1ccc(OC(Oc2ccccc2)(Oc2ccccc2)Oc2ccc([*])cc2C)c(C)c1,125.0
[*]c1ccc(OC2(F)C(F)(F)C(F)(F)C2(F)Oc2ccc(C([*])(C(F)(F)F)C(F)(F)F)cc2)cc1,122.5
[*]c1ccc(OC2(F)C(F)(F)C(F)(F)C2(F)Oc2ccc(C([*])(C)C)cc2)cc1,98.0
[*]c1ccc(OC2(F)C(F)(F)C(F)(F)C2(F)Oc2ccc(S([*])(=O)=O)cc2)cc1,162.20000000000005
[*]c1ccc(OC2=C(Cl)C(=O)N(c3ccc(Cc4ccc(N5C(=O)C(Cl)=C(Oc6ccc(C([*])(C)C)cc6)C5=O)cc4)cc3)C2=O)cc1,172.0
[*]c1ccc(OC2=C(Cl)C(=O)N(c3ccc(Cc4ccc(N5C(=O)C(Cl)=C(c6ccc(C([*])(C)C)cc6)C5=O)cc4)cc3)C2=O)cc1,173.0
[*]c1ccc(OC2=C(Cl)C(=O)N(c3ccc(Oc4ccc(N5C(=O)C(Cl)=C(Oc6ccc(C([*])(C)C)cc6)C5=O)cc4)cc3)C2=O)cc1,175.0
[*]c1ccc(OC2=C(Cl)C(=O)N(c3cccc(N4C(=O)C(Cl)=C(c5ccc(C([*])(C)C)cc5)C4=O)c3)C2=O)cc1,163.0
[*]c1ccc(OCC(=O)OC(=O)COc2ccc(C([*])(C)C)cc2)cc1,105.0
[*]c1ccc(OCC(CCl)O[Si](C)(C)OC(CCl)COc2ccc(C([*])(C)C)cc2)cc1,24.0
[*]c1ccc(OCC(COc2ccc(C([*])(C)C)cc2)OC(=O)/C=C/c2ccccc2)cc1,100.60000000000002
[*]c1ccc(OCC(COc2ccc(C([*])(C)C)cc2)OC(=O)/C=C/c2ccco2)cc1,107.20000000000005
[*]c1ccc(OCC(COc2ccc(C([*])(C)C)cc2)OC(=O)CCl)cc1,65.0
[*]c1ccc(OCC(COc2ccc(C([*])(C)C)cc2)OC(=O)c2ccccc2)cc1,65.0
[*]c1ccc(OCC(COc2ccc(C([*])(C)C)cc2)OC(=O)c2ccccc2Cl)cc1,66.0
[*]c1ccc(OCC(COc2ccc(C([*])(C)c3ccccc3)cc2)OC(=O)c2ccccc2)cc1,126.0
[*]c1ccc(OCC(COc2ccc(C3CCCC([*])(CC)C3)cc2)OC(C)=O)cc1,107.0
[*]c1ccc(OCC(O)CN(CC(O)COc2ccc(C([*])(C)C)cc2)c2ccc(/C=C/c3ccc([N+](=O)[O-])cc3)cc2)cc1,320.0
[*]c1ccc(OCC(O)CN(CC(O)COc2ccc(C([*])(C)C)cc2)c2ccc(/N=N/c3ccc([N+](=O)[O-])cc3)cc2)cc1,59.0
[*]c1ccc(OCC(O)CN(CC(O)COc2ccc(C([*])(C)C)cc2)c2ccc(C#N)cc2)cc1,100.0
[*]c1ccc(OCC(O)CN(CCO)CC(O)COc2ccc(C([*])(C)C)cc2)cc1,87.10000000000002
[*]c1ccc(OCC(O)CN(CCO)S(=O)(=O)c2ccc(-c3ccc(S(=O)(=O)N(CCO)CC(O)COc4ccc(C([*])(C)C)cc4)cc3)cc2)cc1,76.0
[*]c1ccc(OCC(O)CN(Cc2ccccc2)CC(O)COc2ccc(C([*])(C)C)cc2)cc1,94.25
[*]c1ccc(OCC(O)CN2CCN(CC(O)COc3ccc(C([*])(C)C)cc3)CC2)cc1,100.0
[*]c1ccc(OCC(O)COC(=O)/C=C/C(=O)Oc2ccc(C([*])(C)C)cc2)cc1,32.0
[*]c1ccc(OCC(O)COC(=O)C2CCC(C(=O)OCC(O)COc3ccc(C([*])(C)C)cc3)CC2)cc1,70.0
[*]c1ccc(OCC(O)COC(=O)CCCCC(=O)OCC(O)COc2ccc(C([*])(C)C)cc2)cc1,34.0
[*]c1ccc(OCC(O)COC(=O)CCCCCCC(=O)OCC(O)COc2ccc(C([*])(C)C)cc2)cc1,35.0
[*]c1ccc(OCC(O)COC(=O)CCCCCCCCC(=O)OCC(O)COc2ccc(C([*])(C)C)cc2)cc1,30.0
[*]c1ccc(OCC(O)COC(=O)CCCCCCCCCCC(=O)OCC(O)COc2ccc(C([*])(C)C)cc2)cc1,25.0
[*]c1ccc(OCC(O)COC(=O)c2cccc(C(=O)OCC(O)COc3ccc(C([*])(C)C)cc3)c2)cc1,97.0
[*]c1ccc(OCC(O)COc2c(Cl)cc(C(C)(C)c3cc(Cl)c(OCC(O)COc4ccc(C([*])(C)C)cc4)c(Cl)c3)cc2Cl)cc1,100.0
[*]c1ccc(OCC(O)COc2ccc(C(=O)c3ccc(OCC(O)COc4ccc(C([*])(C)C)cc4)cc3)cc2)cc1,120.0
[*]c1ccc(OCC(O)COc2ccc(C(C)(C)C3CCC([*])(C)CC3)cc2)cc1,135.0
[*]c1ccc(OCC(O)COc2ccc(C(C)(C)c3ccc(OCC(O)COc4ccc(S([*])(=O)=O)cc4C)cc3)cc2)c(C)c1,117.5
[*]c1ccc(OCC(O)COc2ccc(C([*])(C)C)cc2)cc1,91.0
[*]c1ccc(OCC(O)COc2ccc(C([*])(C)C)cc2Cl)c(Cl)c1,85.0
[*]c1ccc(OCC(O)COc2ccc(C([*])(C)CC)cc2)cc1,95.0
[*]c1ccc(OCC(O)COc2ccc(C([*])(C)c3ccccc3)cc2)cc1,115.0
[*]c1ccc(OCC(O)COc2ccc(C3(c4ccc(OCC(O)COc5ccc(C([*])(C)C)cc5)cc4)c4ccccc4-c4ccccc43)cc2)cc1,161.0
[*]c1ccc(OCC(O)COc2ccc(C3CC(C(C)C)CCC3([*])C)cc2)cc1,175.0
[*]c1ccc(OCC(O)COc2ccc(C3CCCC([*])(CC)C3)cc2)cc1,140.0
[*]c1ccc(OCC(O)COc2ccc(NC(=O)CCCC(=O)Nc3ccc(OCC(O)COc4ccc(C([*])(C)C)cc4)cc3)cc2)cc1,105.0
[*]c1ccc(OCC(O)COc2ccc(NC(=O)CCCCC(=O)Nc3ccc(OCC(O)COc4ccc(C([*])(C)C)cc4)cc3)cc2)cc1,112.0
[*]c1ccc(OCC(O)COc2ccc(NC(=O)CCCCCC(=O)Nc3ccc(OCC(O)COc4ccc(C([*])(C)C)cc4)cc3)cc2)cc1,116.0
[*]c1ccc(OCC(O)COc2ccc(NC(=O)c3ccc(OCC(O)COc4ccc(C([*])(C)C)cc4)cc3)cc2)cc1,127.0
[*]c1ccc(OCC(O)COc2ccc(NC(=O)c3ccccc3OCC(O)COc3ccc(C([*])(C)C)cc3)cc2)cc1,121.0
[*]c1ccc(OCC(O)COc2ccc(Oc3ccc(OCC(O)COc4ccc(C([*])(C)C)cc4)cc3)cc2)cc1,85.0
[*]c1ccc(OCC(O)COc2ccc(S(=O)(=O)c3ccc(OCC(O)COc4ccc(C([*])(C)C)cc4)cc3)cc2)cc1,140.0
[*]c1ccc(OCC(O)COc2ccc(S(=O)(=O)c3ccc(OCC(O)COc4ccc(S([*])(=O)=O)cc4C)cc3)cc2)c(C)c1,142.5
[*]c1ccc(OCC(O)COc2ccc(S([*])(=O)=O)cc2)cc1,167.5
[*]c1ccc(OCC(O)COc2ccc(S([*])(=O)=O)cc2C)c(C)c1,132.5
[*]c1ccc(OCC(O)COc2ccc3c(c2)C(C)(C)CC3([*])C)cc1,120.0
[*]c1ccc(OCC(O)COc2cccc(C(=O)Nc3cccc(OCC(O)COc4ccc(C([*])(C)C)cc4)c3)c2)cc1,117.0
[*]c1ccc(OCC(O)COc2cccc(NC(=O)C(=O)Nc3cccc(OCC(O)COc4ccc(C([*])(C)C)cc4)c3)c2)cc1,119.0
[*]c1ccc(OCC(O)COc2cccc(NC(=O)CCCC(=O)Nc3cccc(OCC(O)COc4ccc(C([*])(C)C)cc4)c3)c2)cc1,111.0
[*]c1ccc(OCC(O)COc2cccc(NC(=O)CCCCC(=O)Nc3cccc(OCC(O)COc4ccc(C([*])(C)C)cc4)c3)c2)cc1,103.0
[*]c1ccc(OCC(O)COc2cccc(NC(=O)CCCCCC(=O)Nc3cccc(OCC(O)COc4ccc(C([*])(C)C)cc4)c3)c2)cc1,107.0
[*]c1ccc(OCC(O)COc2cccc(NC(=O)CCCCCCC(=O)Nc3cccc(OCC(O)COc4ccc(C([*])(C)C)cc4)c3)c2)cc1,92.0
[*]c1ccc(OCC(O)COc2cccc(NC(=O)CCCCCCCCCCC(=O)Nc3cccc(OCC(O)COc4ccc(C([*])(C)C)cc4)c3)c2)cc1,90.0
[*]c1ccc(OCC(O)COc2cccc(NC(=O)Cc3cccc(CC(=O)Nc4cccc(OCC(O)COc5ccc(C([*])(C)C)cc5)c4)c3)c2)cc1,119.0
[*]c1ccc(OCC(O)COc2cccc(NC(=O)c3cccc(C(=O)Nc4cccc(OCC(O)COc5ccc(C([*])(C)C)cc5)c4)c3)c2)cc1,133.0
[*]c1ccc(OCC(O)COc2cccc(OCC(O)COc3ccc(C([*])(C)C)cc3)c2)cc1,83.0
[*]c1ccc(OCC(O)COc2cccc(OCC(O)COc3ccc(S([*])(=O)=O)cc3)c2)cc1,105.0
[*]c1ccc(OCC2(COc3ccc(C([*])(C(F)(F)F)C(F)(F)F)cc3)COC2)cc1,134.0
[*]c1ccc(OCC2CCC(COc3ccc(-n4c(=O)c5cc6c(=O)n([*])c(=O)c6cc5c4=O)cc3)CC2)cc1,306.70000000000005
[*]c1ccc(OCCCCCCCCCCCCCCCC)c(N2C(=O)CC(C3C=C(C)C4C(=O)N([*])C(=O)C4C3)C2=O)c1,186.0
[*]c1ccc(OCCCCCCCCCCCCOc2ccc(C(C)(C)c3ccc(OCOc4ccc(C([*])(C)C)cc4)cc3)cc2)cc1,37.0
[*]c1ccc(OCCCCCCCCCCCCOc2ccc(N(c3ccccc3)c3ccc(-c4ccc(N([*])c5ccccc5)cc4)cc3)cc2)cc1,42.5
[*]c1ccc(OCCCCCCCCCCOc2ccc(N(c3ccccc3)c3ccc(-c4ccc(N([*])c5ccccc5)cc4)cc3)cc2)cc1,90.0
[*]c1ccc(OCCCCCCCCOc2ccc(C([*])(C(F)(F)F)C(F)(F)F)cc2)cc1,27.80000000000001
[*]c1ccc(OCCCCCCCCOc2ccc(C([*])(C)C)cc2)cc1,19.600000000000023
[*]c1ccc(OCCCCCCN(CC)c2ccc(C(C#N)=C(C#N)C#N)cc2)c(-c2cc(-c3ccccc3)c3cc(Oc4ccc5nc([*])cc(-c6ccccc6)c5c4)ccc3n2)c1,175.0
[*]c1ccc(OCCCCCCOc2ccc(-c3ccc(OCC)cc3)cc2)c(N2C(=O)c3ccc(C(c4ccc5c(c4)C(=O)N([*])C5=O)(C(F)(F)F)C(F)(F)F)cc3C2=O)c1,150.3
[*]c1ccc(OCCCCCCOc2ccc(/N=N/c3ccc(OCC)cc3)cc2)c(N2C(=O)c3ccc(C(c4ccc5c(c4)C(=O)N([*])C5=O)(C(F)(F)F)C(F)(F)F)cc3C2=O)c1,198.0
[*]c1ccc(OCCCCCCOc2ccc(C([*])(C)C)cc2)cc1,36.0
[*]c1ccc(OCCCCCCOc2ccc(N(c3ccccc3)c3ccc(-c4ccc(N([*])c5ccccc5)cc4)cc3)cc2)cc1,85.0
[*]c1ccc(OCCCCOc2ccc(C(C)(C)c3ccc(Oc4ccc(S(=O)(=O)c5ccc(Oc6ccc(C([*])(C)C)cc6)cc5)cc4)cc3)cc2)cc1,140.0
[*]c1ccc(OCCN(C)c2ccc(/C=C/C3=C/C(=C(/C#N)C(=O)OC)CC(C)(C)C3)cc2)c(N2C(=O)c3ccc(Oc4ccc5c(c4)C(=O)N(c4cc(C([*])(C(F)(F)F)C(F)(F)F)ccc4OCCN(c4ccccc4)c4ccc(/C=C/C6=C/C(=C(/C#N)C(=O)OC)CC(C)(C)C6)cc4)C5=O)cc3C2=O)c1,207.0
[*]c1ccc(OCCN(C)c2ccc(/C=C/C3=C/C(=C(/C#N)C(=O)OCCc4ccccc4)CC(C)(C)C3)cc2)c(N2C(=O)c3ccc(Oc4ccc5c(c4)C(=O)N(c4cc(C([*])(C(F)(F)F)C(F)(F)F)ccc4OCCN(c4ccccc4)c4ccc(/C=C/C6=C/C(=C(/C#N)C(=O)OCCc7ccccc7)CC(C)(C)C6)cc4)C5=O)cc3C2=O)c1,177.0
[*]c1ccc(OCCN(C)c2ccc(/C=C/C3=C/C(=C(/C#N)C(=O)OCc4ccc(Oc5c(F)c(F)c(F)c(F)c5F)cc4)CC(C)(C)C3)cc2)c(N2C(=O)c3ccc(Oc4ccc5c(c4)C(=O)N(c4cc(C([*])(C(F)(F)F)C(F)(F)F)ccc4OCCN(c4ccccc4)c4ccc(/C=C/C6=C/C(=C(/C#N)C(=O)OCc7ccc(Oc8c(F)c(F)c(F)c(F)c8F)cc7)CC(C)(C)C6)cc4)C5=O)cc3C2=O)c1,162.0
[*]c1ccc(OCCN(C)c2ccc(/C=C/C3=C/C(=C(/C#N)S(C)(=O)=O)CC(C)(C)C3)cc2)c(N2C(=O)c3ccc(Oc4ccc5c(c4)C(=O)N(c4cc(C([*])(C(F)(F)F)C(F)(F)F)ccc4OCCN(C)c4ccc(/C=C/C6=C/C(=C(/C#N)S(C)(=O)=O)CC(C)(C)C6)cc4)C5=O)cc3C2=O)c1,225.0
[*]c1ccc(OCCN(C)c2ccc(/C=C/C3=CC(=C(C#N)C#N)CC(C)(C)C3)cc2)c(N2C(=O)c3ccc(Oc4ccc5c(c4)C(=O)N(c4cc(C([*])(C(F)(F)F)C(F)(F)F)ccc4OCCN(C)c4ccc(/C=C/C6=CC(=C(C#N)C#N)CC(C)(C)C6)cc4)C5=O)cc3C2=O)c1,215.0
[*]c1ccc(OCCN(CC)c2ccc(-c3ccc(C(=C(C#N)C#N)c4ccc(-c5ccc(N(CC)CC)cc5)s4)s3)cc2)c(-c2cc(-c3ccccc3)c3cc(Oc4ccc5nc([*])cc(-c6ccccc6)c5c4)ccc3n2)c1,205.0
[*]c1ccc(OCCN(CC)c2ccc(-c3ccc(C(=C(C#N)C#N)c4ccc(N(CC)CC)cc4)s3)cc2)c(-c2cc(-c3ccccc3)c3cc(Oc4ccc5nc([*])cc(-c6ccccc6)c5c4)ccc3n2)c1,215.0
[*]c1ccc(OCCN(CC)c2ccc(/C=C/C3=CC(=C(C#N)C#N)CC(C)(C)C3)cc2)c(N2C(=O)c3ccc(Oc4ccc5c(c4)C(=O)N(c4cc(C([*])(C(F)(F)F)C(F)(F)F)ccc4OCCN(CC)c4ccc(/C=C/C6=CC(=C(C#N)C#N)CC(C)(C)C6)cc4)C5=O)cc3C2=O)c1,202.0
[*]c1ccc(OCCN(CC)c2ccc(/N=N/c3ccc([N+](=O)[O-])cc3)cc2)c(N2C(=O)c3ccc(C(c4ccc5c(c4)C(=O)N(c4cc(C([*])(C(F)(F)F)C(F)(F)F)ccc4OCCN(CC)c4ccc(/N=N/c6ccc([N+](=O)[O-])cc6)cc4)C5=O)(C(F)(F)F)C(F)(F)F)cc3C2=O)c1,199.0
[*]c1ccc(OCCN(CC)c2ccc(C(C#N)=C(C#N)C#N)cc2)c(-c2cc(-c3ccccc3)c3cc(Oc4ccc5nc([*])cc(-c6ccccc6)c5c4)ccc3n2)c1,200.0
[*]c1ccc(OCCN(c2ccccc2)c2ccc(/C=C/C3=C/C(=C(/C#N)S(C)(=O)=O)CC(C)(C)C3)cc2)c(N2C(=O)c3ccc(Oc4ccc5c(c4)C(=O)N(c4cc(C([*])(C(F)(F)F)C(F)(F)F)ccc4OCCN(c4ccccc4)c4ccc(/C=C/C6=C/C(=C(/C#N)S(C)(=O)=O)CC(C)(C)C6)cc4)C5=O)cc3C2=O)c1,234.0
[*]c1ccc(OCCN(c2ccccc2)c2ccc(/C=C/C3=CC(=C(C#N)C#N)CC(C)(C)C3)cc2)c(N2C(=O)c3ccc(Oc4ccc5c(c4)C(=O)N(c4cc(C([*])(C(F)(F)F)C(F)(F)F)ccc4OCCN(c4ccccc4)c4ccc(/C=C/C6=CC(=C(C#N)C#N)CC(C)(C)C6)cc4)C5=O)cc3C2=O)c1,220.0
[*]c1ccc(OCCOC(=O)C2CCC(C(=O)OCCOc3ccc(C([*])(C)C)cc3)CC2)cc1,57.0
[*]c1ccc(OCCOC(=O)Nc2ccc(Cc3ccc(NC(=O)OCCOc4ccc(C([*])(C)C)cc4)cc3)cc2)cc1,127.0
[*]c1ccc(OCCOC(=O)Nc2ccc3c(c2)C(=O)N(c2cccc(P(=O)(c4ccccc4)c4cccc(N5C(=O)c6ccc(NC(=O)OCCOc7ccc(C([*])(C)C)cc7)cc6C5=O)c4)c2)C3=O)cc1,220.0
[*]c1ccc(OCCOC(=O)Nc2ccc3c(c2)C(=O)N(c2cccc(P(C)(=O)c4cccc(N5C(=O)c6ccc(NC(=O)OCCOc7ccc(C([*])(C)C)cc7)cc6C5=O)c4)c2)C3=O)cc1,211.0
[*]c1ccc(OCCOC(=O)c2ccc(C(=O)OCCOc3ccc(C([*])(C)C)cc3)cc2)cc1,83.0
[*]c1ccc(OCOc2ccc(-c3oc(-c4ccc([N+](=O)[O-])cc4)nc3[*])cc2)cc1,194.0
[*]c1ccc(OCOc2ccc(C([*])(C(F)(F)F)C(F)(F)F)cc2)cc1,123.0
[*]c1ccc(OCOc2ccc(C([*])(C)C)cc2)cc1,90.0
[*]c1ccc(OCc2cc(OCCN(C)c3ccc(/C=C/C4=CC(=C(C#N)C#N)CC(C)(C)C4)cc3)cc(OCCN(C)c3ccc(/C=C/C4=CC(=C(C#N)C#N)CC(C)(C)C4)cc3)c2)c(N2C(=O)c3ccc(Oc4ccc5c(c4)C(=O)N(c4cc(C([*])(C(F)(F)F)C(F)(F)F)ccc4OCc4cc(OCCN(C)c6ccc(/C=C/C7=CC(=C(C#N)C#N)CC(C)(C)C7)cc6)cc(OCCN(C)c6ccc(/C=C/C7=CC(=C(C#N)C#N)CC(C)(C)C7)cc6)c4)C5=O)cc3C2=O)c1,178.0
[*]c1ccc(OCc2ccc(Oc3ccc(C([*])(C)C)cc3)n2-c2ccc(C#N)cc2)cc1,73.13
[*]c1ccc(OCc2ccc(Oc3ccc(C([*])(C)C)cc3)n2-c2ccc([N+](=O)[O-])cc2)cc1,76.75
[*]c1ccc(OP(=O)(Oc2ccc(C([*])(C)C)cc2)OC2CCCCC2)cc1,86.0
[*]c1ccc(OP(=O)(Oc2ccc(C([*])(C)C)cc2)Oc2c(Cl)c(Cl)c(Cl)c(Cl)c2Cl)cc1,130.0
[*]c1ccc(OP(=O)(Oc2ccc(C([*])(C)C)cc2)Oc2c(Cl)cc(Cl)cc2Cl)cc1,94.0
[*]c1ccc(OP(=O)(Oc2ccc(C([*])(C)C)cc2)Oc2c(Cl)cccc2Cl)cc1,96.0
[*]c1ccc(OP(=O)(Oc2ccc(Cl)cc2)Oc2ccc(C([*])(C)C)cc2)cc1,71.0
[*]c1ccc(OP(=O)(Oc2ccccc2)Oc2ccc(C([*])(C)C)cc2)cc1,74.5
[*]c1ccc(OS(=O)(=O)c2ccc(C)c(S(=O)(=O)Oc3ccc(C4([*])CCCCC4)cc3C)c2)c(C)c1,141.0
[*]c1ccc(OS(=O)(=O)c2cccc(C(=O)c3cccc(S(=O)(=O)Oc4ccc(C([*])(C)C)cc4)c3)c2)cc1,122.0
[*]c1ccc(OS(=O)(=O)c2cccc(S(=O)(=O)Oc3ccc(C([*])(C)C)cc3)c2)cc1,124.0
[*]c1ccc(OS(=O)(=O)c2cccc(S(=O)(=O)Oc3ccc(C([*])(C)CC)cc3)c2)cc1,147.0
[*]c1ccc(O[Si](C)(C)Oc2ccc(C([*])(C)C)cc2)cc1,45.0
[*]c1ccc(O[Si](C)(Oc2ccc(C([*])(C)C)cc2)c2ccccc2)cc1,58.0
[*]c1ccc(O[Si](Oc2ccc(C3([*])c4ccccc4-c4ccccc43)cc2C)(c2ccccc2)c2ccccc2)c(C)c1,171.0
[*]c1ccc(Oc2c(F)c(F)c(-c3c(F)c(F)c(-n4nc([*])c5ccccc5c4=O)c(F)c3F)c(F)c2F)cc1F,253.0
[*]c1ccc(Oc2c(F)c(F)c(C(=O)c3c(F)c(F)c(Oc4ccc(C([*])(C)c5ccccc5)cc4)c(F)c3F)c(F)c2F)cc1,175.0
[*]c1ccc(Oc2c(F)c(F)c(C(=O)c3c(F)c(F)c(Oc4ccc(C5([*])OC(=O)c6ccccc65)cc4)c(F)c3F)c(F)c2F)cc1,215.0
[*]c1ccc(Oc2c(F)c(F)c(COC(c3cccc(C(OCc4c(F)c(F)c(Oc5ccc(C([*])(C)C)cc5)c(F)c4F)(C(F)(F)F)C(F)(F)F)c3)(C(F)(F)F)C(F)(F)F)c(F)c2F)cc1,98.0
[*]c1ccc(Oc2cc(Oc3ccc(C([*])(C)C)cc3)cc(C(=O)Oc3ccc(/N=N/c4ccc(C#N)cc4)cc3)c2)cc1,163.0
[*]c1ccc(Oc2cc(Oc3ccc(C([*])(C)C)cc3)cc([N+](=O)[O-])c2)cc1,150.0
[*]c1ccc(Oc2cc3ccccc3cc2Oc2ccc(-n3c(=O)c4cc5c(=O)n([*])c(=O)c5cc4c3=O)cc2)cc1,316.0
[*]c1ccc(Oc2ccc(-c3c(-c4ccccc4)c(-c4ccc(-c5nc6ccccc6c([*])c5-c5ccccc5)cc4)nc4ccccc34)cc2)cc1,273.0
[*]c1ccc(Oc2ccc(-c3c4ccccc4c(-c4ccc(Oc5ccc(-c6c7c(c([*])c8ccccc68)C(=O)N(c6ccccc6)C7=O)cc5)c(C(F)(F)F)c4)c4ccccc34)cc2C(F)(F)F)cc1,361.0
[*]c1ccc(Oc2ccc(-c3cc(-c4ccc(Oc5ccc(-c6cc([*])nc7ccccc67)cc5)cc4)c4ccccc4n3)cc2)cc1,300.0
[*]c1ccc(Oc2ccc(-c3cc(-c4ccc(Oc5ccc(P([*])(=O)c6ccccc6)cc5)cc4)n[nH]3)cc2)cc1,296.0
[*]c1ccc(Oc2ccc(-c3cc(-c4ccc(Oc5ccc(P([*])(=O)c6ccccc6)cc5)cc4)nn3-c3ccccc3)cc2)cc1,239.0
[*]c1ccc(Oc2ccc(-c3cc(-c4ccc(Oc5ccc(S([*])(=O)=O)cc5)cc4)n[nH]3)cc2)cc1,260.0
[*]c1ccc(Oc2ccc(-c3cc(-c4ccc(Oc5ccc(S([*])(=O)=O)cc5)cc4)nn3-c3ccccc3)cc2)cc1,235.0
[*]c1ccc(Oc2ccc(-c3cc(-c4ccccc4)c4cc(-c5ccc6nc([*])cc(-c7ccccc7)c6c5)ccc4n3)cc2)cc1,305.0
[*]c1ccc(Oc2ccc(-c3cc(-c4ccccc4)c4cc(C5(c6ccc7nc([*])cc(-c8ccccc8)c7c6)c6ccccc6-c6ccccc65)ccc4n3)cc2)cc1,315.0
[*]c1ccc(Oc2ccc(-c3cc(-c4ccccc4)c4cc(Oc5ccc6nc([*])cc(-c7ccccc7)c6c5)ccc4n3)cc2)cc1,266.0
[*]c1ccc(Oc2ccc(-c3cc(-c4ccccc4)c4cc5c(-c6ccccc6)cc([*])nc5cc4n3)cc2)cc1,380.5
[*]c1ccc(Oc2ccc(-c3cc(-c4ccccc4)c4cc5nc([*])cc(-c6ccccc6)c5cc4n3)cc2)cc1,365.0
[*]c1ccc(Oc2ccc(-c3ccc(-c4ccc(-c5ccc(Oc6ccc(-c7c8c(c([*])c9ccccc79)C(=O)N(c7ccccc7)C8=O)cc6)c(C(F)(F)F)c5)cc4)cc3)cc2C(F)(F)F)cc1,334.0
[*]c1ccc(Oc2ccc(-c3ccc(-c4ccc(Oc5ccc(-c6c7c(c([*])c8ccccc68)C(=O)N(c6ccccc6)C7=O)cc5)c(C(F)(F)F)c4)cc3)cc2C(F)(F)F)cc1,317.0
[*]c1ccc(Oc2ccc(-c3ccc(-c4ccc(Oc5ccc(-c6c7c(c([*])c8ccccc68)C(=O)N(c6ccccc6)C7=O)cc5)c(C(F)(F)F)c4)s3)cc2C(F)(F)F)cc1,287.0
[*]c1ccc(Oc2ccc(-c3ccc(-c4ccc(Oc5ccc(C([*])(C)C)cc5)c(C(F)(F)F)c4)cc3)cc2C(F)(F)F)cc1,192.0
[*]c1ccc(Oc2ccc(-c3ccc(-c4ccc(Oc5ccc(C([*])(C)C)cc5)c(C(F)(F)F)c4)s3)cc2C(F)(F)F)cc1,130.0
[*]c1ccc(Oc2ccc(-c3ccc(-c4ccc(Oc5ccc(C([*])(C)C)cc5)cc4)cc3)cc2)cc1,182.0
[*]c1ccc(Oc2ccc(-c3ccc(-c4ccc(Oc5ccc(P([*])(=O)c6ccccc6)cc5)cc4)nc3)cc2)cc1,257.0
[*]c1ccc(Oc2ccc(-c3ccc(-c4ccc(Oc5ccc(S(=O)(=O)c6ccc(-c7ccc(S([*])(=O)=O)cc7)cc6)cc5)cc4)cc3)cc2)cc1,263.0
[*]c1ccc(Oc2ccc(-c3ccc(-c4ccc(Oc5ccc(S([*])(=O)=O)cc5)c(C(F)(F)F)c4)cc3)cc2C(F)(F)F)cc1,214.0
[*]c1ccc(Oc2ccc(-c3ccc(-c4ccc(Oc5ccc(S([*])(=O)=O)cc5)cc4)cc3)cc2)cc1,251.0
[*]c1ccc(Oc2ccc(-c3ccc(-n4c(=O)c5cc6c(=O)n(-c7ccc(-c8ccc(Oc9ccc%10c(c9)C([*])(C)CC%10(C)C)c(C(F)(F)F)c8)cc7)c(=O)c6cc5c4=O)cc3)cc2C(F)(F)F)cc1,265.0
[*]c1ccc(Oc2ccc(-c3ccc(N4C(=O)c5ccc(C(=O)c6ccc7c(c6)C(=O)N(c6ccc(-c8ccc(Oc9ccc%10c(c9)C([*])(C)CC%10(C)C)c(C(F)(F)F)c8)cc6)C7=O)cc5C4=O)cc3)cc2C(F)(F)F)cc1,252.0
[*]c1ccc(Oc2ccc(-c3ccc(N4C(=O)c5ccc(C(c6ccc7c(c6)C(=O)N(c6ccc(-c8ccc(Oc9ccc%10c(c9)C([*])(C)CC%10(C)C)c(C(F)(F)F)c8)cc6)C7=O)(C(F)(F)F)C(F)(F)F)cc5C4=O)cc3)cc2C(F)(F)F)cc1,262.0
[*]c1ccc(Oc2ccc(-c3ccc(N4C(=O)c5ccc(Oc6ccc(C(C)(C)c7ccc(Oc8ccc9c(c8)C(=O)N(c8ccc(-c%10ccc(Oc%11ccc%12c(c%11)C([*])(C)CC%12(C)C)c(C(F)(F)F)c%10)cc8)C9=O)cc7)cc6)cc5C4=O)cc3)cc2C(F)(F)F)cc1,241.0
[*]c1ccc(Oc2ccc(-c3ccc(N4C(=O)c5ccc(Oc6ccc7c(c6)C(=O)N(c6ccc(-c8ccc(Oc9ccc%10c(c9)C([*])(C)CC%10(C)C)c(C(F)(F)F)c8)cc6)C7=O)cc5C4=O)cc3)cc2C(F)(F)F)cc1,249.0
[*]c1ccc(Oc2ccc(-c3ccc(Oc4ccc(-c5cnc([*])o5)cc4C(F)(F)F)cc3)cc2)c(C(F)(F)F)c1,200.0
[*]c1ccc(Oc2ccc(-c3ccc(Oc4ccc(-c5nc(-c6ccccn6)nnc5[*])cc4)cc3)cc2)cc1,230.0
[*]c1ccc(Oc2ccc(-c3ccc(Oc4ccc(-c5nc([*])nc(-c6ccccc6)n5)cc4)cc3)cc2)cc1,241.0
[*]c1ccc(Oc2ccc(-c3ccc(Oc4ccc(-c5nnc([*])c6c(-c7ccc(F)cc7)c(-c7ccc(F)cc7)c(-c7ccc(F)cc7)c(-c7ccc(F)cc7)c56)cc4)cc3)cc2)cc1,320.0
[*]c1ccc(Oc2ccc(-c3ccc(Oc4ccc(-c5nnc([*])c6c(-c7ccccc7)c(-c7ccc8ccccc8c7)c(-c7ccc8ccccc8c7)c(-c7ccccc7)c56)cc4)cc3)cc2)cc1,334.0
[*]c1ccc(Oc2ccc(-c3ccc(Oc4ccc(-n5c(=O)c6cc7c(=O)n([*])c(=O)c7cc6c5=O)cc4)cc3)cc2)cc1,300.0
[*]c1ccc(Oc2ccc(-c3ccc(Oc4ccc(C([*])(C)C)cc4)cc3)cc2)cc1,154.0
[*]c1ccc(Oc2ccc(-c3ccc(Oc4ccc(N5C(=O)CC(=O)N([*])C5=S)cc4)cc3)cc2)cc1,158.5
[*]c1ccc(Oc2ccc(-c3ccc(Oc4ccc(P([*])(=O)c5ccccc5)cc4)cc3)cc2)cc1,234.0
[*]c1ccc(Oc2ccc(-c3ccc(Oc4ccc(S(=O)(=O)c5ccc(-c6ccc(-c7ccc(S([*])(=O)=O)cc7)cc6)cc5)cc4)cc3)cc2)cc1,264.0
[*]c1ccc(Oc2ccc(-c3ccc(Oc4ccc(S(=O)(=O)c5ccc6cc(S([*])(=O)=O)ccc6c5)cc4)cc3)cc2)cc1,255.0
[*]c1ccc(Oc2ccc(-c3ccc(Oc4ccc(S(=O)(=O)c5cccc6c(S([*])(=O)=O)cccc56)cc4)cc3)cc2)cc1,248.0
[*]c1ccc(Oc2ccc(-c3ccc(Oc4ccc(S([*])(=O)=O)cc4)cc3)cc2)cc1,221.0
[*]c1ccc(Oc2ccc(-c3ccc(S([*])(=O)=O)cc3)cc2)cc1,269.0
[*]c1ccc(Oc2ccc(-c3cccc(-c4ccc(Oc5ccc(-c6c7c(c([*])c8ccccc68)C(=O)N(c6ccccc6)C7=O)cc5)c(C(F)(F)F)c4)c3)cc2C(F)(F)F)cc1,271.0
[*]c1ccc(Oc2ccc(-c3cccc(-c4ccc(Oc5ccc(-c6c7c(c([*])c8ccccc68)C(=O)N(c6ccccc6)C7=O)cc5)c(C(F)(F)F)c4)n3)cc2C(F)(F)F)cc1,298.0
[*]c1ccc(Oc2ccc(-c3cccc(-c4ccc(Oc5ccc(C([*])(C)C)cc5)c(C(F)(F)F)c4)n3)cc2C(F)(F)F)cc1,125.0
[*]c1ccc(Oc2ccc(-c3cnc(-c4ccc(Oc5ccc(C([*])(C)C)cc5)c(C(F)(F)F)c4)o3)cc2C(F)(F)F)cc1,185.0
[*]c1ccc(Oc2ccc(-c3cnc(-c4ccc(Oc5ccc(S([*])(=O)=O)cc5)c(C(F)(F)F)c4)o3)cc2C(F)(F)F)cc1,210.0
[*]c1ccc(Oc2ccc(-c3cnc(-n4c(=O)c5cc6c(=O)n([*])c(=O)c6cc5c4=O)s3)cc2)cc1,328.80000000000007
[*]c1ccc(Oc2ccc(-c3cnc4cc(-c5ccc6nc(-c7ccc(Oc8ccc([*])cc8)cc7)cnc6c5)ccc4n3)cc2)cc1,213.0
[*]c1ccc(Oc2ccc(-c3cnc4cc(-c5ccc6nc([*])cnc6c5)ccc4n3)cc2)cc1,334.0
[*]c1ccc(Oc2ccc(-c3cnc4cc(-c5ccc6ncc([*])nc6c5)ccc4n3)cc2)cc1,280.0
[*]c1ccc(Oc2ccc(-c3cnc4cc(Oc5ccc6nc([*])cnc6c5)ccc4n3)cc2)cc1,382.0
[*]c1ccc(Oc2ccc(-c3cnc4cc(Oc5ccc6ncc([*])nc6c5)ccc4n3)cc2)cc1,270.0
[*]c1ccc(Oc2ccc(-c3cnc4cc5nc([*])cnc5cc4n3)cc2)cc1,353.0
[*]c1ccc(Oc2ccc(-c3cnc4cc5ncc([*])nc5cc4n3)cc2)cc1,353.0
[*]c1ccc(Oc2ccc(-c3cnc4ccc(-c5ccc6ncc([*])nc6c5)cc4n3)cc2)cc1,305.0
[*]c1ccc(Oc2ccc(-c3nc(-c4ccc(-c5nc(-c6ccc(Oc7ccc(S([*])(=O)=O)cc7)cc6)c(-c6ccccc6)[nH]5)cc4)[nH]c3-c3ccccc3)cc2)cc1,301.0
[*]c1ccc(Oc2ccc(-c3nc(-c4cccc(-c5nc(-c6ccc(Oc7ccc(S([*])(=O)=O)cc7)cc6)c(-c6ccccc6)[nH]5)c4)[nH]c3-c3ccccc3)cc2)cc1,292.0
[*]c1ccc(Oc2ccc(-c3nc(-c4ccccc4)[nH]c3-c3ccc(Oc4ccc(P([*])(=O)c5ccccc5)cc4)cc3)cc2)cc1,318.0
[*]c1ccc(Oc2ccc(-c3nc(-c4ccccc4)[nH]c3-c3ccc(Oc4ccc(S([*])(=O)=O)cc4)cc3)cc2)cc1,277.0
[*]c1ccc(Oc2ccc(-c3nc(-c4ccccc4)nc(-c4ccc(Oc5ccc(C([*])(C(F)(F)F)C(F)(F)F)cc5)cc4)n3)cc2)cc1,241.0
[*]c1ccc(Oc2ccc(-c3nc(-c4ccccc4)nc(-c4ccc(Oc5ccc(C([*])(C)C)cc5)cc4)n3)cc2)cc1,228.0
[*]c1ccc(Oc2ccc(-c3nc4cc(C(c5ccc6oc(-c7ccc(Oc8ccc(C([*])(C(F)(F)F)C(F)(F)F)cc8)cc7)nc6c5)(C(F)(F)F)C(F)(F)F)ccc4o3)cc2)cc1,255.0
[*]c1ccc(Oc2ccc(-c3nc4cc5sc(-c6ccc(Oc7ccc(-n8c(=O)c9cc%10c(=O)n([*])c(=O)c%10cc9c8=O)cc7)cc6)nc5cc4s3)cc2)cc1,400.0
[*]c1ccc(Oc2ccc(-c3nc4cc5sc([*])nc5cc4s3)cc2)cc1,350.0
[*]c1ccc(Oc2ccc(-c3nc4ccc(-c5ccc6nc([*])c(-c7ccccc7)c(-c7ccccc7)c6c5)cc4c(-c4ccccc4)c3-c3ccccc3)cc2)cc1,300.0
[*]c1ccc(Oc2ccc(-c3nc4ccc(Oc5ccc6nc([*])cc(-c7ccccc7)c6c5)cc4c(-c4ccccc4)c3-c3ccccc3)cc2)cc1,305.0
[*]c1ccc(Oc2ccc(-c3nc4ccccc4n3-c3ccc(-c4ccc(-n5c(-c6ccc(Oc7ccc(S([*])(=O)=O)cc7)cc6)nc6ccccc65)cc4)cc3)cc2)cc1,289.0
[*]c1ccc(Oc2ccc(-c3nc4ccccc4n3-c3ccc(-n4c(-c5ccc(Oc6ccc(S([*])(=O)=O)cc6)cc5)nc5ccccc54)cc3)cc2)cc1,270.0
[*]c1ccc(Oc2ccc(-c3nn(-c4ccc(S(=O)(=O)c5ccc(-n6nc([*])c7ccccc7c6=O)cc5)cc4)c(=O)c4ccccc34)cc2)cc1,295.0
[*]c1ccc(Oc2ccc(-c3nnc(-c4ccc(Oc5ccc(-c6cc(OCCCCCC)c([*])cc6OCCCCCC)cc5)cc4)o3)cc2)cc1,103.0
[*]c1ccc(Oc2ccc(-c3nnc(-c4ccc(Oc5ccc(C([*])(C(F)(F)F)C(F)(F)F)cc5)c5ccccc45)o3)c3ccccc23)cc1,220.0
[*]c1ccc(Oc2ccc(-c3nnc(-c4ccc(Oc5ccc(C([*])(C(F)(F)F)C(F)(F)F)cc5)cc4)c4c(-c5ccccc5)c(-c5ccc6ccccc6c5)c(-c5ccc6ccccc6c5)c(-c5ccccc5)c34)cc2)cc1,291.0
[*]c1ccc(Oc2ccc(-c3nnc(-c4ccc(Oc5ccc(C([*])(C(F)(F)F)C(F)(F)F)cc5)cc4)n3-c3ccccc3)cc2)cc1,203.0
[*]c1ccc(Oc2ccc(-c3nnc(-c4ccc(Oc5ccc(C([*])(C)C)cc5)cc4)c4c(-c5ccc(F)cc5)c(-c5ccc(F)cc5)c(-c5ccc(F)cc5)c(-c5ccc(F)cc5)c34)cc2)cc1,282.0
[*]c1ccc(Oc2ccc(-c3nnc(-c4ccc(Oc5ccc(C([*])(C)C)cc5)cc4)c4c(-c5ccccc5)c(-c5ccc6ccccc6c5)c(-c5ccc6ccccc6c5)c(-c5ccccc5)c34)cc2)cc1,290.0
[*]c1ccc(Oc2ccc(-c3nnc(-c4ccc(Oc5ccc(C([*])(C)C)cc5)cc4)n3-c3ccc(S(=O)(=O)c4ccccc4)cc3)cc2)cc1,198.0
[*]c1ccc(Oc2ccc(-c3nnc(-c4ccc(Oc5ccc(C([*])(C)C)cc5)cc4)n3-c3ccc(S(C)(=O)=O)cc3)cc2)cc1,230.0
[*]c1ccc(Oc2ccc(-c3nnc(-c4ccc(Oc5ccc(C([*])(C)C)cc5)cc4)n3-c3cccc(C(F)(F)F)c3)cc2)cc1,190.0
[*]c1ccc(Oc2ccc(-c3nnc(-c4ccc(Oc5ccc(C([*])(C)C)cc5)cc4)n3-c3ccccc3)cc2)cc1,207.0
[*]c1ccc(Oc2ccc(-c3nnc(-c4ccc(Oc5ccc(C([*])(C)C)cc5)cc4)o3)cc2)cc1,180.0
[*]c1ccc(Oc2ccc(-c3nnc(-c4ccccn4)nc3-c3ccc(Oc4ccc(C([*])(C(F)(F)F)C(F)(F)F)cc4)cc3)cc2)cc1,224.0
[*]c1ccc(Oc2ccc(-c3nnc(-c4ccccn4)nc3-c3ccc(Oc4ccc(C([*])(C)C)cc4)cc3)cc2)cc1,220.0
[*]c1ccc(Oc2ccc(-c3nnc(-c4ccccn4)nc3-c3ccc(Oc4ccc(C([*])(C)c5ccccc5)cc4)cc3)cc2)cc1,232.0
[*]c1ccc(Oc2ccc(-c3nnc(-c4ccccn4)nc3-c3ccc(Oc4ccc(S([*])(=O)=O)cc4)cc3)cc2)cc1,265.0
[*]c1ccc(Oc2ccc(-c3nnc([*])o3)cc2)cc1,240.0
[*]c1ccc(Oc2ccc(-n3c(=O)c4c(Oc5ccc(OC)cc5)c5c(=O)n([*])c(=O)c5c(Oc5ccc(OC)cc5)c4c3=O)cc2)cc1,303.5
[*]c1ccc(Oc2ccc(-n3c(=O)c4c(Oc5ccc(OCCCC)cc5)c5c(=O)n([*])c(=O)c5c(Oc5ccc(OCCCC)cc5)c4c3=O)cc2)cc1,269.5
[*]c1ccc(Oc2ccc(-n3c(=O)c4c(Oc5ccc(OCCCCCCCC)cc5)c5c(=O)n([*])c(=O)c5c(Oc5ccc(OCCCCCCCC)cc5)c4c3=O)cc2)cc1,234.5
[*]c1ccc(Oc2ccc(-n3c(=O)c4c(Oc5ccc(OCCCCCCCCCCCC)cc5)c5c(=O)n([*])c(=O)c5c(Oc5ccc(OCCCCCCCCCCCC)cc5)c4c3=O)cc2)cc1,218.0
[*]c1ccc(Oc2ccc(-n3c(=O)c4cc5c(=O)n(-c6ccc(Oc7ccc(C(C)(C)c8cccc(C([*])(C)C)c8)cc7)cc6)c(=O)c5cc4c3=O)cc2)cc1,249.47000000000003
[*]c1ccc(Oc2ccc(-n3c(=O)c4cc5c(=O)n(-c6ccc(Oc7ccc(C([*])(C)C)cc7)cc6)c(=O)c5cc4c3=O)cc2)cc1,283.0
[*]c1ccc(Oc2ccc(-n3c(=O)c4cc5c(=O)n([*])c(=O)c5cc4c3=O)cc2)c(-c2ccccc2)c1,329.0
[*]c1ccc(Oc2ccc(-n3nc(-c4ccccc4)cc3-c3ccc(-c4cc(-c5ccccc5)nn4[*])cc3)cc2)cc1,260.0
[*]c1ccc(Oc2ccc(-n3nc(-c4ccccc4)cc3-c3cccc(-c4cc(-c5ccccc5)nn4[*])c3)cc2)cc1,232.0
[*]c1ccc(Oc2ccc(-n3nccc3-c3ccc(-c4ccnn4[*])cc3)cc2)cc1,243.0
[*]c1ccc(Oc2ccc(/C(=N/c3ccc(/N=C(\c4ccccc4)c4ccc(Oc5ccc(C([*])(C)C)cc5)cc4)cc3)c3ccccc3)cc2)cc1,161.0
[*]c1ccc(Oc2ccc(/C(=N/c3ccc(Oc4ccc(/N=C(\c5ccccc5)c5ccc(Oc6ccc(C([*])(C)C)cc6)cc5)cc4)cc3)c3ccccc3)cc2)cc1,155.0
[*]c1ccc(Oc2ccc(/C=C/C(=O)c3ccc(Oc4ccc(C([*])(C)C)cc4)cc3)cc2)cc1,152.0
[*]c1ccc(Oc2ccc(/C=C/C(=O)c3ccc(Oc4ccc(C([*])(C)C)cc4C)cc3)cc2)c(C)c1,157.0
[*]c1ccc(Oc2ccc(/C=C/C(=O)c3ccc(Oc4ccc(C([*])(C)c5ccccc5)cc4)cc3)cc2)cc1,167.0
[*]c1ccc(Oc2ccc(/C=C/c3ccc(Oc4ccc(S([*])(=O)=O)cc4)cc3)cc2)cc1,234.5
[*]c1ccc(Oc2ccc(/C=N/N=C/c3ccc(Oc4ccc(C([*])(C(F)(F)F)C(F)(F)F)cc4)cc3)cc2)cc1,162.0
[*]c1ccc(Oc2ccc(/C=N/N=C/c3ccc(Oc4ccc(C([*])(C)C)cc4)cc3)cc2)cc1,163.0
[*]c1ccc(Oc2ccc(/C=N/N=C/c3ccc(Oc4ccc(C5([*])c6ccccc6-c6ccccc65)cc4)cc3)cc2)cc1,227.0
[*]c1ccc(Oc2ccc(/C=N/N=C/c3ccc(Oc4ccc(S([*])(=O)=O)cc4)cc3)cc2)cc1,151.0
[*]c1ccc(Oc2ccc(/C=N/N=C/c3ccc(Oc4ccc(S([*])=O)cc4)cc3)cc2)cc1,151.0
[*]c1ccc(Oc2ccc(/C=N/c3ccc(/N=C/c4ccc(Oc5ccc(C([*])(c6ccccc6)c6ccccc6)cc5)cc4)cc3)cc2)cc1,230.0
[*]c1ccc(Oc2ccc(/C=N/c3ccc(Oc4ccc(-c5ccc(Oc6ccc(/N=C/c7ccc(Oc8ccc(C([*])(C(F)(F)F)C(F)(F)F)cc8)cc7)cc6)cc5)cc4)cc3)cc2)cc1,128.0
[*]c1ccc(Oc2ccc(/C=N/c3ccc(Oc4ccc(-c5ccc(Oc6ccc(/N=C/c7ccc(Oc8ccc(C([*])(C)C)cc8)cc7)cc6)cc5)cc4)cc3)cc2)cc1,120.0
[*]c1ccc(Oc2ccc(/C=N/c3ccc(Oc4ccc(-c5ccc(Oc6ccc(/N=C/c7ccc(Oc8ccc(S([*])(=O)=O)cc8)cc7)cc6)cc5)cc4)cc3)cc2)cc1,127.0
[*]c1ccc(Oc2ccc(/C=N/c3ccc(Oc4ccc(/N=C/c5ccc(Oc6ccc(C([*])(c7ccccc7)c7ccccc7)cc6)cc5)cc4)cc3)cc2)cc1,211.0
[*]c1ccc(Oc2ccc(/C=N/c3ccc(Oc4ccc(/N=C/c5ccc(Oc6ccc(S([*])(=O)=O)cc6)cc5)cc4)cc3)cc2)cc1,162.0
[*]c1ccc(Oc2ccc(/C=N/c3ccc(Oc4ccc(S([*])(=O)=O)cc4)cc3)cc2)cc1,110.0
[*]c1ccc(Oc2ccc(/N=N/c3ccc(Oc4ccc(C([*])(C)C)cc4)cc3)cc2)cc1,175.0
[*]c1ccc(Oc2ccc(C(=O)C(=O)c3ccc(Oc4ccc(C([*])(C)C)cc4)cc3)cc2)cc1,152.0
[*]c1ccc(Oc2ccc(C(=O)C(=O)c3ccc(Oc4ccc(C([*])(C)c5ccccc5)cc4)cc3)cc2)cc1,177.0
[*]c1ccc(Oc2ccc(C(=O)Nc3ccc(-c4ccc(NC(=O)c5ccc(Oc6ccc(C([*])(C)C)cc6)cc5)cc4C(F)(F)F)c(C(F)(F)F)c3)cc2)cc1,250.0
[*]c1ccc(Oc2ccc(C(=O)Nc3ccc(Cc4ccc(NC(=O)c5ccc(Oc6ccc(C(C)(C)c7ccc(C([*])(C)C)cc7)cc6)cc5)cc4)cc3)cc2)cc1,162.0
[*]c1ccc(Oc2ccc(C(=O)Nc3ccc(Cc4ccc(NC(=O)c5ccc(Oc6ccc(C(C)(C)c7cccc(C([*])(C)C)c7)cc6)cc5)cc4)cc3)cc2)cc1,149.0
[*]c1ccc(Oc2ccc(C(=O)Nc3ccc(NC(=O)c4ccc(Oc5ccc(C(C)(C)c6ccc(C([*])(C)C)cc6)cc5)cc4)cc3)cc2)cc1,163.0
[*]c1ccc(Oc2ccc(C(=O)Nc3ccc(NC(=O)c4ccc(Oc5ccc(C(C)(C)c6cccc(C([*])(C)C)c6)cc5)cc4)cc3)cc2)cc1,154.0
[*]c1ccc(Oc2ccc(C(=O)Nc3ccc(NC(=O)c4ccc(Oc5ccc(C([*])(C)C)cc5)cc4)cc3)cc2)cc1,230.0
[*]c1ccc(Oc2ccc(C(=O)Nc3ccc(Oc4ccc(-c5ccc(Oc6ccc(NC(=O)c7ccc(Oc8ccc(C(C)(C)c9ccc(C([*])(C)C)cc9)cc8)cc7)cc6)cc5)cc4)cc3)cc2)cc1,177.0
[*]c1ccc(Oc2ccc(C(=O)Nc3ccc(Oc4ccc(-c5ccc(Oc6ccc(NC(=O)c7ccc(Oc8ccc(C(C)(C)c9cccc(C([*])(C)C)c9)cc8)cc7)cc6)cc5)cc4)cc3)cc2)cc1,167.0
[*]c1ccc(Oc2ccc(C(=O)Nc3ccc(Oc4ccc(C(c5ccc(Oc6ccc(NC(=O)c7ccc(Oc8ccc(C(C)(C)c9ccc(C([*])(C)C)cc9)cc8)cc7)cc6)cc5)(C(F)(F)F)C(F)(F)F)cc4)cc3)cc2)cc1,169.0
[*]c1ccc(Oc2ccc(C(=O)Nc3ccc(Oc4ccc(C(c5ccc(Oc6ccc(NC(=O)c7ccc(Oc8ccc(C(C)(C)c9cccc(C([*])(C)C)c9)cc8)cc7)cc6)cc5)(C(F)(F)F)C(F)(F)F)cc4)cc3)cc2)cc1,154.0
[*]c1ccc(Oc2ccc(C(=O)Nc3ccc(Oc4ccc(NC(=O)c5ccc(Oc6ccc(C(C)(C)c7ccc(C([*])(C)C)cc7)cc6)cc5)cc4)cc3)cc2)cc1,174.0
[*]c1ccc(Oc2ccc(C(=O)Nc3ccc(Oc4ccc(NC(=O)c5ccc(Oc6ccc(C(C)(C)c7cccc(C([*])(C)C)c7)cc6)cc5)cc4)cc3)cc2)cc1,155.0
[*]c1ccc(Oc2ccc(C(=O)Nc3ccc(Oc4ccc(Oc5ccc(NC(=O)c6ccc(Oc7ccc(C(C)(C)c8ccc(C([*])(C)C)cc8)cc7)cc6)cc5)cc4)cc3)cc2)cc1,165.0
[*]c1ccc(Oc2ccc(C(=O)Nc3ccc(Oc4ccc(Oc5ccc(NC(=O)c6ccc(Oc7ccc(C(C)(C)c8cccc(C([*])(C)C)c8)cc7)cc6)cc5)cc4)cc3)cc2)cc1,147.0
[*]c1ccc(Oc2ccc(C(=O)Nc3ccc(Oc4ccc(S(=O)(=O)c5ccc(Oc6ccc(NC(=O)c7ccc(Oc8ccc(C(C)(C)c9ccc(C([*])(C)C)cc9)cc8)cc7)cc6)cc5)cc4)cc3)cc2)cc1,177.0
[*]c1ccc(Oc2ccc(C(=O)Nc3ccc(Oc4ccc(S(=O)(=O)c5ccc(Oc6ccc(NC(=O)c7ccc(Oc8ccc(C(C)(C)c9cccc(C([*])(C)C)c9)cc8)cc7)cc6)cc5)cc4)cc3)cc2)cc1,167.0
[*]c1ccc(Oc2ccc(C(=O)Nc3ccc(Oc4ccc5cccc(Oc6ccc(NC(=O)c7ccc(Oc8ccc(C([*])(C)c9ccccc9)cc8)cc7)cc6)c5c4)cc3)cc2)cc1,212.0
[*]c1ccc(Oc2ccc(C(=O)Nc3ccc(Oc4cccc(NC(=O)c5ccc(Oc6ccc(C(C)(C)c7ccc(C([*])(C)C)cc7)cc6)cc5)c4)cc3)cc2)cc1,168.0
[*]c1ccc(Oc2ccc(C(=O)Nc3ccc(Oc4cccc5ccc(Oc6ccc(NC(=O)c7ccc(Oc8ccc(C(C)(C)c9cccc(C([*])(C)C)c9)cc8)cc7)cc6)cc45)cc3)cc2)cc1,139.0
[*]c1ccc(Oc2ccc(C(=O)Nc3cccc(NC(=O)c4ccc(Oc5ccc(C(C)(C)c6ccc(C([*])(C)C)cc6)cc5)cc4)c3)cc2)cc1,173.0
[*]c1ccc(Oc2ccc(C(=O)Nc3cccc(NC(=O)c4ccc(Oc5ccc(C(C)(C)c6cccc(C([*])(C)C)c6)cc5)cc4)c3)cc2)cc1,155.0
[*]c1ccc(Oc2ccc(C(=O)Nc3cccc(NC(=O)c4ccc(Oc5ccc(C([*])(C)C)cc5)cc4)c3)cc2)cc1,214.0
[*]c1ccc(Oc2ccc(C(=O)Nc3cccc(Oc4ccc(NC(=O)c5ccc(Oc6ccc(C(C)(C)c7cccc(C([*])(C)C)c7)cc6)cc5)cc4)c3)cc2)cc1,147.0
[*]c1ccc(Oc2ccc(C(=O)Oc3ccc(C4(c5ccc(OC(=O)c6ccc(Oc7ccc(C8([*])CCC(C(C)(C)C)CC8)cc7)cc6)cc5)C5CC6CC(C5)CC4C6)cc3)cc2)cc1,197.0
[*]c1ccc(Oc2ccc(C(=O)Oc3ccc(C4(c5ccc(OC(=O)c6ccc(Oc7ccc(C8([*])CCC(C(C)(C)C)CC8)cc7)cc6)cc5)CC5CC4C4CCCC54)cc3)cc2)cc1,181.0
[*]c1ccc(Oc2ccc(C(=O)Oc3ccc(C4(c5ccc(OC(=O)c6ccc(Oc7ccc(C8([*])CCC(C(C)(C)C)CC8)cc7)cc6)cc5)CCC(c5ccccc5)CC4)cc3)cc2)cc1,172.0
[*]c1ccc(Oc2ccc(C(=O)Oc3ccc(C4(c5ccc(OC(=O)c6ccc(Oc7ccc(C8([*])CCC(C(C)(C)C)CC8)cc7)cc6)cc5)CCCCCCCCCCC4)cc3)cc2)cc1,181.0
[*]c1ccc(Oc2ccc(C(=O)Oc3ccc(C45CC6CC(CC(C6)C4)C5)c(OC(=O)c4ccc(Oc5ccc(C6([*])CCC(C(C)(C)C)CC6)cc5)cc4)c3)cc2)cc1,180.0
[*]c1ccc(Oc2ccc(C(=O)c3c(C(=O)c4ccc(Oc5ccc(C([*])(C)C)cc5)cc4)c(-c4ccc(F)cc4)c(-c4ccc(F)cc4)c(-c4ccc(F)cc4)c3-c3ccc(F)cc3)cc2)cc1,252.0
[*]c1ccc(Oc2ccc(C(=O)c3c(C(=O)c4ccc(Oc5ccc(C([*])(C)C)cc5)cc4)c(-c4ccccc4)c(-c4ccc5ccccc5c4)c(-c4ccc5ccccc5c4)c3-c3ccccc3)cc2)cc1,264.0
[*]c1ccc(Oc2ccc(C(=O)c3ccc(-c4ccc(C(=O)c5ccc(Oc6ccc(C([*])(C)C)cc6)cc5)cc4)cc3)cc2)cc1,186.0
[*]c1ccc(Oc2ccc(C(=O)c3ccc(C(=O)c4ccc(Oc5ccc(C([*])(C)C)cc5)c(C(F)(F)F)c4)cc3)cc2C(F)(F)F)cc1,171.0
[*]c1ccc(Oc2ccc(C(=O)c3ccc(C(=O)c4ccc(Oc5ccc(C([*])(C)C)cc5)cc4)cc3)cc2)cc1,160.0
[*]c1ccc(Oc2ccc(C(=O)c3ccc(C(=O)c4ccc(Oc5ccc(C([*])(C)C)cc5)s4)cc3)s2)cc1,154.0
[*]c1ccc(Oc2ccc(C(=O)c3ccc(C(C)(C)c4ccc(C(=O)c5ccc(Oc6ccc(C([*])(C)C)cc6)cc5)cc4)cc3)cc2)cc1,171.0
[*]c1ccc(Oc2ccc(C(=O)c3ccc(C(c4ccc(C(=O)c5ccc(Oc6ccc(C([*])(C)C)cc6)cc5)cc4)(C(F)(F)F)C(F)(F)F)cc3)cc2)cc1,181.0
[*]c1ccc(Oc2ccc(C(=O)c3ccc(Oc4ccc(-c5c6c(c([*])c7ccccc57)C(=O)N(C)C6=O)cc4)cc3)cc2)cc1,283.0
[*]c1ccc(Oc2ccc(C(=O)c3ccc(Oc4ccc(-c5c6c(c([*])c7ccccc57)C(=O)N(CCCCCCCCCCCC)C6=O)cc4)cc3)cc2)cc1,147.0
[*]c1ccc(Oc2ccc(C(=O)c3ccc(Oc4ccc(C(=O)c5ccc(Oc6ccc(C([*])(C)C)cc6)cc5)cc4)cc3)cc2)cc1,162.0
[*]c1ccc(Oc2ccc(C(=O)c3ccc(Oc4ccc(C(C)(C)C5CCC([*])(C)CC5)cc4)cc3)cc2)cc1,200.0
[*]c1ccc(Oc2ccc(C(=O)c3ccc(Oc4ccc(C([*])(C)C)cc4)c(S(=O)(=O)O)c3)cc2S(=O)(=O)O)cc1,175.0
[*]c1ccc(Oc2ccc(C(=O)c3ccc(Oc4ccc(C([*])(C)C)cc4)cc3)cc2)cc1,155.0
[*]c1ccc(Oc2ccc(C(=O)c3ccc(Oc4ccc(C([*])(C)C)cc4)s3)cc2)cc1,151.0
[*]c1ccc(Oc2ccc(C(=O)c3ccc(Oc4ccc(C([*])(C)C)cc4)s3)s2)cc1,124.0
[*]c1ccc(Oc2ccc(C(=O)c3ccc(Oc4ccc(C5([*])CCC6CCCCC6C5)cc4C)cc3)cc2)c(C)c1,201.0
[*]c1ccc(Oc2ccc(C(=O)c3ccc(Oc4ccc(C5([*])OC(=O)c6ccccc65)cc4)cc3)cc2)cc1,218.0
[*]c1ccc(Oc2ccc(C(=O)c3ccc(Oc4ccc(C5([*])c6ccccc6C(=O)N5C)cc4)cc3)cc2)cc1,245.0
[*]c1ccc(Oc2ccc(C(=O)c3ccc(Oc4ccc(S(=O)(=O)c5ccc(Oc6ccc(C([*])(C)C)cc6)cc5)cc4)cc3)cc2)cc1,175.0
[*]c1ccc(Oc2ccc(C(=O)c3ccc(P(=O)(c4ccccc4)c4ccc(C(=O)c5ccc(Oc6ccc(C([*])(C)C)cc6)cc5)cc4)cc3)cc2)cc1,195.0
[*]c1ccc(Oc2ccc(C(=O)c3ccc4c(c3)C(=O)N(c3ccc(Cc5ccc(N6C(=O)c7ccc(C(=O)c8ccc(Oc9ccc(C%10([*])OC(=O)c%11ccccc%11%10)cc9)cc8)cc7C6=O)cc5)cc3)C4=O)cc2)cc1,268.0
[*]c1ccc(Oc2ccc(C(=O)c3ccc4c(c3)C(=O)N(c3ccc(Oc5ccc(N6C(=O)c7ccc(C(=O)c8ccc(Oc9ccc(C%10([*])OC(=O)c%11ccccc%11%10)cc9)cc8)cc7C6=O)cc5)cc3)C4=O)cc2)cc1,260.0
[*]c1ccc(Oc2ccc(C(=O)c3ccc4c(c3)C(=O)N(c3ccc(Oc5ccc(N6C(=O)c7ccc(C(=O)c8ccc(Oc9ccc(C([*])(C)C)cc9)cc8)cc7C6=O)cc5)cc3)C4=O)cc2)cc1,217.0
[*]c1ccc(Oc2ccc(C(=O)c3ccc4cc(C(=O)c5ccc(Oc6ccc(C([*])(C)C)cc6)cc5)ccc4c3)cc2)cc1,185.0
[*]c1ccc(Oc2ccc(C(=O)c3cccc(C(=O)c4ccc(Oc5ccc(-c6c7c(c([*])c8ccccc68)C(=O)N(C)C7=O)cc5)cc4)c3)cc2)cc1,251.0
[*]c1ccc(Oc2ccc(C(=O)c3cccc(C(=O)c4ccc(Oc5ccc(-c6c7c(c([*])c8ccccc68)C(=O)N(CCCCCCCCCCCC)C7=O)cc5)cc4)c3)cc2)cc1,140.0
[*]c1ccc(Oc2ccc(C(=O)c3cccc(C(=O)c4ccc(Oc5ccc(C([*])(C)C)cc5)cc4)c3)cc2)cc1,153.0
[*]c1ccc(Oc2ccc(C(=O)c3cccc(C(=O)c4ccc(Oc5ccc(C6([*])CCC7CCCCC7C6)cc5C)cc4)c3)cc2)c(C)c1,185.0
[*]c1ccc(Oc2ccc(C(=O)c3cccc(C(=O)c4ccc(Oc5ccc(C6([*])c7ccccc7-c7ccccc76)cc5C)cc4)c3)cc2)c(C)c1,217.0
[*]c1ccc(Oc2ccc(C(=O)c3cccc4cccc(C(=O)c5ccc(Oc6ccc(C([*])(C)C)cc6)cc5)c34)cc2)cc1,210.5
[*]c1ccc(Oc2ccc(C(=O)c3ccccc3)c(-c3cc(Oc4ccc(C([*])(C)C)cc4)ccc3C(=O)c3ccccc3)c2)cc1,156.0
[*]c1ccc(Oc2ccc(C(=O)c3ccccc3-c3ccccc3C(=O)c3ccc(Oc4ccc(C([*])(C)C)cc4)cc3)cc2)cc1,172.0
[*]c1ccc(Oc2ccc(C(C)(C)c3ccc(Oc4ccc(-c5nnc([*])n5-c5ccc(C)cc5)cc4)cc3)cc2)cc1,205.0
[*]c1ccc(Oc2ccc(C(C)(C)c3ccccc3)cc2)c(N2C(=O)c3ccc(-c4ccc5c(c4)C(=O)N([*])C5=O)cc3C2=O)c1,275.0
[*]c1ccc(Oc2ccc(C(C)(C)c3ccccc3)cc2)c(N2C(=O)c3ccc(C(=O)c4ccc5c(c4)C(=O)N([*])C5=O)cc3C2=O)c1,267.0
[*]c1ccc(Oc2ccc(C(O)C(O)c3ccc(Oc4ccc(C([*])(C)C)cc4)cc3)cc2)cc1,151.0
[*]c1ccc(Oc2ccc(C(c3ccc(Oc4ccc(-c5ccc([*])s5)cc4C(F)(F)F)cc3)(C(F)(F)F)C(F)(F)F)cc2)c(C(F)(F)F)c1,155.0
[*]c1ccc(Oc2ccc(C(c3ccc(Oc4ccc(-c5cccc([*])n5)cc4C(F)(F)F)cc3)(C(F)(F)F)C(F)(F)F)cc2)c(C(F)(F)F)c1,153.0
[*]c1ccc(Oc2ccc(C(c3ccc(Oc4ccc(-c5cnc([*])o5)cc4C(F)(F)F)cc3)(C(F)(F)F)C(F)(F)F)cc2)c(C(F)(F)F)c1,205.0
[*]c1ccc(Oc2ccc(C(c3ccc(Oc4ccc(-c5nnc([*])c6c(-c7ccc(F)cc7)c(-c7ccc(F)cc7)c(-c7ccc(F)cc7)c(-c7ccc(F)cc7)c56)cc4)cc3)(C(F)(F)F)C(F)(F)F)cc2)cc1,288.0
[*]c1ccc(Oc2ccc(C(c3ccc(Oc4ccc(-c5nnc([*])n5-c5ccc(C)cc5)cc4)cc3)(C(F)(F)F)C(F)(F)F)cc2)cc1,213.0
[*]c1ccc(Oc2ccc(C(c3ccc(Oc4ccc(-c5nnc([*])n5-c5ccc(S(=O)(=O)c6ccccc6)cc5)cc4)cc3)(C(F)(F)F)C(F)(F)F)cc2)cc1,211.0
[*]c1ccc(Oc2ccc(C(c3ccc(Oc4ccc(-c5nnc([*])n5-c5ccc(S(C)(=O)=O)cc5)cc4)cc3)(C(F)(F)F)C(F)(F)F)cc2)cc1,226.0
[*]c1ccc(Oc2ccc(C(c3ccc(Oc4ccc(-c5nnc([*])n5-c5cccc(C(F)(F)F)c5)cc4)cc3)(C(F)(F)F)C(F)(F)F)cc2)cc1,185.0
[*]c1ccc(Oc2ccc(C(c3ccc(Oc4ccc(-n5c(=O)c6cc7c(=O)n([*])c(=O)c7cc6c5=O)cc4C(F)(F)F)cc3)(C(F)(F)F)C(F)(F)F)cc2)c(C(F)(F)F)c1,253.0
[*]c1ccc(Oc2ccc(C(c3ccc(Oc4ccc(N5C(=O)CC(=O)N([*])C5=S)cc4)cc3)(C(F)(F)F)C(F)(F)F)cc2)cc1,147.0
[*]c1ccc(Oc2ccc(C(c3ccc(Oc4ccc(N5C(=O)c6ccc7c8c(ccc(c68)C5=O)C(=O)N([*])C7=O)cc4)c(S(=O)(=O)O)c3)(C(F)(F)F)C(F)(F)F)cc2S(=O)(=O)O)cc1,270.0
[*]c1ccc(Oc2ccc(C(c3ccc(Oc4ccc(N5C(=O)c6ccc7c8c(ccc(c68)C5=O)C(=O)N([*])C7=O)cc4)cc3)(C(F)(F)F)C(F)(F)F)cc2)cc1,280.0
[*]c1ccc(Oc2ccc(C(c3ccc(Oc4ccc(P([*])(=O)c5ccccc5)cc4)cc3)(C(F)(F)F)C(F)(F)F)cc2)cc1,210.5
[*]c1ccc(Oc2ccc(C(c3ccc(Oc4ccc(P([*])(C)=O)cc4)cc3)(C(F)(F)F)C(F)(F)F)cc2)cc1,208.0
[*]c1ccc(Oc2ccc(C(c3ccc(Oc4ccc(S([*])(=O)=O)c(C(O)(C(F)(F)F)C(F)(F)F)c4)cc3)(C(F)(F)F)C(F)(F)F)cc2)cc1C(O)(C(F)(F)F)C(F)(F)F,148.0
[*]c1ccc(Oc2ccc(C(c3ccc(Oc4ccc(S([*])(=O)=O)cc4)c(Br)c3)(C(F)(F)F)C(F)(F)F)cc2Br)cc1,197.5
[*]c1ccc(Oc2ccc(C(c3ccc(Oc4ccc(S([*])(=O)=O)cc4)cc3)(C(F)(F)F)C(F)(F)F)cc2)cc1,199.70000000000005
[*]c1ccc(Oc2ccc(C(c3ccccc3)(c3ccc(Oc4ccc(P([*])(C)=O)cc4)cc3)C(F)(F)F)cc2)cc1,229.0
[*]c1ccc(Oc2ccc(C(c3ccccc3)(c3ccccc3)c3ccc(Oc4ccc(-c5nc([*])nc(-c6ccccc6)n5)cc4)cc3)cc2)cc1,261.0
[*]c1ccc(Oc2ccc(C(c3ccccc3)(c3ccccc3)c3ccc(Oc4ccc(S([*])(=O)=O)cc4)cc3)cc2)cc1,230.0
[*]c1ccc(Oc2ccc(C3(c4ccc(Oc5ccc(-c6ccc([*])s6)cc5C(F)(F)F)cc4)c4ccccc4-c4ccccc43)cc2)c(C(F)(F)F)c1,169.0
[*]c1ccc(Oc2ccc(C3(c4ccc(Oc5ccc(-c6cccc([*])n6)cc5C(F)(F)F)cc4)c4ccccc4-c4ccccc43)cc2)c(C(F)(F)F)c1,182.5
[*]c1ccc(Oc2ccc(C3(c4ccc(Oc5ccc(-c6nc(-c7ccccn7)nnc6[*])cc5)cc4)c4ccccc4-c4ccccc43)cc2)cc1,277.0
[*]c1ccc(Oc2ccc(C3(c4ccc(Oc5ccc(-c6nnc([*])c7c(-c8ccc(F)cc8)c(-c8ccc(F)cc8)c(-c8ccc(F)cc8)c(-c8ccc(F)cc8)c67)cc5)cc4)c4ccccc4-c4ccccc43)cc2)cc1,321.0
[*]c1ccc(Oc2ccc(C3(c4ccc(Oc5ccc(-c6nnc([*])c7c(-c8ccccc8)c(-c8ccc9ccccc9c8)c(-c8ccc9ccccc9c8)c(-c8ccccc8)c67)cc5)cc4)c4ccccc4-c4ccccc43)cc2)cc1,334.0
[*]c1ccc(Oc2ccc(C3(c4ccc(Oc5ccc(N6C(=O)CC(=O)N([*])C6=S)cc5)cc4)c4ccccc4-c4ccccc43)cc2)cc1,175.0
[*]c1ccc(Oc2ccc(C3(c4ccc(Oc5ccc(P([*])(C)=O)cc5)cc4)OC(=O)c4ccccc43)cc2)cc1,263.0
[*]c1ccc(Oc2ccc(C3(c4ccc(Oc5ccc(S([*])(=O)=O)cc5)cc4)C4CC5CC(C4)CC3C5)cc2)cc1,297.0
[*]c1ccc(Oc2ccc(C3(c4ccc(Oc5ccc(S([*])(=O)=O)cc5)cc4)CC4CCC3C4)cc2)cc1,250.0
[*]c1ccc(Oc2ccc(C3(c4ccc(Oc5ccc(S([*])(=O)=O)cc5)cc4)CCCC3)cc2)cc1,230.0
[*]c1ccc(Oc2ccc(C3(c4ccc(Oc5ccc(S([*])(=O)=O)cc5)cc4)CCCCC3)cc2)cc1,226.0
[*]c1ccc(Oc2ccc(C3(c4ccc(Oc5ccc(S([*])(=O)=O)cc5)cc4)CCCCCC3)cc2)cc1,247.0
[*]c1ccc(Oc2ccc(C3(c4ccc(Oc5ccc(S([*])(=O)=O)cc5)cc4)c4ccccc4-c4ccccc43)cc2)cc1,278.5
[*]c1ccc(Oc2ccc(C34CC5CC(C3)CC(c3ccc(Oc6ccc(S([*])(=O)=O)cc6)cc3)(C5)C4)cc2)cc1,242.0
[*]c1ccc(Oc2ccc(Cc3ccc(Oc4ccc(S([*])(=O)=O)cc4)cc3)cc2)cc1,189.55
[*]c1ccc(Oc2ccc(N(c3ccc(OC)cc3)c3ccc4ccc(N([*])c5ccc(OC)cc5)cc4c3)cc2)cc1,197.0
[*]c1ccc(Oc2ccc(N(c3ccc(OCCCCCC)cc3)c3ccc(-c4ccc(N([*])c5ccc(OCCCCCC)cc5)cc4)cc3)cc2)cc1,105.0
[*]c1ccc(Oc2ccc(N(c3ccccc3)c3ccc(-c4ccc(N([*])c5ccccc5)cc4)cc3)cc2)cc1,218.0
[*]c1ccc(Oc2ccc(N3C(=O)C(=O)N(CCCCCCN4C(=O)C(=O)N([*])C4=O)C3=O)cc2)cc1,172.0
[*]c1ccc(Oc2ccc(N3C(=O)C(=O)N(c4ccccc4CCc4ccc(N5C(=O)C(=O)N([*])C5=O)cc4)C3=O)cc2)cc1,208.0
[*]c1ccc(Oc2ccc(N3C(=O)C4CCC(C5CCC6C(=O)N(c7ccc(Oc8ccc(C([*])(C)C)cc8)cc7)C(=O)C6C5)CC4C3=O)cc2)cc1,225.0
[*]c1ccc(Oc2ccc(N3C(=O)C4CCC5C(=O)N([*])C(=O)C5C4C3=O)cc2)cc1,342.0
[*]c1ccc(Oc2ccc(N3C(=O)C4CCC5C(=O)N(c6ccc(Oc7ccc(C([*])(C)C)cc7)cc6)C(=O)C5C4C3=O)cc2)cc1,263.5
[*]c1ccc(Oc2ccc(N3C(=O)CC(=O)N(c4ccc(Oc5ccc(C([*])(C)C)cc5)cc4)C3=S)cc2)cc1,150.0
[*]c1ccc(Oc2ccc(N3C(=O)CC(C)(SCCOCCSC4(C)CC(=O)N(c5ccc(Oc6ccc(N7C(=O)C(C)C(SCCOCCSC8C(=O)N([*])C(=O)C8C)C7=O)cc6)cc5)C4=O)C3=O)cc2)cc1,145.0
[*]c1ccc(Oc2ccc(N3C(=O)CC4C(CC5C(=O)N([*])C(=O)C54)C3=O)cc2)cc1,350.0
[*]c1ccc(Oc2ccc(N3C(=O)N4C(c5ccc(OC)cc5)N([*])C(=O)N4C3c3ccc(OC)cc3)cc2)cc1,163.0
[*]c1ccc(Oc2ccc(N3C(=O)c4c(c(-c5ccccc5)c(-c5ccc(-c6c(-c7ccccc7)c7c(c(-c8ccccc8)c6-c6ccccc6)C(=O)N([*])C7=O)cc5)c(-c5ccccc5)c4-c4ccccc4)C3=O)cc2)cc1,413.0
[*]c1ccc(Oc2ccc(N3C(=O)c4c(c(-c5ccccc5)c(-c5ccc(Oc6ccc(-c7c(-c8ccccc8)c8c(c(-c9ccccc9)c7-c7ccccc7)C(=O)N([*])C8=O)cc6)cc5)c(-c5ccccc5)c4-c4ccccc4)C3=O)cc2)cc1,360.0
[*]c1ccc(Oc2ccc(N3C(=O)c4ccc(-c5ccc(-c6ccc(-c7ccc(-c8ccc(-c9ccc%10c(c9)C(=O)N(c9ccc(Oc%11ccc(C([*])(C)C)cc%11)cc9)C%10=O)cc8)cc7)cc6)cc5)cc4C3=O)cc2)cc1,236.0
[*]c1ccc(Oc2ccc(N3C(=O)c4ccc(C(=O)Nc5ccc(Oc6ccc(-c7ccc(Oc8ccc(NC(=O)c9ccc%10c(c9)C(=O)N(c9ccc(Oc%11ccc(C([*])(C)C)cc%11)cc9)C%10=O)cc8)cc7)cc6)cc5)cc4C3=O)cc2)cc1,283.0
[*]c1ccc(Oc2ccc(N3C(=O)c4ccc(C(=O)Nc5ccc(Oc6ccccc6-c6ccccc6Oc6ccc(NC(=O)c7ccc8c(c7)C(=O)N(c7ccc(Oc9ccc(C([*])(C)C)cc9)cc7)C8=O)cc6)cc5)cc4C3=O)cc2)cc1,229.0
[*]c1ccc(Oc2ccc(N3C(=O)c4ccc(Oc5ccc(C(C)(C)c6ccc(Oc7ccc8c(c7)C(=O)N(c7ccc(Oc9ccc(C([*])(C)C)cc9)cc7)C8=O)cc6)cc5)cc4C3=O)cc2)cc1,176.0
[*]c1ccc(Oc2ccc(N3C(=O)c4ccc(Oc5ccc(C6(c7ccc(Oc8ccc9c(c8)C(=O)N(c8ccc(Oc%10ccc(C%11([*])CCC(C(C)(C)C)CC%11)cc%10)cc8)C9=O)cc7)CCC(c7ccccc7)CC6)cc5)cc4C3=O)cc2)cc1,243.0
[*]c1ccc(Oc2ccc(N3C(=O)c4ccc(Oc5ccc(C6(c7ccc(Oc8ccc9c(c8)C(=O)N(c8ccc(Oc%10ccc(C%11([*])CCC(C(C)(C)C)CC%11)cc%10)cc8)C9=O)cc7)CCCCCCCCCCC6)cc5)cc4C3=O)cc2)cc1,254.0
[*]c1ccc(Oc2ccc(N3C(=O)c4ccc(Oc5ccc6c(c5)C(=O)N(c5ccc(Oc7ccc(C([*])(C)C)cc7)cc5)C6=O)cc4C3=O)cc2)cc1,227.5
[*]c1ccc(Oc2ccc(N3C(=O)c4ccc(Oc5ccccc5Oc5ccc6c(c5)C(=O)N(c5ccc(Oc7ccc(C([*])(C)C)cc7)c(C(F)(F)F)c5)C6=O)cc4C3=O)cc2C(F)(F)F)cc1,192.0
[*]c1ccc(Oc2ccc(NC(=O)CN3C(=O)c4ccc(C(c5ccc6c(c5)C(=O)N(CC(=O)Nc5ccc(Oc7ccc(C([*])(C)C)cc7)cc5)C6=O)(C(F)(F)F)C(F)(F)F)cc4C3=O)cc2)cc1,224.0
[*]c1ccc(Oc2ccc(NC(=O)c3ccc(N4C(=O)c5ccc(C(=O)Nc6ccc(Oc7ccc(C([*])(C)C)cc7)cc6)cc5C4=O)cc3)cc2)cc1,216.0
[*]c1ccc(Oc2ccc(NC(=O)c3ccc(N4C(=O)c5ccc(C(c6ccc7c(c6)C(=O)N(c6ccc(C(=O)Nc8ccc(Oc9ccc(C([*])(C)C)cc9)cc8)cc6)C7=O)(C(F)(F)F)C(F)(F)F)cc5C4=O)cc3)cc2)cc1,266.0
[*]c1ccc(Oc2ccc(NC(=O)c3ccc(Oc4ccc(C(C)(C)c5ccc(C(C)(C)c6ccc(Oc7ccc(C(=O)Nc8ccc(Oc9ccc(C([*])(C)C)cc9)cc8)cc7)cc6)cc5)cc4)cc3)cc2)cc1,163.0
[*]c1ccc(Oc2ccc(NC(=O)c3ccc(Oc4ccc(C(C)(C)c5cccc(C(C)(C)c6ccc(Oc7ccc(C(=O)Nc8ccc(Oc9ccc(C([*])(C)C)cc9)cc8)cc7)cc6)c5)cc4)cc3)cc2)cc1,147.0
[*]c1ccc(Oc2ccc(NC(=O)c3ccc(Oc4ccc5ccc(Oc6ccc(C(=O)Nc7ccc(Oc8ccc(C(C)(C)c9ccc(C([*])(C)C)cc9)cc8)cc7)cc6)cc5c4)cc3)cc2)cc1,166.0
[*]c1ccc(Oc2ccc(NC(=O)c3ccc(Oc4ccc5ccc(Oc6ccc(C(=O)Nc7ccc(Oc8ccc(C([*])(C)C)cc8)cc7)cc6)cc5c4)cc3)cc2)cc1,143.0
[*]c1ccc(Oc2ccc(NC(=O)c3ccc(Oc4ccc5ccc(Oc6ccc(C(=O)Nc7ccc(Oc8ccc(C([*])(C)c9ccccc9)cc8)cc7)cc6)cc5c4)cc3)cc2)cc1,177.0
[*]c1ccc(Oc2ccc(NC(=O)c3ccc4c(c3)C(=O)N(c3ccc(-c5sc(-c6ccc(N7C(=O)c8ccc(C(=O)Nc9ccc(Oc%10ccc(C([*])(C)C)cc%10)cc9)cc8C7=O)cc6)c(-c6ccccc6)c5-c5ccccc5)cc3)C4=O)cc2)cc1,287.0
[*]c1ccc(Oc2ccc(NC(=O)c3ccc4c(c3)C(=O)N(c3ccc(Oc5ccc(C(C)(C)c6cccc(C([*])(C)C)c6)cc5)cc3)C4=O)cc2)cc1,177.0
[*]c1ccc(Oc2ccc(NC(=O)c3ccc4c(c3)C(=O)N(c3ccc(Oc5ccc6ccc(Oc7ccc(N8C(=O)c9ccc(C(=O)Nc%10ccc(Oc%11ccc(C([*])(C)C)cc%11)cc%10)cc9C8=O)cc7)cc6c5)cc3)C4=O)cc2)cc1,250.0
[*]c1ccc(Oc2ccc(NC(=O)c3ccc4c(c3)C(=O)N(c3ccc(Oc5cccc(N6C(=O)c7ccc(C(=O)Nc8ccc(Oc9ccc(C([*])(C)C)cc9)cc8)cc7C6=O)c5)cc3)C4=O)cc2)cc1,207.0
[*]c1ccc(Oc2ccc(NC(=O)c3ccc4c(c3)C(=O)N(c3ccc(Oc5cccc6c(Oc7ccc(N8C(=O)c9ccc(C(=O)Nc%10ccc(Oc%11ccc(C([*])(C)C)cc%11)cc%10)cc9C8=O)cc7)cccc56)cc3)C4=O)cc2)cc1,235.0
[*]c1ccc(Oc2ccc(NC(=O)c3cccc(C(=O)Nc4ccc(Oc5ccc(C(C)(C)c6cccc(C([*])(C)C)c6)cc5)cc4)c3)cc2)cc1,180.0
[*]c1ccc(Oc2ccc(NC(=O)c3cccc(N4C(=O)c5ccc(-c6ccc7c(c6)C(=O)N(c6cccc(C(=O)Nc8ccc(Oc9ccc(C([*])(C)C)cc9)cc8)c6)C7=O)cc5C4=O)c3)cc2)cc1,257.0
[*]c1ccc(Oc2ccc(NC(=O)c3cccc(N4C(=O)c5ccc(C(c6ccc7c(c6)C(=O)N(c6cccc(C(=O)Nc8ccc(Oc9ccc(C([*])(C)C)cc9)cc8)c6)C7=O)(C(F)(F)F)C(F)(F)F)cc5C4=O)c3)cc2)cc1,259.0
[*]c1ccc(Oc2ccc(NC(=O)c3cccc(N4C(=O)c5cccc(-c6ccc7c(c6)C(=O)N(c6cccc(C(=O)Nc8ccc(Oc9ccc(C([*])(C)C)cc9)cc8)c6)C7=O)c5C4=O)c3)cc2)cc1,261.0
[*]c1ccc(Oc2ccc(Nc3ccc(S(=O)(=O)c4ccc(Nc5ccc(Oc6ccc(C([*])(C)C)cc6)cc5)cc4)cc3)cc2)cc1,145.0
[*]c1ccc(Oc2ccc(Oc3ccc(-c4ccc(Oc5ccc(Oc6ccc(C7([*])OC(=O)c8ccccc87)cc6)cc5)c5ccccc45)c4ccccc34)cc2)cc1,198.0
[*]c1ccc(Oc2ccc(Oc3ccc(-c4ccc(Oc5ccc(Oc6ccc(S([*])(=O)=O)cc6)cc5)c5ccccc45)c4ccccc34)cc2)cc1,214.0
[*]c1ccc(Oc2ccc(Oc3ccc(-c4nc([*])nc(-c5ccccc5)n4)cc3)cc2)cc1,244.0
[*]c1ccc(Oc2ccc(Oc3ccc(-c4nc5cc6sc(-c7ccc(Oc8ccc(Oc9ccc(P([*])(=O)c%10ccccc%10)cc9)cc8)cc7)nc6cc5s4)cc3)cc2)cc1,255.0
[*]c1ccc(Oc2ccc(Oc3ccc(-c4nc5ccc(-c6ccc7nc(-c8ccc(Oc9ccc(Oc%10ccc(P([*])(=O)c%11ccccc%11)cc%10)cc9)cc8)oc7c6)cc5o4)cc3)cc2)cc1,223.0
[*]c1ccc(Oc2ccc(Oc3ccc(-c4nc5ccccc5nc4-c4ccc(Oc5ccc(Oc6ccc(P([*])(=O)c7ccccc7)cc6)cc5)cc4)cc3)cc2)cc1,209.0
[*]c1ccc(Oc2ccc(Oc3ccc(-c4nnc([*])c5c(-c6ccc(F)cc6)c(-c6ccc(F)cc6)c(-c6ccc(F)cc6)c(-c6ccc(F)cc6)c45)cc3)cc2)cc1,309.0
[*]c1ccc(Oc2ccc(Oc3ccc(-n4c(=O)c5cc6c(=O)n([*])c(=O)c6cc5c4=O)cc3)c(-c3ccccc3)c2)cc1,271.0
[*]c1ccc(Oc2ccc(Oc3ccc(-n4c(=O)c5cc6c(=O)n([*])c(=O)c6cc5c4=O)cc3C(F)(F)F)cc2)cc1,272.20000000000005
[*]c1ccc(Oc2ccc(Oc3ccc(-n4c(=O)c5ccc6c(=O)n([*])c(=O)c6c5c4=O)cc3)cc2)cc1,292.0
[*]c1ccc(Oc2ccc(Oc3ccc(C([*])(C)C)cc3)nn2)cc1,180.0
[*]c1ccc(Oc2ccc(Oc3ccc(N4C(=O)C5CCC6C(=O)N([*])C(=O)C6C5C4=O)cc3)cc2)cc1,274.0
[*]c1ccc(Oc2ccc(Oc3ccc(N4C(=O)CC(=O)N([*])C4=S)cc3)cc2)cc1,157.0
[*]c1ccc(Oc2ccc(Oc3ccc(Oc4ccc(-c5nc([*])nc(-c6ccccc6)n5)cc4)cc3)cc2)cc1,203.0
[*]c1ccc(Oc2ccc(Oc3ccc(Oc4ccc(-n5c(=O)c6cc7c(=O)n([*])c(=O)c7cc6c5=O)cc4)cc3)cc2)cc1,295.0
[*]c1ccc(Oc2ccc(Oc3ccc(Oc4ccc(C([*])(C)C)cc4)cc3)cc2)cc1,122.0
[*]c1ccc(Oc2ccc(Oc3ccc(Oc4ccc(S([*])(=O)=O)cc4)cc3)cc2)cc1,192.0
[*]c1ccc(Oc2ccc(Oc3ccc(P([*])(C)=O)cc3)cc2)cc1,213.0
[*]c1ccc(Oc2ccc(Oc3ccc(S(=O)(=O)c4ccc(-c5ccc(-c6ccc(S([*])(=O)=O)cc6)cc5)cc4)cc3)cc2)cc1,259.0
[*]c1ccc(Oc2ccc(Oc3ccc(S(=O)(=O)c4ccc(-c5ccc(S([*])(=O)=O)cc5)cc4)cc3)cc2)cc1,251.0
[*]c1ccc(Oc2ccc(Oc3ccc(S([*])(=O)=O)cc3)cc2)cc1,210.0
[*]c1ccc(Oc2ccc(Oc3ccc4nc(-c5ccc(-c6nc7ccc(Oc8ccc(Oc9ccc(P([*])(=O)c%10ccccc%10)cc9)cc8)cc7nc6-c6ccccc6)cc5)c(-c5ccccc5)nc4c3)cc2)cc1,248.0
[*]c1ccc(Oc2ccc(Oc3cccc(Oc4ccc(Oc5ccc(P([*])(=O)c6ccccc6)cc5)cc4)n3)cc2)cc1,164.0
[*]c1ccc(Oc2ccc(Oc3cccc(Oc4ccc(Oc5ccc(S([*])(=O)=O)cc5)cc4)n3)cc2)cc1,158.0
[*]c1ccc(Oc2ccc(Oc3cccc(Oc4ccc(Oc5ccc(S([*])=O)cc5)cc4)n3)cc2)cc1,138.0
[*]c1ccc(Oc2ccc(P(=O)(c3ccccc3)c3ccc(Oc4ccc(C([*])(C)C)cc4)cc3)cc2)cc1,199.0
[*]c1ccc(Oc2ccc(P(=O)(c3ccccc3)c3ccc(Oc4ccc(P([*])(C)=O)cc4)cc3)cc2)cc1,238.0
[*]c1ccc(Oc2ccc(P(=O)(c3ccccc3)c3ccc(Oc4cccc(-n5c(=O)c6cc7c(=O)n([*])c(=O)c7cc6c5=O)c4)cc3)cc2)cc1,254.0
[*]c1ccc(Oc2ccc(P(C)(=O)c3ccc(Oc4ccc(C([*])(C)C)cc4)cc3)cc2)cc1,192.0
[*]c1ccc(Oc2ccc(P([*])(=O)c3ccccc3)cc2)cc1,240.0
[*]c1ccc(Oc2ccc(P([*])(C)=O)cc2)cc1,238.0
[*]c1ccc(Oc2ccc(S(=O)(=O)c3ccc(-c4ccc(-c5ccc(S(=O)(=O)c6ccc(Oc7ccc(S([*])(=O)=O)cc7)cc6)cc5)cc4)cc3)cc2)cc1,281.0
[*]c1ccc(Oc2ccc(S(=O)(=O)c3ccc(-c4ccc(-c5ccc(S([*])(=O)=O)cc5)cc4)cc3)cc2)cc1,311.0
[*]c1ccc(Oc2ccc(S(=O)(=O)c3ccc(-c4ccc(S(=O)(=O)c5ccc(Oc6ccc(S([*])(=O)=O)cc6)cc5)cc4)cc3)cc2)cc1,267.0
[*]c1ccc(Oc2ccc(S(=O)(=O)c3ccc(-c4ccc(S([*])(=O)=O)cc4)cc3)cc2)cc1,282.0
[*]c1ccc(Oc2ccc(S(=O)(=O)c3ccc(-n4nc([*])c5ccccc5c4=O)cc3)cc2)cc1F,283.0
[*]c1ccc(Oc2ccc(S(=O)(=O)c3ccc(C)cc3)cc2)c(N2C(=O)c3ccc(-c4ccc5c(c4)C(=O)N([*])C5=O)cc3C2=O)c1,281.0
[*]c1ccc(Oc2ccc(S(=O)(=O)c3ccc(C)cc3)cc2)c(N2C(=O)c3ccc(C(=O)c4ccc5c(c4)C(=O)N([*])C5=O)cc3C2=O)c1,293.0
[*]c1ccc(Oc2ccc(S(=O)(=O)c3ccc(Oc4ccc(-c5c6c(c([*])c7ccccc57)C(=O)N(C)C6=O)cc4)cc3)cc2)cc1,314.0
[*]c1ccc(Oc2ccc(S(=O)(=O)c3ccc(Oc4ccc(-c5c6c(c([*])c7ccccc57)C(=O)N(CCCCCCCCCCCC)C6=O)cc4)cc3)cc2)cc1,167.0
[*]c1ccc(Oc2ccc(S(=O)(=O)c3ccc(Oc4ccc(-c5c6c(c([*])c7ccccc57)C(=O)N(c5ccc(C(F)(F)F)cc5)C6=O)cc4)cc3)cc2)cc1,290.0
[*]c1ccc(Oc2ccc(S(=O)(=O)c3ccc(Oc4ccc(-c5c6c(c([*])c7ccccc57)C(=O)N(c5ccc(Cl)cc5)C6=O)cc4)cc3)cc2)cc1,280.0
[*]c1ccc(Oc2ccc(S(=O)(=O)c3ccc(Oc4ccc(-c5c6c(c([*])c7ccccc57)C(=O)N(c5ccc(F)cc5)C6=O)cc4)cc3)cc2)cc1,300.0
[*]c1ccc(Oc2ccc(S(=O)(=O)c3ccc(Oc4ccc(-c5c6c(c([*])c7ccccc57)C(=O)N(c5cccc(C(F)(F)F)c5)C6=O)cc4)cc3)cc2)cc1,280.5
[*]c1ccc(Oc2ccc(S(=O)(=O)c3ccc(Oc4ccc(-c5c6c(c([*])c7ccccc57)C(=O)N(c5ccccc5)C6=O)cc4)cc3)cc2)cc1,310.0
[*]c1ccc(Oc2ccc(S(=O)(=O)c3ccc(Oc4ccc(-c5c6c(c([*])c7ccccc57)C(=O)N(c5ccccc5-c5ccccc5)C6=O)cc4)cc3)cc2)cc1,278.0
[*]c1ccc(Oc2ccc(S(=O)(=O)c3ccc(Oc4ccc(-c5c6c(c([*])c7ccccc57)C(=O)N(c5ccccc5C(F)(F)F)C6=O)cc4)cc3)cc2)cc1,290.0
[*]c1ccc(Oc2ccc(S(=O)(=O)c3ccc(Oc4ccc(/C=C5\CCC/C(=C\c6ccc(Oc7ccc(S(=O)(=O)c8ccc(Oc9ccc(C([*])(C)C)cc9)cc8)cc7)cc6)C5=O)cc4)cc3)cc2)cc1,194.0
[*]c1ccc(Oc2ccc(S(=O)(=O)c3ccc(Oc4ccc(/C=C5\CCCC/C(=C\c6ccc(Oc7ccc(S(=O)(=O)c8ccc(Oc9ccc(C([*])(C)C)cc9)cc8)cc7)cc6)C5=O)cc4)cc3)cc2)cc1,188.0
[*]c1ccc(Oc2ccc(S(=O)(=O)c3ccc(Oc4ccc(C([*])(C(F)(F)F)C(F)(F)F)cc4[Si](C)(C)C)cc3)cc2)c([Si](C)(C)C)c1,168.60000000000002
[*]c1ccc(Oc2ccc(S(=O)(=O)c3ccc(Oc4ccc(C([*])(C(F)(F)F)C(F)(F)F)cc4[Si](C)(C)C)cc3[Si](C)(C)C)c([Si](C)(C)C)c2)c([Si](C)(C)C)c1,148.90000000000003
[*]c1ccc(Oc2ccc(S(=O)(=O)c3ccc(Oc4ccc(C([*])(C)C)cc4)c(S(=O)(=O)O)c3)cc2S(=O)(=O)O)cc1,188.0
[*]c1ccc(Oc2ccc(S(=O)(=O)c3ccc(Oc4ccc(C([*])(C)C)cc4)c([N+](=O)[O-])c3)cc2[N+](=O)[O-])cc1,206.0
[*]c1ccc(Oc2ccc(S(=O)(=O)c3ccc(Oc4ccc(C([*])(C)C)cc4)cc3)cc2)cc1,186.0
[*]c1ccc(Oc2ccc(S(=O)(=O)c3ccc(Oc4ccc(C([*])(C)C)cc4)cc3N)c(N)c2)cc1,210.5
[*]c1ccc(Oc2ccc(S(=O)(=O)c3ccc(Oc4ccc(C([*])(C)C)cc4)cc3N)cc2)cc1,202.0
[*]c1ccc(Oc2ccc(S(=O)(=O)c3ccc(Oc4ccc(C([*])(C)C)cc4)s3)cc2)cc1,161.85000000000002
[*]c1ccc(Oc2ccc(S(=O)(=O)c3ccc(Oc4ccc(C([*])(C)C)cc4C(O)(C(F)(F)F)C(F)(F)F)cc3)cc2)c(C(O)(C(F)(F)F)C(F)(F)F)c1,167.0
[*]c1ccc(Oc2ccc(S(=O)(=O)c3ccc(Oc4ccc(C([*])(C)C)cc4C(OC)(C(F)(F)F)C(F)(F)F)cc3)cc2)c(C(OC)(C(F)(F)F)C(F)(F)F)c1,163.0
[*]c1ccc(Oc2ccc(S(=O)(=O)c3ccc(Oc4ccc(C([*])(C)C)cc4C)cc3)cc2)c(C)c1,180.0
[*]c1ccc(Oc2ccc(S(=O)(=O)c3ccc(Oc4ccc(C([*])(C)C)cc4Cl)cc3)cc2)c(Cl)c1,205.0
[*]c1ccc(Oc2ccc(S(=O)(=O)c3ccc(Oc4ccc(C([*])(C)C)cc4N)cc3)cc2)c(N)c1,230.40000000000003
[*]c1ccc(Oc2ccc(S(=O)(=O)c3ccc(Oc4ccc(C([*])(C)C)cc4N)cc3N)cc2)c(N)c1,237.10000000000002
[*]c1ccc(Oc2ccc(S(=O)(=O)c3ccc(Oc4ccc(C([*])(C)C)cc4[N+](=O)[O-])cc3)cc2)cc1,190.0
[*]c1ccc(Oc2ccc(S(=O)(=O)c3ccc(Oc4ccc(C([*])(C)CCC(=O)O)cc4)cc3)cc2)cc1,163.0
[*]c1ccc(Oc2ccc(S(=O)(=O)c3ccc(Oc4ccc(C([*])(C)c5ccc(O)cc5)cc4)cc3)cc2)cc1,228.0
[*]c1ccc(Oc2ccc(S(=O)(=O)c3ccc(Oc4ccc(C([*])(C)c5ccccc5)cc4)cc3)cc2)cc1,207.0
[*]c1ccc(Oc2ccc(S(=O)(=O)c3ccc(Oc4ccc(C([*])C(C)C)cc4)cc3)cc2)cc1,200.0
[*]c1ccc(Oc2ccc(S(=O)(=O)c3ccc(Oc4ccc(C([*])c5ccccc5C(=O)O)cc4)cc3)cc2)cc1,223.0
[*]c1ccc(Oc2ccc(S(=O)(=O)c3ccc(Oc4ccc(C5([*])CCCCC5)cc4C)cc3)cc2)c(C)c1,197.0
[*]c1ccc(Oc2ccc(S(=O)(=O)c3ccc(Oc4ccc(C5([*])OC(=O)c6ccccc65)cc4)cc3)cc2)cc1,247.0
[*]c1ccc(Oc2ccc(S(=O)(=O)c3ccc(Oc4ccc(C5([*])OC(=O)c6ccccc65)cc4C)cc3)cc2)c(C)c1,245.0
[*]c1ccc(Oc2ccc(S(=O)(=O)c3ccc(Oc4ccc(C5CCCC(C([*])C)C5)cc4)cc3)cc2)cc1,230.0
[*]c1ccc(Oc2ccc(S(=O)(=O)c3ccc(Oc4ccc(P([*])(=O)c5ccccc5)cc4)cc3)cc2)cc1,231.0
[*]c1ccc(Oc2ccc(S(=O)(=O)c3ccc(Oc4ccc(P([*])(C)=O)cc4)cc3)cc2)cc1,233.0
[*]c1ccc(Oc2ccc(S(=O)(=O)c3ccc4ccc(S([*])(=O)=O)cc4c3)cc2)cc1,250.0
[*]c1ccc(Oc2ccc(S(=O)(=O)c3ccc4oc5ccc(S([*])(=O)=O)cc5c4c3)cc2)cc1,290.0
[*]c1ccc(Oc2ccc(S(=O)c3ccc(Oc4ccc(C([*])(C)C)cc4)cc3)cc2)cc1,165.0
[*]c1ccc(Oc2ccc(S([*])(=O)=O)c3ccccc23)cc1,238.0
[*]c1ccc(Oc2ccc(S([*])(=O)=O)cc2)cc1,225.0
[*]c1ccc(Oc2ccc(Sc3ccc(Oc4ccc(-c5ccc([*])s5)cc4C(F)(F)F)cc3)cc2)c(C(F)(F)F)c1,142.0
[*]c1ccc(Oc2ccc(Sc3ccc(Oc4ccc(-c5cccc([*])n5)cc4C(F)(F)F)cc3)cc2)c(C(F)(F)F)c1,144.5
[*]c1ccc(Oc2ccc(Sc3ccc(Oc4ccc(-c5nc([*])nc(-c6ccccc6)n5)cc4)cc3)cc2)cc1,211.0
[*]c1ccc(Oc2ccc(Sc3ccc(Oc4ccc(S([*])(=O)=O)cc4)cc3)cc2)cc1,175.0
[*]c1ccc(Oc2ccc3c(-c4ccccc4)nn(-c4ccc(C(=O)c5ccc(-n6nc(-c7ccccc7)c7cc(Oc8ccc(C([*])(C)C)cc8)ccc7c6=O)cc5)cc4)c(=O)c3c2)cc1,195.0
[*]c1ccc(Oc2ccc3c(-c4ccccc4)nn(-c4ccc(S(=O)(=O)c5ccc(-n6nc(-c7ccccc7)c7cc(Oc8ccc(C([*])(C)C)cc8)ccc7c6=O)cc5)cc4)c(=O)c3c2)cc1,210.5
[*]c1ccc(Oc2ccc3c(-c4ccccc4)nn(-c4cccc(-n5nc(-c6ccccc6)c6cc(Oc7ccc(C([*])(C)C)cc7)ccc6c5=O)c4C#N)c(=O)c3c2)cc1,200.0
[*]c1ccc(Oc2ccc3c(c2)C(=O)N(N2C(=O)c4ccc(Oc5ccc(C([*])(C)C)cc5)cc4C2=O)C3=O)cc1,216.70000000000005
[*]c1ccc(Oc2ccc3c(c2)C(=O)N(c2ccc(-c4nc5cc(N6C(=O)c7ccc(Oc8ccc(C([*])(C)C)cc8)cc7C6=O)ccc5[nH]4)cc2)C3=O)cc1,324.0
[*]c1ccc(Oc2ccc3c(c2)C(=O)N(c2ccc(Cc4ccc(N5C(=O)c6ccc(Oc7ccc(C([*])(C)C)cc7)cc6C5=O)cc4)cc2)C3=O)cc1,217.0
[*]c1ccc(Oc2ccc3c(c2)C(=O)N(c2ccc(N(c4ccc(C#N)cc4)c4ccc(N5C(=O)c6ccc(Oc7ccc(C(C)(C)c8ccc(C([*])(C)C)cc8)cc7)cc6C5=O)cc4)cc2)C3=O)cc1,224.0
[*]c1ccc(Oc2ccc3c(c2)C(=O)N(c2ccc(N(c4ccc(C#N)cc4)c4ccc(N5C(=O)c6ccc(Oc7ccc(C([*])(C)C)cc7)cc6C5=O)cc4)cc2)C3=O)cc1,230.0
[*]c1ccc(Oc2ccc3c(c2)C(=O)N(c2ccc(N4C(=O)c5ccc(Oc6cccc(C([*])(C)C)c6)cc5C4=O)cc2)C3=O)cc1,268.0
[*]c1ccc(Oc2ccc3c(c2)C(=O)N(c2ccc(O)c(N4C(=O)c5ccc(Oc6ccc(C([*])(C)C)cc6)cc5C4=O)c2)C3=O)cc1,246.0
[*]c1ccc(Oc2ccc3c(c2)C(=O)N(c2ccc(Oc4ccc(-c5ccc(Oc6ccc(N7C(=O)c8ccc(Oc9ccc(C([*])(C)C)cc9)cc8C7=O)cc6)cc5)cc4)cc2)C3=O)cc1,220.0
[*]c1ccc(Oc2ccc3c(c2)C(=O)N(c2ccc(Oc4ccc(C(c5ccc(Oc6ccc(N7C(=O)c8ccc(Oc9ccc(C%10([*])CCC(C(C)(C)C)CC%10)cc9)cc8C7=O)cc6)cc5)(C(F)(F)F)C(F)(F)F)cc4)cc2)C3=O)cc1,227.0
[*]c1ccc(Oc2ccc3c(c2)C(=O)N(c2ccc(Oc4ccc(C5(c6ccc(Oc7ccc(N8C(=O)c9ccc(Oc%10ccc(C%11([*])CCC(C(C)(C)C)CC%11)cc%10)cc9C8=O)cc7)cc6)C6CC7CC(C6)CC5C7)cc4)cc2)C3=O)cc1,266.0
[*]c1ccc(Oc2ccc3c(c2)C(=O)N(c2ccc(Oc4ccc(C5(c6ccc(Oc7ccc(N8C(=O)c9ccc(Oc%10ccc(C%11([*])CCC(C(C)(C)C)CC%11)cc%10)cc9C8=O)cc7)cc6)CC6CC5C5CCCC65)cc4)cc2)C3=O)cc1,257.0
[*]c1ccc(Oc2ccc3c(c2)C(=O)N(c2ccc(Oc4ccc(N5C(=O)c6ccc(Oc7ccc(C([*])(C)C)cc7)cc6C5=O)cc4)cc2)C3=O)cc1,215.0
[*]c1ccc(Oc2ccc3c(c2)C(=O)N(c2ccc(Oc4ccc(N5C(=O)c6ccc(Oc7cccc(C([*])(C)C)c7)cc6C5=O)cc4)cc2)C3=O)cc1,223.0
[*]c1ccc(Oc2ccc3c(c2)C(=O)N(c2ccc(Oc4ccc(S(=O)(=O)c5ccc(Oc6ccc(N7C(=O)c8ccc(Oc9ccc(C([*])(C)C)cc9)cc8C7=O)cc6)cc5)cc4)cc2)C3=O)cc1,200.0
[*]c1ccc(Oc2ccc3c(c2)C(=O)N(c2ccc(Oc4cccc(Oc5ccc(N6C(=O)c7ccc(Oc8ccc(C([*])(C)C)cc8)cc7C6=O)cc5)c4)cc2)C3=O)cc1,246.0
[*]c1ccc(Oc2ccc3c(c2)C(=O)N(c2ccc(Oc4cccc(Oc5ccc(N6C(=O)c7ccc(Oc8ccc(C([*])(C)C)cc8)cc7C6=O)cc5)c4C#N)cc2)C3=O)cc1,213.0
[*]c1ccc(Oc2ccc3c(c2)C(=O)N(c2ccc(Oc4cccc(Oc5ccc(N6C(=O)c7ccc(Oc8cccc(C([*])(C)C)c8)cc7C6=O)cc5)c4)cc2)C3=O)cc1,178.0
[*]c1ccc(Oc2ccc3c(c2)C(=O)N(c2ccc(S(=O)(=O)c4ccc(N5C(=O)c6ccc(Oc7ccc(C([*])(C)C)cc7)cc6C5=O)cc4)cc2)C3=O)cc1,267.0
[*]c1ccc(Oc2ccc3c(c2)C(=O)N(c2ccc(Sc4ccc(Oc5ccc(Sc6ccc(N7C(=O)c8ccc(Oc9ccc(C([*])(C)C)cc9)cc8C7=O)cc6)cc5)cc4)cc2)C3=O)cc1,199.0
[*]c1ccc(Oc2ccc3c(c2)C(=O)N(c2cccc(N4C(=O)c5ccc(Oc6ccc(C([*])(C)C)cc6)cc5C4=O)c2)C3=O)cc1,217.5
[*]c1ccc(Oc2ccc3c(c2)C(=O)N(c2cccc(N4C(=O)c5ccc(Oc6cccc(C([*])(C)C)c6)cc5C4=O)c2)C3=O)cc1,215.0
[*]c1ccc(Oc2ccc3c(c2)C(=O)N(c2cccc(P(=O)(c4ccccc4)c4cccc(N5C(=O)c6ccc(Oc7ccc(C([*])(C)C)cc7)cc6C5=O)c4)c2)C3=O)cc1,213.0
[*]c1ccc(Oc2ccc3c(c2)C(=O)N(c2cccc(P(C)(=O)c4cccc(N5C(=O)c6ccc(Oc7ccc(C([*])(C)C)cc7)cc6C5=O)c4)c2)C3=O)cc1,228.0
[*]c1ccc(Oc2ccc3c4c2cccc4c(=O)n2c4ccc(-c5ccc6nc7c8cccc9c(Oc%10ccc(C%11([*])c%12ccccc%12C(=O)c%12ccccc%12%11)cc%10)ccc(c(=O)n7c6c5)c98)cc4nc32)cc1,428.0
[*]c1ccc(Oc2ccc3c4c2cccc4c(=O)n2c4ccc(-c5ccc6nc7c8cccc9c(Oc%10ccc(C([*])(C)C)cc%10)ccc(c(=O)n7c6c5)c98)cc4nc32)cc1,380.0
[*]c1ccc(Oc2ccc3c4c2cccc4c(=O)n2c4ccc(Oc5ccc6nc7c8cccc9c(Oc%10ccc(C([*])(C)C)cc%10)ccc(c(=O)n7c6c5)c98)cc4nc32)cc1,334.0
[*]c1ccc(Oc2ccc3cc(Oc4ccc(S([*])(=O)=O)cc4)ccc3c2)cc1,231.0
[*]c1ccc(Oc2ccc3ccc(Oc4ccc(-c5nc([*])nc(-c6ccccc6)n5)cc4)cc3c2)cc1,255.0
[*]c1ccc(Oc2ccc3ccc(Oc4ccc(-n5c(=O)c6cc7c(=O)n([*])c(=O)c7cc6c5=O)cc4)cc3c2)cc1,320.80000000000007
[*]c1ccc(Oc2ccc3ccc(Oc4ccc(N5C(=O)CC(=O)N([*])C5=S)cc4)cc3c2)cc1,151.5
[*]c1ccc(Oc2cccc(-c3cc(-c4ccccc4)cc(-c4cccc(Oc5ccc(-n6c(=O)c7cc8c(=O)n([*])c(=O)c8cc7c6=O)cc5)c4)n3)c2)cc1,264.0
[*]c1ccc(Oc2cccc(Oc3ccc(-n4c(=O)c5cc6c(=O)n([*])c(=O)c6cc5c4=O)cc3)c2)cc1,326.0
[*]c1ccc(Oc2cccc(Oc3ccc(C([*])(C)C)cc3)n2)cc1,107.0
[*]c1ccc(Oc2cccc(Oc3ccc(N4C(=O)CC(=O)N([*])C4=S)cc3)c2)cc1,145.0
[*]c1ccc(Oc2cccc(Oc3ccc(S([*])(=O)=O)cc3)c2)cc1,177.0
[*]c1ccc(Oc2cccc(S([*])(=O)=O)c2)cc1,175.0
[*]c1ccc(Oc2cccc3c2C(=O)N(c2ccc(Oc4ccc(-c5ccc(Oc6ccc(N7C(=O)c8cccc(Oc9ccc(C([*])(C)C)cc9)c8C7=O)cc6)cc5)cc4)cc2)C3=O)cc1,236.0
[*]c1ccc(Oc2cccc3c2C(=O)N(c2ccc(Oc4ccc(N5C(=O)c6cccc(Oc7ccc(C([*])(C)C)cc7)c6C5=O)cc4)cc2)C3=O)cc1,235.0
[*]c1ccc(Oc2cccc3c2C(=O)N(c2ccc(Oc4ccc(N5C(=O)c6cccc(Oc7cccc(C([*])(C)C)c7)c6C5=O)cc4)cc2)C3=O)cc1,235.0
[*]c1ccc(Oc2cccc3c2C(=O)N(c2ccc(Oc4cccc(Oc5ccc(N6C(=O)c7cccc(Oc8cccc(C([*])(C)C)c8)c7C6=O)cc5)c4)cc2)C3=O)cc1,202.0
[*]c1ccc(Oc2cccc3c2C(=O)N(c2cccc(N4C(=O)c5cccc(Oc6ccc(C([*])(C)C)cc6)c5C4=O)c2)C3=O)cc1,227.5
[*]c1ccc(Oc2cccc3c2C(=O)N(c2cccc(N4C(=O)c5cccc(Oc6cccc(C([*])(C)C)c6)c5C4=O)c2)C3=O)cc1,236.0
[*]c1ccc(Oc2ccccc2Oc2ccc(-n3c(=O)c4cc5c(=O)n([*])c(=O)c5cc4c3=O)cc2)cc1,313.0
[*]c1ccc(Oc2ccccc2Oc2ccc(-n3c(=O)c4cc5c(=O)n([*])c(=O)c5cc4c3=O)cc2C(F)(F)F)c(C(F)(F)F)c1,277.0
[*]c1ccc(Oc2ccccc2Oc2ccc(S([*])(=O)=O)cc2)cc1,171.0
[*]c1ccc(Oc2ccccc2S([*])(=O)=O)cc1,221.0
[*]c1ccc(Oc2cncc(Oc3ccc(C([*])(C)C)cc3)n2)cc1,145.0
[*]c1ccc(Oc2nc(Cl)nc(Oc3ccc(C([*])(C)C)cc3)n2)cc1,80.0
[*]c1ccc(P(=O)(c2ccccc2)c2ccc(-n3c(=O)c4cc5c(=O)n([*])c(=O)c5cc4c3=O)cc2)cc1,425.0
[*]c1ccc(S(=O)(=O)c2ccc(-n3c(=O)c4cc5c(=O)n([*])c(=O)c5cc4c3=O)cc2)cc1,350.0
[*]c1ccc(S(=O)(=O)c2ccc(N3C(=O)CC(C)(SCCOCCSC4(C)CC(=O)N(c5ccc(S(=O)(=O)c6ccc(N7C(=O)C(C)C(SCCOCCSC8C(=O)N([*])C(=O)C8C)C7=O)cc6)cc5)C4=O)C3=O)cc2)cc1,157.0
[*]c1ccc(S([*])(=O)=O)cc1,219.5
[*]c1ccc(Sc2ccc(-c3ccc(Sc4ccc(P([*])(=O)c5ccccc5)cc4)cc3)cc2)cc1,232.0
[*]c1ccc(Sc2ccc(-c3nn(-c4ccc(S(=O)(=O)c5ccc(-n6nc([*])c7ccccc7c6=O)cc5)cc4)c(=O)c4ccccc34)cc2)cc1,279.0
[*]c1ccc(Sc2ccc(-n3c(=O)c4cc5c(=O)n([*])c(=O)c5cc4c3=O)cc2)cc1,400.0
[*]c1ccc(Sc2ccc(-n3c(=O)c4cc5c(=O)n([*])c(=O)c5cc4c3=O)cn2)nc1,359.0
[*]c1ccc(Sc2ccc(S([*])(=O)=O)cc2)cc1,215.0
[*]c1ccc(Sc2ccc(Sc3ccc(Sc4ccc(-n5c(=O)c6cc7c(=O)n([*])c(=O)c7cc6c5=O)cc4)cc3)cc2)cc1,234.05
[*]c1ccc(Sc2ccc(Sc3ccc(Sc4ccc(P([*])(=O)c5ccccc5)cc4)cc3)cc2)cc1,175.0
[*]c1ccc(Sc2ccc(Sc3ccc(Sc4ccc(S([*])(=O)=O)cc4S(=O)(=O)O)cc3)cc2)c(S(=O)(=O)O)c1,202.0
[*]c1ccc(Sc2ccc(Sc3ccc(Sc4ccc(S([*])=O)cc4)cc3)cc2)cc1,133.0
[*]c1ccc(Sc2ccc3c(c2)Sc2ccc(Sc4ccc(-n5c(=O)c6cc7c(=O)n([*])c(=O)c7cc6c5=O)cc4)cc2S3)cc1,254.75
[*]c1ccc(Sc2cccc(Sc3ccc(S([*])=O)cc3)c2)cc1,121.0
[*]c1ccc([*])c(C(=O)c2ccc(C)cc2)c1,202.0
[*]c1ccc([*])c(C(=O)c2ccc(F)cc2)c1,194.0
[*]c1ccc([*])c(C(=O)c2ccccc2)c1,180.0
[*]c1ccc([Si](C)(C)[Si]([*])(C)C)s1,15.0
[*]c1ccc([Si](C)(C)c2ccc3c(c2)C(=O)N(c2ccc(Cc4ccc(N5C(=O)c6ccc([Si]([*])(C)C)cc6C5=O)cc4)cc2)C3=O)cc1,295.0
[*]c1ccc([Si](C)(C)c2ccc3c(c2)C(=O)N(c2cccc(Cc4cccc(N5C(=O)c6ccc([Si]([*])(C)C)cc6C5=O)c4)c2)C3=O)cc1,246.0
[*]c1ccc([Si](CCCC)(CCCC)[Si]([*])(CCCC)CCCC)s1,-52.99999999999997
[*]c1ccc([Si]([*])(C)C)s1,21.0
[*]c1ccc([Si](c2ccccc2)(c2ccccc2)c2ccc(-c3ccc4c(c3)c3cc([*])ccc3n4CCCCCC#N)cc2)cc1,165.0
[*]c1ccc2[nH]c(CCCCCCCCc3nc4cc([*])ccc4[nH]3)nc2c1,234.0
[*]c1ccc2[nH]c(CCCc3nc4cc([*])ccc4[nH]3)nc2c1,275.0
[*]c1ccc2[nH]c([*])nc2c1,398.0
[*]c1ccc2c(-c3ccccc3)nn(-c3ccc(S(=O)(=O)c4ccc(-n5nc(-c6ccccc6)c6ccc(S([*])(=O)=O)cc6c5=O)cc4)cc3)c(=O)c2c1,422.0
[*]c1ccc2c(c1)C(=O)N(C(=S)Nc1ccc(Oc3ccc(NC(=S)N4C(=O)c5ccc(C([*])(C(F)(F)F)C(F)(F)F)cc5C4=O)cc3)cc1)C2=O,260.0
[*]c1ccc2c(c1)C(=O)N(C1CCC(CC3CCC(N4C(=O)c5ccc(C([*])(C(F)(F)F)C(F)(F)F)cc5C4=O)CC3)CC1)C2=O,265.0
[*]c1ccc2c(c1)C(=O)N(C1CCC(CC3CCC(N4C(=O)c5ccc([*])cc5C4=O)CC3)CC1)C2=O,242.0
[*]c1ccc2c(c1)C(=O)N(C1CCC(N3C(=O)c4ccc(C([*])(C(F)(F)F)C(F)(F)F)cc4C3=O)CC1)C2=O,346.5
[*]c1ccc2c(c1)C(=O)N(C1CCC(N3C(=O)c4ccc(S([*])(=O)=O)cc4C3=O)CC1)C2=O,363.0
[*]c1ccc2c(c1)C(=O)N(C1CCC(N3C(=O)c4ccc([*])cc4C3=O)CC1)C2=O,360.0
[*]c1ccc2c(c1)C(=O)N(CC1CC3CC1C1CCC(CN4C(=O)c5ccc([*])cc5C4=O)C31)C2=O,230.0
[*]c1ccc2c(c1)C(=O)N(CC1CCC3C4CC(CC4CN4C(=O)c5ccc(C([*])(C(F)(F)F)C(F)(F)F)cc5C4=O)C13)C2=O,207.0
[*]c1ccc2c(c1)C(=O)N(CC1CCCC(CN3C(=O)c4ccc(C([*])(C(F)(F)F)C(F)(F)F)cc4C3=O)C1)C2=O,222.0
[*]c1ccc2c(c1)C(=O)N(CC1CCCC(CN3C(=O)c4ccc([*])cc4C3=O)C1)C2=O,234.0
[*]c1ccc2c(c1)C(=O)N(CCCCCCCCCCCCN1C(=O)c3ccc(C([*])(C(F)(F)F)C(F)(F)F)cc3C1=O)C2=O,101.0
[*]c1ccc2c(c1)C(=O)N(CCCCCCCCCCCCN1C(=O)c3ccc4c5ccc6c7c(ccc(c8ccc(c3c48)C1=O)c75)C(=O)N(CCCCCCCCCCCCN1C(=O)c3ccc(C([*])(C(F)(F)F)C(F)(F)F)cc3C1=O)C6=O)C2=O,170.0
[*]c1ccc2c(c1)C(=O)N(CCCCCCCCCCN1C(=O)c3ccc(C([*])(C(F)(F)F)C(F)(F)F)cc3C1=O)C2=O,123.0
[*]c1ccc2c(c1)C(=O)N(CCCCCCCCCN1C(=O)c3ccc(C([*])(C(F)(F)F)C(F)(F)F)cc3C1=O)C2=O,135.0
[*]c1ccc2c(c1)C(=O)N(CCCCCCCCN1C(=O)c3ccc(C([*])(C(F)(F)F)C(F)(F)F)cc3C1=O)C2=O,155.0
[*]c1ccc2c(c1)C(=O)N(CCCCCCCN1C(=O)c3ccc(C([*])(C(F)(F)F)C(F)(F)F)cc3C1=O)C2=O,165.0
[*]c1ccc2c(c1)C(=O)N(CCCCCCN1C(=O)c3ccc(C([*])(C(F)(F)F)C(F)(F)F)cc3C1=O)C2=O,155.0
[*]c1ccc2c(c1)C(=O)N(CCCCCN1C(=O)c3ccc(C([*])(C(F)(F)F)C(F)(F)F)cc3C1=O)C2=O,180.0
[*]c1ccc2c(c1)C(=O)N(CCCCN1C(=O)c3ccc(C([*])(C(F)(F)F)C(F)(F)F)cc3C1=O)C2=O,190.0
[*]c1ccc2c(c1)C(=O)N(CCCN1C(=O)c3ccc(C([*])(C(F)(F)F)C(F)(F)F)cc3C1=O)C2=O,190.0
[*]c1ccc2c(c1)C(=O)N(CCN(CCN1C(=O)c3ccc(C([*])(C(F)(F)F)C(F)(F)F)cc3C1=O)c1ccc(/N=N/c3ccc(C4OCCO4)cc3)cc1)C2=O,178.0
[*]c1ccc2c(c1)C(=O)N(CCN(CCN1C(=O)c3ccc(C([*])(C(F)(F)F)C(F)(F)F)cc3C1=O)c1ccc(/N=N/c3ccc([N+](=O)[O-])cc3)cc1)C2=O,210.0
[*]c1ccc2c(c1)C(=O)N(CCN1C(=O)c3ccc(C([*])(C(F)(F)F)C(F)(F)F)cc3C1=O)C2=O,180.0
[*]c1ccc2c(c1)C(=O)N(Cc1nc3cc(-c4ccc5oc(CN6C(=O)c7ccc(C([*])(C(F)(F)F)C(F)(F)F)cc7C6=O)nc5c4)ccc3o1)C2=O,231.0
[*]c1ccc2c(c1)C(=O)N(Cc1nnc(-c3ccc(-c4nnc(CN5C(=O)c6ccc(C([*])(C(F)(F)F)C(F)(F)F)cc6C5=O)o4)c(Oc4ccccc4)c3)o1)C2=O,208.0
[*]c1ccc2c(c1)C(=O)N(Cc1nnc(-c3ccc(-c4nnc(CN5C(=O)c6ccc(C([*])(C(F)(F)F)C(F)(F)F)cc6C5=O)o4)cc3)o1)C2=O,214.0
[*]c1ccc2c(c1)C(=O)N(Cc1nnc(-c3ccc(Oc4ccc(-c5nnc(CN6C(=O)c7ccc(C([*])(C(F)(F)F)C(F)(F)F)cc7C6=O)o5)cc4)cc3)o1)C2=O,210.0
[*]c1ccc2c(c1)C(=O)N(c1c(F)cc(Oc3ccc(C(c4ccc(Oc5cc(F)c(N6C(=O)c7ccc(C([*])(C(F)(F)F)C(F)(F)F)cc7C6=O)c(F)c5)cc4)(C(F)(F)F)C(F)(F)F)cc3)cc1F)C2=O,224.0
[*]c1ccc2c(c1)C(=O)N(c1cc(-c3ccc(O)c(N4C(=O)c5ccc(C([*])(C(F)(F)F)C(F)(F)F)cc5C4=O)c3)ccc1O)C2=O,370.0
[*]c1ccc2c(c1)C(=O)N(c1cc(Br)c(Oc3c(Br)cc(N4C(=O)c5ccc(C([*])(C(F)(F)F)C(F)(F)F)cc5C4=O)cc3Br)c(Br)c1)C2=O,303.0
[*]c1ccc2c(c1)C(=O)N(c1cc(Br)c(Oc3c(Br)cc(N4C(=O)c5ccc(S([*])(=O)=O)cc5C4=O)cc3Br)c(Br)c1)C2=O,328.0
[*]c1ccc2c(c1)C(=O)N(c1cc(Br)c(Oc3c(Br)cc(N4C(=O)c5ccc([*])cc5C4=O)cc3Br)c(Br)c1)C2=O,287.0
[*]c1ccc2c(c1)C(=O)N(c1cc(C(F)(F)F)c(N3C(=O)c4ccc(C([*])(C(F)(F)F)C(F)(F)F)cc4C3=O)cc1C(F)(F)F)C2=O,365.0
[*]c1ccc2c(c1)C(=O)N(c1cc(C(F)(F)F)cc(N3C(=O)c4ccc(C([*])(C(F)(F)F)C(F)(F)F)cc4C3=O)c1OC(c1c(F)c(F)c(F)c(F)c1F)c1c(F)c(F)c(F)c(F)c1F)C2=O,321.70000000000005
[*]c1ccc2c(c1)C(=O)N(c1cc(C(c3ccc(O)c(N4C(=O)c5ccc(C([*])(C(F)(F)F)C(F)(F)F)cc5C4=O)c3)(C(F)(F)F)C(F)(F)F)ccc1O)C2=O,330.0
[*]c1ccc2c(c1)C(=O)N(c1cc(C(c3ccc(OC(=O)C45CC6CC(CC(C6)C4)C5)c(N4C(=O)c5ccc(C([*])(C(F)(F)F)C(F)(F)F)cc5C4=O)c3)(C(F)(F)F)C(F)(F)F)ccc1OC(=O)C13CC4CC(CC(C4)C1)C3)C2=O,305.0
[*]c1ccc2c(c1)C(=O)N(c1cc(C(c3ccc4nc([*])oc4c3)(C(F)(F)F)C(F)(F)F)ccc1O)C2=O,329.0
[*]c1ccc2c(c1)C(=O)N(c1cc(N3C(=O)c4ccc(C([*])(C(F)(F)F)C(F)(F)F)cc4C3=O)c(O)cc1O)C2=O,324.0
[*]c1ccc2c(c1)C(=O)N(c1cc(N3C(=O)c4ccc(P([*])(=O)c5ccccc5)cc4C3=O)cc(C(F)(F)F)c1)C2=O,317.0
[*]c1ccc2c(c1)C(=O)N(c1cc(N3C(=O)c4ccc(S([*])(=O)=O)cc4C3=O)cc(C(F)(F)F)c1)C2=O,310.0
[*]c1ccc2c(c1)C(=O)N(c1cc(N3C(=O)c4ccc([*])cc4C3=O)c(O)cc1O)C2=O,343.0
[*]c1ccc2c(c1)C(=O)N(c1cc(N3C(=O)c4ccc([*])cc4C3=O)cc(C(F)(F)F)c1)C2=O,329.0
[*]c1ccc2c(c1)C(=O)N(c1cc(N3C(=O)c4ccc([Si]([*])(C)C)cc4C3=O)cc(C(F)(F)F)c1)C2=O,263.0
[*]c1ccc2c(c1)C(=O)N(c1ccc(-c3ccc(N4C(=O)c5ccc(C([*])(C(F)(F)F)C(F)(F)F)cc5C4=O)c(O)c3)cc1O)C2=O,358.0
[*]c1ccc2c(c1)C(=O)N(c1ccc(-c3ccc(N4C(=O)c5ccc(C([*])(C(F)(F)F)C(F)(F)F)cc5C4=O)c(OCCCCCCOc4ccc(/C=C/c5ccc(F)cc5)cc4)c3)cc1OCCCCCCOc1ccc(/C=C/c3ccc(F)cc3)cc1)C2=O,140.0
[*]c1ccc2c(c1)C(=O)N(c1ccc(-c3ccc(N4C(=O)c5ccc(C([*])(C(F)(F)F)C(F)(F)F)cc5C4=O)cc3-c3cc(C(F)(F)F)cc(C(F)(F)F)c3)c(-c3cc(C(F)(F)F)cc(C(F)(F)F)c3)c1)C2=O,263.0
[*]c1ccc2c(c1)C(=O)N(c1ccc(-c3ccc(N4C(=O)c5ccc(C([*])(C(F)(F)F)C(F)(F)F)cc5C4=O)cc3-c3ccc(-c4ccccc4)cc3)c(-c3ccc(-c4ccccc4)cc3)c1)C2=O,285.0
[*]c1ccc2c(c1)C(=O)N(c1ccc(-c3ccc(N4C(=O)c5ccc(C([*])(C(F)(F)F)C(F)(F)F)cc5C4=O)cc3-c3ccc(C(F)(F)F)cc3)c(-c3ccc(C(F)(F)F)cc3)c1)C2=O,283.0
[*]c1ccc2c(c1)C(=O)N(c1ccc(-c3ccc(N4C(=O)c5ccc(C([*])(C(F)(F)F)C(F)(F)F)cc5C4=O)cc3-c3cccc(C(F)(F)F)c3)c(-c3cccc(C(F)(F)F)c3)c1)C2=O,278.0
[*]c1ccc2c(c1)C(=O)N(c1ccc(-c3ccc(N4C(=O)c5ccc(C([*])(C(F)(F)F)C(F)(F)F)cc5C4=O)cc3-c3ccccc3C(F)(F)F)c(-c3ccccc3C(F)(F)F)c1)C2=O,289.0
[*]c1ccc2c(c1)C(=O)N(c1ccc(-c3ccc(N4C(=O)c5ccc(C([*])(C(F)(F)F)C(F)(F)F)cc5C4=O)cc3Br)c(Br)c1)C2=O,329.0
[*]c1ccc2c(c1)C(=O)N(c1ccc(-c3ccc(N4C(=O)c5ccc(C([*])(C(F)(F)F)C(F)(F)F)cc5C4=O)cc3Cl)c(Cl)c1)C2=O,336.0
[*]c1ccc2c(c1)C(=O)N(c1ccc(-c3ccc(N4C(=O)c5ccc(C([*])(C(F)(F)F)C(F)(F)F)cc5C4=O)cc3I)c(I)c1)C2=O,319.0
[*]c1ccc2c(c1)C(=O)N(c1ccc(-c3ccc(N4C(=O)c5ccc(C([*])(c6ccccc6)C(F)(F)F)cc5C4=O)cc3C(F)(F)F)c(C(F)(F)F)c1)C2=O,280.0
[*]c1ccc2c(c1)C(=O)N(c1ccc(-c3ccc(N4C(=O)c5ccc(S([*])(=O)=O)cc5C4=O)cc3C(F)(F)F)c(C(F)(F)F)c1)C2=O,320.0
[*]c1ccc2c(c1)C(=O)N(c1ccc(-c3ccc(N4C(=O)c5ccc([*])cc5C4=O)cc3OC(F)(F)F)c(OC(F)(F)F)c1)C2=O,335.0
[*]c1ccc2c(c1)C(=O)N(c1ccc(-c3ccc(N4C(=O)c5cccc([*])c5C4=O)cc3C(F)(F)F)c(C(F)(F)F)c1)C2=O,346.0
[*]c1ccc2c(c1)C(=O)N(c1ccc(-c3nc4cc(N5C(=O)c6ccc([*])cc6C5=O)ccc4[nH]3)cc1)C2=O,397.5
[*]c1ccc2c(c1)C(=O)N(c1ccc(C(c3ccc(N4C(=O)c5ccc(C([*])(C(F)(F)F)C(F)(F)F)cc5C4=O)cc3)(C(F)(F)F)C(F)(F)F)cc1)C2=O,315.1
[*]c1ccc2c(c1)C(=O)N(c1ccc(C(c3ccc(N4C(=O)c5ccc([*])cc5C4=O)cc3)(C(F)(F)F)C(F)(F)F)cc1)C2=O,343.0
[*]c1ccc2c(c1)C(=O)N(c1ccc(C(c3ccccc3)(c3ccc(N4C(=O)c5ccc(C([*])(C(F)(F)F)C(F)(F)F)cc5C4=O)cc3)C(F)(F)F)cc1)C2=O,305.0
[*]c1ccc2c(c1)C(=O)N(c1ccc(C(c3ccccc3)c3ccc(N4C(=O)c5ccc(S([*])(=O)=O)cc5C4=O)cc3)cc1)C2=O,305.0
[*]c1ccc2c(c1)C(=O)N(c1ccc(C(c3ccccc3)c3ccc(N4C(=O)c5ccc([*])cc5C4=O)cc3)cc1)C2=O,315.0
[*]c1ccc2c(c1)C(=O)N(c1ccc(C3(c4ccc(N5C(=O)c6ccc(C([*])(C(F)(F)F)C(F)(F)F)cc6C5=O)c(F)c4)c4ccccc4-c4ccccc43)cc1F)C2=O,352.0
[*]c1ccc2c(c1)C(=O)N(c1ccc(C3(c4ccc(N5C(=O)c6ccc(C([*])(C(F)(F)F)C(F)(F)F)cc6C5=O)cc4)c4ccccc4-c4ccccc43)cc1)C2=O,370.0
[*]c1ccc2c(c1)C(=O)N(c1ccc(C3(c4ccc(N5C(=O)c6ccc(S([*])(=O)=O)cc6C5=O)cc4)c4ccccc4-c4ccccc43)cc1)C2=O,392.0
[*]c1ccc2c(c1)C(=O)N(c1ccc(C3(c4ccc(N5C(=O)c6ccc([*])cc6C5=O)cc4)c4ccccc4-c4ccccc43)cc1)C2=O,388.0
[*]c1ccc2c(c1)C(=O)N(c1ccc(Cc3ccc(N4C(=O)c5ccc(C(F)(F)C(F)(F)C([*])(F)F)cc5C4=O)cc3)cc1)C2=O,290.0
[*]c1ccc2c(c1)C(=O)N(c1ccc(Cc3ccc(N4C(=O)c5ccc(C([*])(C(F)(F)F)C(F)(F)F)cc5C4=O)cc3)cc1)C2=O,297.0
[*]c1ccc2c(c1)C(=O)N(c1ccc(Cc3ccc(N4C(=O)c5ccc(S([*])(=O)=O)cc5C4=O)cc3)cc1)C2=O,319.0
[*]c1ccc2c(c1)C(=O)N(c1ccc(Cc3ccc(N4C(=O)c5ccc([Si]([*])(C)C)cc5C4=O)cc3)cc1)C2=O,280.0
[*]c1ccc2c(c1)C(=O)N(c1ccc(N(c3ccc(/C=C/c4ccc([N+](=O)[O-])cc4)cc3)c3ccc(N4C(=O)c5ccc(C([*])(C(F)(F)F)C(F)(F)F)cc5C4=O)cc3)cc1)C2=O,290.0
[*]c1ccc2c(c1)C(=O)N(c1ccc(N3C(=O)c4ccc(-c5c(-c6ccccc6)c(-c6ccccc6)c(-c6ccc(Oc7ccc(-c8c(-c9ccccc9)c(-c9ccccc9)c([*])c(-c9ccccc9)c8-c8ccccc8)cc7)cc6)c(-c6ccccc6)c5-c5ccccc5)cc4C3=O)cc1)C2=O,353.0
[*]c1ccc2c(c1)C(=O)N(c1ccc(N3C(=O)c4ccc(-c5c(-c6ccccc6)c(-c6ccccc6)c(-c6ccc(Sc7ccc(-c8c(-c9ccccc9)c(-c9ccccc9)c([*])c(-c9ccccc9)c8-c8ccccc8)cc7)cc6)c(-c6ccccc6)c5-c5ccccc5)cc4C3=O)cc1)C2=O,344.0
[*]c1ccc2c(c1)C(=O)N(c1ccc(N3C(=O)c4ccc(C([*])(C(F)(F)F)C(F)(F)F)cc4C3=O)c(C(F)(F)F)c1)C2=O,366.0
[*]c1ccc2c(c1)C(=O)N(c1ccc(N3C(=O)c4ccc(C([*])(C(F)(F)F)C(F)(F)F)cc4C3=O)c(F)c1)C2=O,370.0
[*]c1ccc2c(c1)C(=O)N(c1ccc(N3C(=O)c4ccc(C(c5ccc6c(c5)C(=O)N(c5ccc(N7C(=O)c8ccc([*])cc8C7=O)cc5)C6=O)(C(F)(F)F)C(F)(F)F)cc4C3=O)cc1)C2=O,342.0
[*]c1ccc2c(c1)C(=O)N(c1ccc(N3C(=O)c4ccc(P([*])(=O)c5ccccc5)cc4C3=O)cc1)C2=O,366.0
[*]c1ccc2c(c1)C(=O)N(c1ccc(N3C(=O)c4ccc([*])cc4C3=O)cc1)C2=O,341.0
[*]c1ccc2c(c1)C(=O)N(c1ccc(NC(=O)C(F)(F)C(F)(F)C(F)(F)C(F)(F)C(=O)Nc3ccc(N4C(=O)c5ccc(C([*])(C(F)(F)F)C(F)(F)F)cc5C4=O)cc3)cc1)C2=O,285.0
[*]c1ccc2c(c1)C(=O)N(c1ccc(NC(=O)C(F)(F)C(F)(F)C(F)(F)C(F)(F)C(F)(F)C(F)(F)C(=O)Nc3ccc(N4C(=O)c5ccc(C([*])(C(F)(F)F)C(F)(F)F)cc5C4=O)cc3)cc1)C2=O,265.0
[*]c1ccc2c(c1)C(=O)N(c1ccc(NC(=S)/N=C/c3ccc(Cl)c(N4C(=O)c5ccc(C([*])(C(F)(F)F)C(F)(F)F)cc5C4=O)c3)cc1)C2=O,272.0
[*]c1ccc2c(c1)C(=O)N(c1ccc(OCC(F)(F)C(F)(F)C(F)(F)C(F)(F)C(F)(F)C(F)(F)C(F)(F)C(F)(F)C(F)(F)C(F)(F)F)c(N3C(=O)c4ccc(C([*])(C(F)(F)F)C(F)(F)F)cc4C3=O)c1)C2=O,189.0
[*]c1ccc2c(c1)C(=O)N(c1ccc(OCC(F)(F)C(F)(F)C(F)(F)C(F)(F)C(F)(F)C(F)(F)C(F)(F)C(F)(F)C(F)(F)C(F)(F)F)c(N3C(=O)c4ccc([*])cc4C3=O)c1)C2=O,230.0
[*]c1ccc2c(c1)C(=O)N(c1ccc(OCC(F)(F)C(F)(F)C(F)(F)C(F)(F)C(F)(F)C(F)(F)C(F)(F)F)c(N3C(=O)c4ccc(C([*])(C(F)(F)F)C(F)(F)F)cc4C3=O)c1)C2=O,226.0
[*]c1ccc2c(c1)C(=O)N(c1ccc(OCC(F)(F)C(F)(F)C(F)(F)C(F)(F)C(F)(F)C(F)(F)C(F)(F)F)c(N3C(=O)c4ccc([*])cc4C3=O)c1)C2=O,250.0
[*]c1ccc2c(c1)C(=O)N(c1ccc(OCC(F)(F)C(F)(F)C(F)(F)C(F)(F)C(F)(F)C(F)(F)F)c(N3C(=O)c4ccc(C([*])(C(F)(F)F)C(F)(F)F)cc4C3=O)c1)C2=O,228.0
[*]c1ccc2c(c1)C(=O)N(c1ccc(OCC(F)(F)C(F)(F)C(F)(F)C(F)(F)C(F)(F)C(F)(F)F)c(N3C(=O)c4ccc([*])cc4C3=O)c1)C2=O,262.0
[*]c1ccc2c(c1)C(=O)N(c1ccc(OCC(F)(F)C(F)(F)C(F)(F)F)c(N3C(=O)c4ccc(C([*])(C(F)(F)F)C(F)(F)F)cc4C3=O)c1)C2=O,266.0
[*]c1ccc2c(c1)C(=O)N(c1ccc(OCC(F)(F)C(F)(F)C(F)(F)F)c(N3C(=O)c4ccc([*])cc4C3=O)c1)C2=O,300.0
[*]c1ccc2c(c1)C(=O)N(c1ccc(OCC3CCC(COc4ccc(N5C(=O)c6ccc([*])cc6C5=O)cc4)CC3)cc1)C2=O,254.39999999999998
[*]c1ccc2c(c1)C(=O)N(c1ccc(OCCCCCCCCCCOc3ccc(N4C(=O)c5ccc(C([*])(C(F)(F)F)C(F)(F)F)cc5C4=O)cc3)cc1)C2=O,143.0
[*]c1ccc2c(c1)C(=O)N(c1ccc(OCCCCCCCCCCOc3ccc(N4C(=O)c5ccc([*])cc5C4=O)cc3)cc1)C2=O,153.0
[*]c1ccc2c(c1)C(=O)N(c1ccc(OCCCCCCOc3ccc(N4C(=O)c5ccc(C([*])(C(F)(F)F)C(F)(F)F)cc5C4=O)cc3)cc1)C2=O,167.0
[*]c1ccc2c(c1)C(=O)N(c1ccc(OCCCCCOc3ccc(N4C(=O)c5cccc([*])c5C4=O)cc3)cc1)C2=O,208.0
[*]c1ccc2c(c1)C(=O)N(c1ccc(OCCCCOc3ccc(N4C(=O)c5ccc(C([*])(C(F)(F)F)C(F)(F)F)cc5C4=O)cc3)cc1)C2=O,169.0
[*]c1ccc2c(c1)C(=O)N(c1ccc(OCCCOc3ccc(N4C(=O)c5cccc([*])c5C4=O)cc3)cc1)C2=O,237.5
[*]c1ccc2c(c1)C(=O)N(c1ccc(OCCN(CCOc3ccc(N4C(=O)c5ccc(C([*])(C(F)(F)F)C(F)(F)F)cc5C4=O)cc3)c3ccccc3)cc1)C2=O,170.0
[*]c1ccc2c(c1)C(=O)N(c1ccc(OCCOCCOCCOCCOc3ccc(N4C(=O)c5ccc(C([*])(C(F)(F)F)C(F)(F)F)cc5C4=O)cc3)cc1)C2=O,140.0
[*]c1ccc2c(c1)C(=O)N(c1ccc(OCCOCCOCCOc3ccc(N4C(=O)c5ccc(C([*])(C(F)(F)F)C(F)(F)F)cc5C4=O)cc3)cc1)C2=O,166.0
[*]c1ccc2c(c1)C(=O)N(c1ccc(OCCOCCOc3ccc(N4C(=O)c5ccc(C([*])(C(F)(F)F)C(F)(F)F)cc5C4=O)cc3)cc1)C2=O,187.5
[*]c1ccc2c(c1)C(=O)N(c1ccc(OCCOc3ccc(N4C(=O)c5ccc(C([*])(C(F)(F)F)C(F)(F)F)cc5C4=O)cc3)cc1)C2=O,254.0
[*]c1ccc2c(c1)C(=O)N(c1ccc(Oc3c(F)c(F)c(-c4c(F)c(F)c(Oc5ccc(N6C(=O)c7ccc(C([*])(C(F)(F)F)C(F)(F)F)cc7C6=O)cc5)c(F)c4F)c(F)c3F)cc1)C2=O,271.20000000000005
[*]c1ccc2c(c1)C(=O)N(c1ccc(Oc3c(F)c(F)c(Oc4ccc(N5C(=O)c6ccc(C([*])(C(F)(F)F)C(F)(F)F)cc6C5=O)cc4)c(F)c3F)cc1)C2=O,243.80000000000007
[*]c1ccc2c(c1)C(=O)N(c1ccc(Oc3cc4ccccc4cc3Oc3ccc(N4C(=O)c5ccc(S([*])(=O)=O)cc5C4=O)cc3)cc1)C2=O,275.0
[*]c1ccc2c(c1)C(=O)N(c1ccc(Oc3cc4ccccc4cc3Oc3ccc(N4C(=O)c5ccc([*])cc5C4=O)cc3)cc1)C2=O,253.5
[*]c1ccc2c(c1)C(=O)N(c1ccc(Oc3ccc(-c4ccc(Oc5ccc(N6C(=O)c7ccc(C([*])(C(F)(F)F)C(F)(F)F)cc7C6=O)cc5)cc4)cc3)cc1)C2=O,288.0
[*]c1ccc2c(c1)C(=O)N(c1ccc(Oc3ccc(-c4cnc(N5C(=O)c6ccc(C([*])(C(F)(F)F)C(F)(F)F)cc6C5=O)s4)cc3)cc1)C2=O,268.20000000000005
[*]c1ccc2c(c1)C(=O)N(c1ccc(Oc3ccc(C(=O)c4cccc(C(=O)c5ccc(Oc6ccc(N7C(=O)c8ccc([Si]([*])(C)C)cc8C7=O)cc6)cc5)c4)cc3)cc1)C2=O,208.0
[*]c1ccc2c(c1)C(=O)N(c1ccc(Oc3ccc(C(c4ccc(Oc5ccc(N6C(=O)c7ccc(C([*])(C(F)(F)F)C(F)(F)F)cc7C6=O)cc5C(F)(F)F)cc4)(C(F)(F)F)C(F)(F)F)cc3)c(C(F)(F)F)c1)C2=O,234.0
[*]c1ccc2c(c1)C(=O)N(c1ccc(Oc3ccc(C(c4ccc(Oc5ccc(N6C(=O)c7ccc([*])cc7C6=O)cc5C(F)(F)F)cc4)(C(F)(F)F)C(F)(F)F)cc3)c(C(F)(F)F)c1)C2=O,223.0
[*]c1ccc2c(c1)C(=O)N(c1ccc(Oc3ccc(N4C(=O)c5ccc(-c6c(-c7ccccc7)c(-c7ccccc7)c(-c7ccc(Oc8ccc(-c9c(-c%10ccccc%10)c(-c%10ccccc%10)c([*])c(-c%10ccccc%10)c9-c9ccccc9)cc8)cc7)c(-c7ccccc7)c6-c6ccccc6)cc5C4=O)cc3)cc1)C2=O,329.0
[*]c1ccc2c(c1)C(=O)N(c1ccc(Oc3ccc(N4C(=O)c5ccc(-c6c(-c7ccccc7)c(-c7ccccc7)c(-c7ccc(Sc8ccc(-c9c(-c%10ccccc%10)c(-c%10ccccc%10)c([*])c(-c%10ccccc%10)c9-c9ccccc9)cc8)cc7)c(-c7ccccc7)c6-c6ccccc6)cc5C4=O)cc3)cc1)C2=O,322.0
[*]c1ccc2c(c1)C(=O)N(c1ccc(Oc3ccc(N4C(=O)c5ccc(C(F)(F)C(F)(F)C(F)(F)C(F)(F)C(F)(F)C(F)(F)C(F)(F)C([*])(F)F)cc5C4=O)cc3)cc1)C2=O,186.0
[*]c1ccc2c(c1)C(=O)N(c1ccc(Oc3ccc(N4C(=O)c5ccc(C(F)(F)C(F)(F)C(F)(F)C(F)(F)C(F)(F)C(F)(F)C([*])(F)F)cc5C4=O)cc3)cc1)C2=O,178.0
[*]c1ccc2c(c1)C(=O)N(c1ccc(Oc3ccc(N4C(=O)c5ccc(C(F)(F)C(F)(F)C(F)(F)C(F)(F)C(F)(F)C([*])(F)F)cc5C4=O)cc3)cc1)C2=O,185.0
[*]c1ccc2c(c1)C(=O)N(c1ccc(Oc3ccc(N4C(=O)c5ccc(C(F)(F)C(F)(F)C(F)(F)C([*])(F)F)cc5C4=O)cc3)cc1)C2=O,212.0
[*]c1ccc2c(c1)C(=O)N(c1ccc(Oc3ccc(N4C(=O)c5ccc(C(F)(F)C(F)(F)C([*])(F)F)cc5C4=O)cc3)cc1)C2=O,222.0
[*]c1ccc2c(c1)C(=O)N(c1ccc(Oc3ccc(N4C(=O)c5ccc(C([*])(C(F)(F)F)C(F)(F)F)cc5C4=O)cc3Br)c(Br)c1)C2=O,299.0
[*]c1ccc2c(c1)C(=O)N(c1ccc(Oc3ccc(N4C(=O)c5ccc(C([*])(C(F)(F)F)C(F)(F)F)cc5C4=O)cc3O)cc1)C2=O,292.0
[*]c1ccc2c(c1)C(=O)N(c1ccc(Oc3ccc(N4C(=O)c5ccc(C([*])O)cc5C4=O)cc3)cc1)C2=O,250.0
[*]c1ccc2c(c1)C(=O)N(c1ccc(Oc3ccc(N4C(=O)c5ccc(C([*])O[Si](C)(C)C)cc5C4=O)cc3)cc1)C2=O,210.0
[*]c1ccc2c(c1)C(=O)N(c1ccc(Oc3ccc(N4C(=O)c5ccc(C([*])O[Si](C)(C)O[Si](C)(C)O[Si](C)(C)C)cc5C4=O)cc3)cc1)C2=O,167.0
[*]c1ccc2c(c1)C(=O)N(c1ccc(Oc3ccc(N4C(=O)c5ccc(P([*])(=O)c6ccccc6)cc5C4=O)cc3)cc1)C2=O,318.0
[*]c1ccc2c(c1)C(=O)N(c1ccc(Oc3ccc(N4C(=O)c5ccc(S([*])(=O)=O)cc5C4=O)cc3)cc1)C2=O,283.5
[*]c1ccc2c(c1)C(=O)N(c1ccc(Oc3ccc(N4C(=O)c5ccc(S([*])(=O)=O)cc5C4=O)cc3Br)c(Br)c1)C2=O,281.0
[*]c1ccc2c(c1)C(=O)N(c1ccc(Oc3ccc(N4C(=O)c5ccc([*])cc5C4=O)cc3)cc1)C2=O,279.0
[*]c1ccc2c(c1)C(=O)N(c1ccc(Oc3ccc(N4C(=O)c5ccc([*])cc5C4=O)cc3Br)c(Br)c1)C2=O,275.0
[*]c1ccc2c(c1)C(=O)N(c1ccc(Oc3ccc(N4C(=O)c5ccc([Si]([*])(C)C)cc5C4=O)cc3)cc1)C2=O,274.0
[*]c1ccc2c(c1)C(=O)N(c1ccc(Oc3ccc(N4C(=O)c5cccc([*])c5C4=O)cc3)cc1)C2=O,320.0
[*]c1ccc2c(c1)C(=O)N(c1ccc(Oc3ccc(Oc4ccc(N5C(=O)c6ccc(C([*])(C(F)(F)F)C(F)(F)F)cc6C5=O)cc4)cc3)cc1)C2=O,279.0
[*]c1ccc2c(c1)C(=O)N(c1ccc(Oc3ccc(Oc4ccc(N5C(=O)c6ccc(C([*])(C(F)(F)F)C(F)(F)F)cc6C5=O)cc4C(F)(F)F)cc3)cc1)C2=O,260.80000000000007
[*]c1ccc2c(c1)C(=O)N(c1ccc(Oc3ccc(Oc4ccc(N5C(=O)c6ccc([*])cc6C5=O)cc4)c(-c4ccccc4)c3)cc1)C2=O,247.0
[*]c1ccc2c(c1)C(=O)N(c1ccc(Oc3ccc(Oc4ccc(N5C(=O)c6cccc([*])c6C5=O)cc4)cc3)cc1)C2=O,285.0
[*]c1ccc2c(c1)C(=O)N(c1ccc(Oc3ccc(Oc4ccc(Oc5ccc(N6C(=O)c7ccc([*])cc7C6=O)cc5)cc4)cc3)cc1)C2=O,228.51000000000005
[*]c1ccc2c(c1)C(=O)N(c1ccc(Oc3ccc(P(=O)(c4ccccc4)c4ccc(Oc5cccc(N6C(=O)c7ccc(C([*])(C(F)(F)F)C(F)(F)F)cc7C6=O)c5)cc4)cc3)cc1)C2=O,220.0
[*]c1ccc2c(c1)C(=O)N(c1ccc(Oc3ccc(P(=O)(c4ccccc4)c4ccc(Oc5cccc(N6C(=O)c7ccc([*])cc7C6=O)c5)cc4)cc3)cc1)C2=O,241.0
[*]c1ccc2c(c1)C(=O)N(c1ccc(Oc3ccc(S(=O)(=O)c4ccc(Oc5ccc(N6C(=O)c7ccc(C([*])(C(F)(F)F)C(F)(F)F)cc7C6=O)cc5)cc4)cc3)cc1)C2=O,276.5
[*]c1ccc2c(c1)C(=O)N(c1ccc(Oc3ccc(S(=O)(=O)c4ccc(Oc5ccc(N6C(=O)c7ccc(S([*])(=O)=O)cc7C6=O)cc5)cc4)cc3)cc1)C2=O,274.0
[*]c1ccc2c(c1)C(=O)N(c1ccc(Oc3ccc(S(=O)(=O)c4ccc(Oc5ccc(N6C(=O)c7ccc([Si]([*])(C)C)cc7C6=O)cc5)cc4)cc3)cc1)C2=O,246.0
[*]c1ccc2c(c1)C(=O)N(c1ccc(Oc3ccc4ccc(Oc5ccc(N6C(=O)c7ccc(C([*])(C(F)(F)F)C(F)(F)F)cc7C6=O)cc5)cc4c3)cc1)C2=O,302.30000000000007
[*]c1ccc2c(c1)C(=O)N(c1ccc(Oc3ccc4nc(-c5ccc(Oc6ccc(-c7nc8ccc(Oc9ccc(N%10C(=O)c%11ccc(C([*])(C(F)(F)F)C(F)(F)F)cc%11C%10=O)cc9)cc8nc7-c7ccccc7)cc6)cc5)c(-c5ccccc5)nc4c3)cc1)C2=O,267.0
[*]c1ccc2c(c1)C(=O)N(c1ccc(Oc3cccc(-c4cc(-c5ccccc5)cc(-c5cccc(Oc6ccc(N7C(=O)c8ccc(C([*])(C(F)(F)F)C(F)(F)F)cc8C7=O)cc6)c5)n4)c3)cc1)C2=O,180.0
[*]c1ccc2c(c1)C(=O)N(c1ccc(Oc3cccc(N4C(=O)c5ccc(-c6c(-c7ccccc7)c(-c7ccccc7)c(-c7ccc(Oc8ccc(-c9c(-c%10ccccc%10)c(-c%10ccccc%10)c([*])c(-c%10ccccc%10)c9-c9ccccc9)cc8)cc7)c(-c7ccccc7)c6-c6ccccc6)cc5C4=O)c3)cc1)C2=O,309.0
[*]c1ccc2c(c1)C(=O)N(c1ccc(Oc3cccc(N4C(=O)c5ccc(-c6c(-c7ccccc7)c(-c7ccccc7)c(-c7ccc(Sc8ccc(-c9c(-c%10ccccc%10)c(-c%10ccccc%10)c([*])c(-c%10ccccc%10)c9-c9ccccc9)cc8)cc7)c(-c7ccccc7)c6-c6ccccc6)cc5C4=O)c3)cc1)C2=O,300.0
[*]c1ccc2c(c1)C(=O)N(c1ccc(Oc3cccc(N4C(=O)c5ccc(C([*])(C(F)(F)F)C(F)(F)F)cc5C4=O)c3)cc1)C2=O,260.0
[*]c1ccc2c(c1)C(=O)N(c1ccc(Oc3cccc(N4C(=O)c5ccc([*])cc5C4=O)c3)cc1)C2=O,259.0
[*]c1ccc2c(c1)C(=O)N(c1ccc(Oc3cccc(Oc4ccc(N5C(=O)c6ccc([*])cc6C5=O)cc4)c3)cc1)C2=O,234.0
[*]c1ccc2c(c1)C(=O)N(c1ccc(Oc3ccccc3-c3ccccc3Oc3ccc(N4C(=O)c5ccc(C([*])(C(F)(F)F)C(F)(F)F)cc5C4=O)cc3)cc1)C2=O,78.0
[*]c1ccc2c(c1)C(=O)N(c1ccc(Oc3ccccc3N3C(=O)c4ccc(C([*])(C(F)(F)F)C(F)(F)F)cc4C3=O)cc1)C2=O,276.0
[*]c1ccc2c(c1)C(=O)N(c1ccc(Oc3ccccc3Oc3ccc(N4C(=O)c5ccc(C([*])(C(F)(F)F)C(F)(F)F)cc5C4=O)cc3C(F)(F)F)c(C(F)(F)F)c1)C2=O,247.0
[*]c1ccc2c(c1)C(=O)N(c1ccc(Oc3ccccc3Oc3ccc(N4C(=O)c5ccc(S([*])(=O)=O)cc5C4=O)cc3C(F)(F)F)c(C(F)(F)F)c1)C2=O,255.0
[*]c1ccc2c(c1)C(=O)N(c1ccc(Oc3ccccc3Oc3ccc(N4C(=O)c5ccc([*])cc5C4=O)cc3)cc1)C2=O,241.0
[*]c1ccc2c(c1)C(=O)N(c1ccc(Oc3ccccc3Oc3ccc(N4C(=O)c5ccc([*])cc5C4=O)cc3C(F)(F)F)c(C(F)(F)F)c1)C2=O,249.0
[*]c1ccc2c(c1)C(=O)N(c1ccc(P(=O)(c3ccccc3)c3ccc(N4C(=O)c5ccc(C([*])(C(F)(F)F)C(F)(F)F)cc5C4=O)cc3)cc1)C2=O,345.0
[*]c1ccc2c(c1)C(=O)N(c1ccc(P(=O)(c3ccccc3)c3ccc(N4C(=O)c5ccc([*])cc5C4=O)cc3)cc1)C2=O,371.0
[*]c1ccc2c(c1)C(=O)N(c1ccc(S(=O)(=O)c3ccc(N4C(=O)c5ccc(C(F)(F)C(F)(F)C([*])(F)F)cc5C4=O)cc3)cc1)C2=O,259.0
[*]c1ccc2c(c1)C(=O)N(c1ccc(S(=O)(=O)c3ccc(S(=O)(=O)c4ccc(N5C(=O)c6ccc(C([*])(C(F)(F)F)C(F)(F)F)cc6C5=O)cc4)cc3)cc1)C2=O,331.0
[*]c1ccc2c(c1)C(=O)N(c1ccc(S(=O)(=O)c3ccc(S(=O)(=O)c4ccc(S(=O)(=O)c5ccc(N6C(=O)c7ccc(C([*])(C(F)(F)F)C(F)(F)F)cc7C6=O)cc5)cc4)cc3)cc1)C2=O,327.0
[*]c1ccc2c(c1)C(=O)N(c1ccc(Sc3ccc(N4C(=O)c5ccc(C([*])(C(F)(F)F)C(F)(F)F)cc5C4=O)cc3)cc1)C2=O,301.0
[*]c1ccc2c(c1)C(=O)N(c1ccc(Sc3ccc(Oc4ccc(Sc5ccc(N6C(=O)c7ccc(C([*])(C(F)(F)F)C(F)(F)F)cc7C6=O)cc5)cc4)cc3)cc1)C2=O,242.0
[*]c1ccc2c(c1)C(=O)N(c1ccc(Sc3ccc(Sc4ccc(N5C(=O)c6ccc(C([*])(C(F)(F)F)C(F)(F)F)cc6C5=O)cc4)cc3)cc1)C2=O,257.0
[*]c1ccc2c(c1)C(=O)N(c1ccc(Sc3ccc(Sc4ccc(Sc5ccc(N6C(=O)c7ccc(C([*])(C(F)(F)F)C(F)(F)F)cc7C6=O)cc5)cc4)cc3)cc1)C2=O,233.0
[*]c1ccc2c(c1)C(=O)N(c1ccc(Sc3ccc(Sc4ccc(Sc5ccc(N6C(=O)c7ccc([*])cc7C6=O)cc5)cc4)cc3)cc1)C2=O,227.10000000000002
[*]c1ccc2c(c1)C(=O)N(c1ccc(Sc3ccc(Sc4ccc(Sc5ccc(N6C(=O)c7cccc([*])c7C6=O)cc5)cc4)cc3)cc1)C2=O,226.70000000000005
[*]c1ccc2c(c1)C(=O)N(c1ccc(Sc3ccc(Sc4ccc(Sc5ccc(Sc6ccc(N7C(=O)c8ccc(C([*])(C(F)(F)F)C(F)(F)F)cc8C7=O)cc6)cc5)cc4)cc3)cc1)C2=O,216.0
[*]c1ccc2c(c1)C(=O)N(c1ccc3c(c1)-c1cc(N4C(=O)c5ccc(C([*])(C(F)(F)F)C(F)(F)F)cc5C4=O)ccc1C3)C2=O,394.0
[*]c1ccc2c(c1)C(=O)N(c1ccc3c(c1)Cc1cc(N4C(=O)c5ccc(C([*])(C(F)(F)F)C(F)(F)F)cc5C4=O)ccc1-3)C2=O,394.0
[*]c1ccc2c(c1)C(=O)N(c1cccc(-n3c(=O)c4cc5c(=O)n(-c6cccc(N7C(=O)c8ccc(C([*])(C(F)(F)F)C(F)(F)F)cc8C7=O)c6)c(=O)c5cc4c3=O)c1)C2=O,338.0
[*]c1ccc2c(c1)C(=O)N(c1cccc(C(F)(F)C(F)(F)C(F)(F)C(F)(F)C(F)(F)c3cccc(N4C(=O)c5ccc(C(F)(F)C(F)(F)C(F)(F)C(F)(F)C(F)(F)C(F)(F)C([*])(F)F)cc5C4=O)c3)c1)C2=O,108.5
[*]c1ccc2c(c1)C(=O)N(c1cccc(C(F)(F)C(F)(F)C(F)(F)C(F)(F)C(F)(F)c3cccc(N4C(=O)c5ccc(C(F)(F)C(F)(F)C(F)(F)C([*])(F)F)cc5C4=O)c3)c1)C2=O,144.0
[*]c1ccc2c(c1)C(=O)N(c1cccc(C(F)(F)C(F)(F)C(F)(F)C(F)(F)C(F)(F)c3cccc(N4C(=O)c5ccc(C(F)(F)C(F)(F)C([*])(F)F)cc5C4=O)c3)c1)C2=O,111.0
[*]c1ccc2c(c1)C(=O)N(c1cccc(C(F)(F)C(F)(F)C(F)(F)c3cccc(N4C(=O)c5ccc(C(F)(F)C(F)(F)C(F)(F)C(F)(F)C(F)(F)C(F)(F)C([*])(F)F)cc5C4=O)c3)c1)C2=O,133.5
[*]c1ccc2c(c1)C(=O)N(c1cccc(C(F)(F)C(F)(F)C(F)(F)c3cccc(N4C(=O)c5ccc(C(F)(F)C(F)(F)C(F)(F)C([*])(F)F)cc5C4=O)c3)c1)C2=O,159.0
[*]c1ccc2c(c1)C(=O)N(c1cccc(C(F)(F)C(F)(F)C(F)(F)c3cccc(N4C(=O)c5ccc(C(F)(F)C(F)(F)C([*])(F)F)cc5C4=O)c3)c1)C2=O,157.0
[*]c1ccc2c(c1)C(=O)N(c1cccc(C(O)c3cccc(N4C(=O)c5ccc(C([*])(C(F)(F)F)C(F)(F)F)cc5C4=O)c3)c1)C2=O,262.0
[*]c1ccc2c(c1)C(=O)N(c1cccc(C(c3cccc(N4C(=O)c5ccc(C([*])(C(F)(F)F)C(F)(F)F)cc5C4=O)c3)(C(F)(F)F)C(F)(F)F)c1)C2=O,263.0
[*]c1ccc2c(c1)C(=O)N(c1cccc(C(c3cccc(N4C(=O)c5ccc([*])cc5C4=O)c3)(C(F)(F)F)C(F)(F)F)c1)C2=O,267.0
[*]c1ccc2c(c1)C(=O)N(c1cccc(C(c3ccccc3)(c3cccc(N4C(=O)c5ccc(C([*])(C(F)(F)F)C(F)(F)F)cc5C4=O)c3)C(F)(F)F)c1)C2=O,305.0
[*]c1ccc2c(c1)C(=O)N(c1cccc(CCCOc3cccc(N4C(=O)c5cccc([*])c5C4=O)c3)c1)C2=O,178.0
[*]c1ccc2c(c1)C(=O)N(c1cccc(Cc3cccc(N4C(=O)c5ccc([Si]([*])(C)C)cc5C4=O)c3)c1)C2=O,238.0
[*]c1ccc2c(c1)C(=O)N(c1cccc(N3C(=O)c4ccc(-c5ccc6c(c5)C(=O)N(c5cccc(N7C(=O)c8ccc(C([*])(C(F)(F)F)C(F)(F)F)cc8C7=O)c5)C6=O)cc4C3=O)c1)C2=O,308.0
[*]c1ccc2c(c1)C(=O)N(c1cccc(N3C(=O)c4ccc(P([*])(=O)c5ccccc5)cc4C3=O)c1)C2=O,323.0
[*]c1ccc2c(c1)C(=O)N(c1cccc(N3C(=O)c4cccc([*])c4C3=O)c1)C2=O,341.0
[*]c1ccc2c(c1)C(=O)N(c1cccc(NC(=O)C(F)(F)C(F)(F)C(F)(F)C(F)(F)C(=O)Nc3cccc(N4C(=O)c5ccc(C([*])(C(F)(F)F)C(F)(F)F)cc5C4=O)c3)c1)C2=O,232.0
[*]c1ccc2c(c1)C(=O)N(c1cccc(NC(=O)C(F)(F)C(F)(F)C(F)(F)C(F)(F)C(F)(F)C(F)(F)C(=O)Nc3cccc(N4C(=O)c5ccc(C([*])(C(F)(F)F)C(F)(F)F)cc5C4=O)c3)c1)C2=O,218.0
[*]c1ccc2c(c1)C(=O)N(c1cccc(OCCCCCCCCCCCCOc3cccc(N4C(=O)c5ccc([*])cc5C4=O)c3)c1)C2=O,116.0
[*]c1ccc2c(c1)C(=O)N(c1cccc(OCCCCCCCCCCCCOc3cccc(N4C(=O)c5cccc([*])c5C4=O)c3)c1)C2=O,116.0
[*]c1ccc2c(c1)C(=O)N(c1cccc(OCCCCCCCCCCOc3cccc(N4C(=O)c5ccc([*])cc5C4=O)c3)c1)C2=O,125.0
[*]c1ccc2c(c1)C(=O)N(c1cccc(OCCCCCCCCCCOc3cccc(N4C(=O)c5cccc([*])c5C4=O)c3)c1)C2=O,127.0
[*]c1ccc2c(c1)C(=O)N(c1cccc(OCCCCCCCCCOc3cccc(N4C(=O)c5ccc([*])cc5C4=O)c3)c1)C2=O,132.0
[*]c1ccc2c(c1)C(=O)N(c1cccc(OCCCCCCCCCOc3cccc(N4C(=O)c5cccc([*])c5C4=O)c3)c1)C2=O,134.0
[*]c1ccc2c(c1)C(=O)N(c1cccc(OCCCCCCCCOc3cccc(N4C(=O)c5ccc([*])cc5C4=O)c3)c1)C2=O,138.0
[*]c1ccc2c(c1)C(=O)N(c1cccc(OCCCCCCCCOc3cccc(N4C(=O)c5cccc([*])c5C4=O)c3)c1)C2=O,142.0
[*]c1ccc2c(c1)C(=O)N(c1cccc(OCCCCCCOc3cccc(N4C(=O)c5ccc([*])cc5C4=O)c3)c1)C2=O,153.0
[*]c1ccc2c(c1)C(=O)N(c1cccc(OCCCCCCOc3cccc(N4C(=O)c5cccc([*])c5C4=O)c3)c1)C2=O,157.0
[*]c1ccc2c(c1)C(=O)N(c1cccc(OCCCCCOc3cccc(N4C(=O)c5ccc([*])cc5C4=O)c3)c1)C2=O,165.0
[*]c1ccc2c(c1)C(=O)N(c1cccc(OCCCCCOc3cccc(N4C(=O)c5cccc([*])c5C4=O)c3)c1)C2=O,168.0
[*]c1ccc2c(c1)C(=O)N(c1cccc(OCCCCOc3cccc(N4C(=O)c5ccc([*])cc5C4=O)c3)c1)C2=O,175.0
[*]c1ccc2c(c1)C(=O)N(c1cccc(OCCCCOc3cccc(N4C(=O)c5cccc([*])c5C4=O)c3)c1)C2=O,178.0
[*]c1ccc2c(c1)C(=O)N(c1cccc(OCCCOc3cccc(N4C(=O)c5ccc([*])cc5C4=O)c3)c1)C2=O,184.0
[*]c1ccc2c(c1)C(=O)N(c1cccc(Oc3cc(Oc4cccc(N5C(=O)c6ccc(C([*])(C(F)(F)F)C(F)(F)F)cc6C5=O)c4)ccc3P(=O)(c3ccccc3)c3ccccc3)c1)C2=O,230.0
[*]c1ccc2c(c1)C(=O)N(c1cccc(Oc3ccc(C(c4ccc(Oc5cccc(N6C(=O)c7ccc(C([*])(C(F)(F)F)C(F)(F)F)cc7C6=O)c5)cc4)(C(F)(F)F)C(F)(F)F)cc3)c1)C2=O,224.0
[*]c1ccc2c(c1)C(=O)N(c1cccc(Oc3ccc(N4C(=O)c5cccc([*])c5C4=O)cc3)c1)C2=O,286.0
[*]c1ccc2c(c1)C(=O)N(c1cccc(Oc3ccc(Oc4cccc(N5C(=O)c6ccc(C([*])(C(F)(F)F)C(F)(F)F)cc6C5=O)c4)cc3)c1)C2=O,230.0
[*]c1ccc2c(c1)C(=O)N(c1cccc(Oc3ccc(P(=O)(c4ccccc4)c4ccc(Oc5cccc(N6C(=O)c7ccc(C([*])(C(F)(F)F)C(F)(F)F)cc7C6=O)c5)cc4)cc3)c1)C2=O,243.0
[*]c1ccc2c(c1)C(=O)N(c1cccc(Oc3ccc(P(=O)(c4ccccc4)c4ccccc4)c(Oc4cccc(N5C(=O)c6ccc([*])cc6C5=O)c4)c3)c1)C2=O,234.0
[*]c1ccc2c(c1)C(=O)N(c1cccc(Oc3ccc(S(=O)(=O)c4ccc(Oc5cccc(N6C(=O)c7ccc(C([*])(C(F)(F)F)C(F)(F)F)cc7C6=O)c5)cc4)cc3)c1)C2=O,209.5
[*]c1ccc2c(c1)C(=O)N(c1cccc(Oc3cccc(N4C(=O)c5ccc(C(F)(F)C(F)(F)C([*])(F)F)cc5C4=O)c3)c1)C2=O,312.0
[*]c1ccc2c(c1)C(=O)N(c1cccc(Oc3cccc(N4C(=O)c5ccc(C([*])(C(F)(F)F)C(F)(F)F)cc5C4=O)c3)c1)C2=O,244.0
[*]c1ccc2c(c1)C(=O)N(c1cccc(Oc3cccc(Oc4cccc(N5C(=O)c6cccc([*])c6C5=O)c4)c3)c1)C2=O,213.0
[*]c1ccc2c(c1)C(=O)N(c1cccc(P(=O)(c3ccc(C(F)(F)F)cc3)c3cccc(N4C(=O)c5ccc(C([*])(C(F)(F)F)C(F)(F)F)cc5C4=O)c3)c1)C2=O,260.0
[*]c1ccc2c(c1)C(=O)N(c1cccc(P(=O)(c3ccc(Oc4ccc(C56CC7CC(CC(C7)C5)C6)cc4)cc3)c3cccc(N4C(=O)c5ccc(C([*])(C(F)(F)F)C(F)(F)F)cc5C4=O)c3)c1)C2=O,298.0
[*]c1ccc2c(c1)C(=O)N(c1cccc(P(=O)(c3cccc(N4C(=O)c5ccc(C([*])(C(F)(F)F)C(F)(F)F)cc5C4=O)c3)c3cc(C(F)(F)F)cc(C(F)(F)F)c3)c1)C2=O,247.0
[*]c1ccc2c(c1)C(=O)N(c1cccc(P(=O)(c3ccccc3)c3cccc(N4C(=O)c5ccc(C([*])(C(F)(F)F)C(F)(F)F)cc5C4=O)c3)c1)C2=O,271.0
[*]c1ccc2c(c1)C(=O)N(c1cccc(S(=O)(=O)c3cccc(N4C(=O)c5ccc([*])cc5C4=O)c3)c1)C2=O,260.0
[*]c1ccc2c(c1)C(=O)N(c1cccc3c(N4C(=O)c5ccc(C([*])(C(F)(F)F)C(F)(F)F)cc5C4=O)cccc13)C2=O,390.0
[*]c1ccc2c(c1)C(CCCCCC)(CCCCCC)c1cc(-c3cc(CCCCCC)c([*])cc3CCCCCC)ccc1-2,78.80000000000001
[*]c1ccc2c(c1)C(CCCCCC)(CCCCCC)c1cc(-c3cc(CCCCCCCC)c([*])cc3CCCCCCCC)ccc1-2,74.5
[*]c1ccc2c(c1)C(CCCCCC)(CCCCCC)c1cc(-c3cc(OCCCCCCCC)c([*])cc3OCCCCCCCC)ccc1-2,58.0
[*]c1ccc2c(c1)C(CCCCCC)(CCCCCC)c1cc(-c3cc(OCc4ccccc4)c([*])cc3OCc3ccccc3)ccc1-2,73.0
[*]c1ccc2c(c1)C(CCCCCC)(CCCCCC)c1cc(-c3ccc4c(c3)C(CC3=NC(Cc5ccccc5)CO3)(CC3=NC(Cc5ccccc5)CO3)c3cc([*])ccc3-4)ccc1-2,114.0
[*]c1ccc2c(c1)C(CCCCCC)(CCCCCC)c1cc(-c3ccc4c(c3)c3cc([*])ccc3n4-c3ccc(C)cc3)ccc1-2,155.0
[*]c1ccc2c(c1)C(CCCCCC)(CCCCCC)c1cc(-c3ccc4c(c3)c3cc([*])ccc3n4-c3ccc(OC)cc3)ccc1-2,174.0
[*]c1ccc2c(c1)C(CCCCCC)(CCCCCC)c1cc(-c3ccc4c(c3)c3cc([*])ccc3n4-c3ccccc3)ccc1-2,170.0
[*]c1ccc2c(c1)C(CCCCCCCC)(CCCCCCCC)c1cc(-c3c(F)c(F)c([*])c(F)c3F)ccc1-2,29.0
[*]c1ccc2c(c1)C(CCCCCCCC)(CCCCCCCC)c1cc(-c3cc(F)c([*])cc3F)ccc1-2,34.0
[*]c1ccc2c(c1)C(CCCCCCCC)(CCCCCCCC)c1cc(-c3ccc(-c4c(-c5ccccc5)c(-c5ccccc5)c(-c5ccc([*])s5)c5nc(-c6ccccc6)c(-c6ccccc6)nc45)s3)ccc1-2,192.0
[*]c1ccc2c(c1)C(CCCCCCCC)(CCCCCCCC)c1cc(-c3ccc(-c4ccc(-c5ccc([*])s5)c5cc(-c6ccccc6)c(-c6ccccc6)nc45)s3)ccc1-2,142.0
[*]c1ccc2c(c1)C(CCCCCCCC)(CCCCCCCC)c1cc(-c3ccc(-c4ccc(-c5ccc([*])s5)c5nsnc45)s3)ccc1-2,126.0
[*]c1ccc2c(c1)C(CCCCCCCC)(CCCCCCCC)c1cc(-c3ccc(-c4ccc(-c5ccc([*])s5)cn4)s3)ccc1-2,127.5
[*]c1ccc2c(c1)C(CCCCCCCC)(CCCCCCCC)c1cc(-c3ccc(-c4ccc([*])s4)s3)ccc1-2,102.0
[*]c1ccc2c(c1)C(CCCCCCCC)(CCCCCCCC)c1cc(-c3ccc4c(c3)C(c3ccc(-c5nnc(-c6ccc(C(C)(C)C)cc6)o5)cc3)(c3ccc(-c5nnc(-c6ccc(C(C)(C)C)cc6)o5)cc3)c3cc([*])ccc3-4)ccc1-2,213.0
[*]c1ccc2c(c1)C(CCCCCCCC)(CCCCCCCC)c1cc(-c3sc(-c4ccc(-c5cc(CCCCCC)c([*])s5)c5nsnc45)cc3CCCCCC)ccc1-2,79.0
[*]c1ccc2c(c1)C(CCCCCCCCCCCC)(CCCCCCCCCCCC)c1cc([*])ccc1-2,16.0
[*]c1ccc2c(c1)C([*])(C)CC2(C)C,215.5
[*]c1ccc2c(c1)Cc1cc(-n3c(=O)c4cc5c(=O)n([*])c(=O)c5cc4c3=O)ccc1-2,322.0
[*]c1ccc2c(c1)Sc1cc(-c3ccc(-c4ccc([*])s4)s3)ccc1N2CCCCCC,140.0
[*]c1ccc2c(c1)Sc1cc(-c3ccc(-c4ccc([*])s4)s3)ccc1N2CCCCCCCCCC,142.0
[*]c1ccc2c(c1)Sc1cc(-c3ccc(-c4ccc([*])s4)s3)ccc1N2CCCCCCCCCCCC,150.0
[*]c1ccc2c(c1)Sc1cc(-c3sc4cc([*])sc4c3CCCCC)ccc1N2CCCCCC,126.0
[*]c1ccc2c(c1)Sc1cc(-c3sc4cc([*])sc4c3CCCCC)ccc1N2CCCCCCCCCC,131.0
[*]c1ccc2c(c1)Sc1cc(-c3sc4cc([*])sc4c3CCCCC)ccc1N2CCCCCCCCCCCC,136.0
[*]c1ccc2c3c(cccc13)C(=O)N(CCCCCCCCCCCCN1C(=O)c3ccc4c5ccc6c7c(ccc(c8ccc(c3c48)C1=O)c75)C(=O)N(CCCCCCCCCCCCN1C(=O)c3cccc4c([*])ccc(c34)C1=O)C6=O)C2=O,210.0
[*]c1ccc2c3ccc(-c4ccc(-c5ccc(-c6ccc([*])s6)c6nccnc56)s4)cc3n(C(CCCCCCCC)CCCCCCCC)c2c1,116.0
[*]c1ccc2c3ccc(-c4sc(-c5ccc(-c6cc(CCCCCC)c([*])s6)c6nsnc56)cc4CCCCCC)cc3n(C(CCCCCCCC)CCCCCCCC)c2c1,74.0
[*]c1ccc2c3ccc(-c4sc(-c5sc(-c6cc(CCCCCC)c([*])s6)c6nc(CC)c(CC)nc56)cc4CCCCCC)cc3n(CCCCCCCCCCCC)c2c1,89.0
[*]c1ccc2cc(-c3nc4ccc(-c5ccc6nc([*])[nH]c6c5)cc4[nH]3)ccc2c1,403.0
[*]c1ccc2cc3cc(-c4sc(-c5cc(CCCCCCCCCCCC)c([*])s5)cc4CCCCCCCCCCCC)ccc3cc2c1,158.0
[*]c1ccc2nc(-c3ccc(-c4ccc(-c5cc(-c6ccc(-c7ccc(Oc8ccccc8)cc7)cc6)c6cc([*])ccc6n5)cc4)cc3)cc(-c3ccc(-c4ccc(Oc5ccccc5)cc4)cc3)c2c1,374.0
[*]c1ccc2nc(-c3ccc(-c4ccc(-c5cc(-c6ccc(Oc7ccc(-c8ccccc8)cc7)cc6)c6cc([*])ccc6n5)cc4)cc3)cc(-c3ccc(Oc4ccc(-c5ccccc5)cc4)cc3)c2c1,364.0
[*]c1ccc2nc(-c3ccc(-c4ccc(-c5cc(-c6ccc(Oc7ccc(Oc8ccccc8)cc7)cc6)c6cc([*])ccc6n5)cc4)cc3)cc(-c3ccc(Oc4ccc(Oc5ccccc5)cc4)cc3)c2c1,355.0
[*]c1ccc2nc(-c3ccc(-c4ccc(-c5cc(-c6ccccc6)c6cc(C7([*])c8ccccc8C(=O)c8ccccc87)ccc6n5)cc4)cc3)cc(-c3ccccc3)c2c1,350.0
[*]c1ccc2nc(-c3ccc(-c4ccc(-c5nc6ccc([*])cc6nc5-c5ccccc5)cc4)cc3)c(-c3ccccc3)nc2c1,404.0
[*]c1ccc2nc(-c3ccc(-c4cnc5cc(S([*])(=O)=O)ccc5n4)cc3)cnc2c1,342.0
[*]c1ccc2nc(-c3ccc(-c4nc5cc(S([*])(=O)=O)ccc5nc4-c4ccccc4)cc3)c(-c3ccccc3)nc2c1,277.5
[*]c1ccc2nc(-c3ccc(-c4nc5cc([*])ccc5nc4-c4ccccc4)cc3)c(-c3ccccc3)nc2c1,391.5
[*]c1ccc2nc(-c3ccc(-c4nc5ccc(S([*])(=O)=O)cc5nc4-c4ccccc4)cc3)c(-c3ccccc3)nc2c1,345.0
[*]c1ccc2nc(-c3ccc(-c4nc5ccc([*])cc5nc4-c4ccccc4)cc3)c(-c3ccccc3)nc2c1,354.5
[*]c1ccc2nc(-c3ccc(C4(c5ccc(-c6cc(-c7ccccc7)c7cc(C8([*])c9ccccc9C(=O)c9ccccc98)ccc7n6)cc5)c5ccccc5-c5ccccc54)cc3)cc(-c3ccccc3)c2c1,405.0
[*]c1ccc2nc(-c3ccc(OCCCCOc4ccc(-c5nc6ccc([*])cc6nc5-c5ccccc5)cc4)cc3)c(-c3ccccc3)nc2c1,240.0
[*]c1ccc2nc(-c3ccc(Oc4ccc(-c5cc(-c6ccccc6)c6cc(C7([*])c8ccccc8C(=O)c8ccccc87)ccc6n5)cc4)cc3)cc(-c3ccccc3)c2c1,320.0
[*]c1ccc2nc(-c3ccc(Oc4ccc(-c5nc6cc([*])ccc6nc5-c5ccccc5)cc4)cc3)c(-c3ccccc3)nc2c1,292.5
[*]c1ccc2nc(-c3ccc(Oc4ccc(-c5nc6ccc([*])cc6nc5-c5ccccc5)cc4)cc3)c(-c3ccccc3)nc2c1,306.0
[*]c1ccc2nc(-c3ccc(Oc4ccc(Oc5ccc(Oc6ccc(-c7nc8ccc([*])cc8nc7-c7ccccc7)cc6)cc5)cc4)cc3)c(-c3ccccc3)nc2c1,263.0
[*]c1ccc2nc(-c3ccc(Sc4ccc(-c5nc6ccc([*])cc6nc5-c5ccccc5)cc4)cc3)c(-c3ccccc3)nc2c1,288.0
[*]c1ccc2nc(-c3ccc4ccccc4c3)c(-c3ccc(-c4nc5ccc([*])cc5nc4-c4ccc5ccccc5c4)cc3)nc2c1,333.0
[*]c1ccc2nc(-c3ccc4ccccc4c3)c(-c3cccc(-c4nc5ccc([*])cc5nc4-c4ccc5ccccc5c4)c3)nc2c1,317.0
[*]c1ccc2nc(-c3cccc(-c4nc5cc([*])ccc5nc4-c4ccccc4)c3)c(-c3ccccc3)nc2c1,319.0
[*]c1ccc2nc(-c3ccccc3)c(-c3ccc(-c4ccc(-c5c(-c6ccccc6)nc6ccc([*])cc6c5-c5ccccc5)cc4)cc3)c(-c3ccccc3)c2c1,405.0
[*]c1ccc2nc(-c3ccccc3)c(-c3ccc(-c4nc5cc(S([*])(=O)=O)ccc5nc4-c4ccccc4)cc3)nc2c1,345.0
[*]c1ccc2nc(-c3ccccc3)c(-c3ccc(Oc4ccc(-c5c(-c6ccccc6)nc6ccc([*])cc6c5-c5ccccc5)cc4)cc3)c(-c3ccccc3)c2c1,307.5
[*]c1ccc2nc(-c3ccccc3)c(-c3ccc(Oc4ccc(-c5nc6cc(S([*])(=O)=O)ccc6nc5-c5ccccc5)cc4)cc3)nc2c1,290.0
[*]c1ccc2nc(-c3ccccc3)c(-c3ccc(Oc4ccc(-c5nc6cc([*])ccc6nc5-c5ccccc5)cc4)cc3)nc2c1,300.0
[*]c1ccc2nc(-c3ccccc3)c(-c3ccc(Sc4ccc(-c5nc6cc([*])ccc6nc5-c5ccccc5)cc4)cc3)nc2c1,288.0
[*]c1ccc2nc(-c3ccccc3)c(-c3cccc(-c4nc5cc([*])ccc5nc4-c4ccccc4)c3)nc2c1,320.0
[*]c1ccc2nc(CCCCCCCCCCCCc3nc4ccc([*])cc4o3)oc2c1,55.0
[*]c1ccc2nc(CCCCCCCCCCCc3nc4ccc([*])cc4o3)oc2c1,62.0
[*]c1ccc2nc(CCCCCCCCCCc3nc4ccc([*])cc4o3)oc2c1,64.0
[*]c1ccc2nc(CCCCCCCCCc3nc4ccc([*])cc4o3)oc2c1,64.0
[*]c1ccc2nc(CCCCCCCCc3nc4ccc([*])cc4o3)oc2c1,223.5
[*]c1ccc2nc(CCCCCCCCc3nc4ccc([*])cc4s3)sc2c1,238.0
[*]c1ccc2nc(CCCCCCCc3nc4ccc([*])cc4o3)oc2c1,85.0
[*]c1ccc2nc([*])cc(-c3ccccc3)c2c1,415.0
[*]c1ccc2ncc(-c3ccc(-c4cnc5ccc(S([*])(=O)=O)cc5n4)cc3)nc2c1,342.0
[*]c1ccc2oc(-c3ccc(-c4nc5cc(C([*])(C(F)(F)F)C(F)(F)F)ccc5o4)cc3)nc2c1,371.5
[*]c1ccc2oc(-c3ccc(-c4nc5cc(C([*])(C(F)(F)F)C(F)(F)F)ccc5o4)nc3)nc2c1,352.0
[*]c1ccc2oc(-c3ccc(-c4nc5cc(C([*])(c6ccccc6)C(F)(F)F)ccc5o4)cc3)nc2c1,369.0
[*]c1ccc2oc(-c3ccc(C(c4ccc(-c5nc6cc(C([*])(c7ccccc7)C(F)(F)F)ccc6o5)cc4)(C(F)(F)F)C(F)(F)F)cc3)nc2c1,334.0
[*]c1ccc2oc(-c3ccc(Oc4ccc(-c5nc6cc(C([*])(C(F)(F)F)C(F)(F)F)ccc6o5)cc4)cc3)nc2c1,303.0
[*]c1ccc2oc(-c3ccc(Oc4ccc(-c5nc6cc(C([*])(c7ccccc7)C(F)(F)F)ccc6o5)cc4)cc3)nc2c1,299.0
[*]c1ccc2oc(-c3ccc4oc5ccc(-c6nc7cc(C([*])(C(F)(F)F)C(F)(F)F)ccc7o6)cc5c4c3)nc2c1,195.0
[*]c1ccc2oc(-c3cccc(-c4nc5cc(C([*])(C(F)(F)F)C(F)(F)F)ccc5o4)c3)nc2c1,301.0
[*]c1ccc2oc(-c3cccc(-c4nc5cc(C([*])(C(F)(F)F)C(F)(F)F)ccc5o4)n3)nc2c1,329.0
[*]c1ccc2oc(-c3cccc(-c4nc5cc(C([*])(c6ccccc6)C(F)(F)F)ccc5o4)c3)nc2c1,301.0
[*]c1ccc2oc(C3CCC(c4nc5cc(C([*])(C(F)(F)F)C(F)(F)F)ccc5o4)CC3)nc2c1,271.0
[*]c1ccc2oc(C3CCC(c4nc5cc(S([*])(=O)=O)ccc5o4)CC3)nc2c1,296.0
[*]c1ccc2oc3ccc(S([*])(=O)=O)cc3c2c1,360.0
[*]c1cccc(-c2cc(-c3ccc(Oc4ccc(-c5cc([*])nc6ccccc56)cc4)cc3)c3ccccc3n2)c1,268.0
[*]c1cccc(-c2cc(-c3ccccc3)c3cc(-c4ccc(OCCCCCCCCCCCOc5ccc(-c6ccc7nc([*])cc(-c8ccccc8)c7c6)cc5)cc4)ccc3n2)c1,133.5
[*]c1cccc(-c2cccc(C(F)(F)C(F)(F)C([*])(F)F)c2)c1,45.0
[*]c1cccc(-c2ccn(-c3ccc(-n4ccc([*])n4)cc3)n2)c1,75.0
[*]c1cccc(-c2ccn(CCCCCCn3ccc([*])n3)n2)c1,70.0
[*]c1cccc(-c2ccnn2-c2ccc(Cc3ccc(-n4nccc4[*])cc3)cc2)c1,212.0
[*]c1cccc(-c2ccnn2-c2ccc(Oc3ccc(-n4nccc4[*])cc3)cc2)c1,216.0
[*]c1cccc(-c2nc3cc(-c4ccc5[nH]c([*])nc5c4)ccc3[nH]2)c1,410.0
[*]c1cccc(-c2nc3cc(-c4ccc5c(c4)nc([*])n5C)ccc3[nH]2)c1,346.65999999999997
[*]c1cccc(-c2nc3cc4nc(-c5ccccc5)c([*])nc4cc3nc2-c2ccccc2)c1,365.0
[*]c1cccc(-c2nc3cc4nc([*])c(-c5ccccc5)nc4cc3nc2-c2ccccc2)c1,365.0
[*]c1cccc(-c2nc3ccc(-c4ccc5nc([*])[nH]c5c4)cc3[nH]2)c1,420.0
[*]c1cccc(-c2nc3ccc(-c4ccc5nc([*])sc5c4)cc3s2)c1,495.0
[*]c1cccc(-c2ncc(-c3ccc(Oc4ccc(-c5cnnc([*])n5)cc4)cc3)nn2)n1,223.0
[*]c1cccc(-c2nnc(-c3ccc(-c4nnc([*])o4)cc3)o2)c1,278.0
[*]c1cccc(-c2nnc(-c3ccccc3)c(-c3ccc(-c4nc([*])nnc4-c4ccccc4)cc3)n2)n1,260.0
[*]c1cccc(-c2nnc(-c3ccccc3)c(-c3ccc(Cc4ccc(-c5nc([*])nnc5-c5ccccc5)cc4)cc3)n2)n1,205.0
[*]c1cccc(-c2nnc(-c3ccccc3)c(-c3ccc(Oc4ccc(-c5nc([*])nnc5-c5ccccc5)cc4)cc3)n2)n1,219.0
[*]c1cccc(-n2c(=O)c3cc4c(=O)n([*])c(=O)c4cc3c2=O)c1,430.0
[*]c1cccc(-n2c(=O)c3cc4c(=O)n([*])c(=O)c4cc3c2=O)n1,183.5
[*]c1cccc(-n2nc(-c3ccccc3)c3ccc(Oc4ccc5c(=O)n([*])nc(-c6ccccc6)c5c4)cc3c2=O)c1C#N,301.0
[*]c1cccc(C(F)(F)C(F)(F)C([*])(F)F)c1,29.0
[*]c1cccc(C(c2cccc(-n3c(=O)c4cc5c(=O)n([*])c(=O)c5cc4c3=O)c2)(C(F)(F)F)C(F)(F)F)c1,296.0
[*]c1cccc(Cc2ccc(-n3c(=O)c4cc5c(=O)n([*])c(=O)c5cc4c3=O)cc2)c1,339.0
[*]c1cccc(Cc2cccc(-n3c(=O)c4cc5c(=O)n([*])c(=O)c5cc4c3=O)c2)c1,327.5
[*]c1cccc(N2C(=O)C(=O)N(CCCCCCN3C(=O)C(=O)N([*])C3=O)C2=O)n1,169.5
[*]c1cccc(N2C(=O)C(=O)N(c3ccc(Cc4ccc(N5C(=O)C(=O)N([*])C5=O)cc4)cc3)C2=O)n1,237.0
[*]c1cccc(N2C(=O)c3c(c(-c4ccccc4)c(-c4ccc(-c5c(-c6ccccc6)c6c(c(-c7ccccc7)c5-c5ccccc5)C(=O)N([*])C6=O)cc4)c(-c4ccccc4)c3-c3ccccc3)C2=O)c1,416.0
[*]c1cccc(N2C(=O)c3c(c(-c4ccccc4)c(-c4ccc(Oc5ccc(-c6c(-c7ccccc7)c7c(c(-c8ccccc8)c6-c6ccccc6)C(=O)N([*])C7=O)cc5)cc4)c(-c4ccccc4)c3-c3ccccc3)C2=O)c1,357.0
[*]c1cccc(N2C(=O)c3ccc(C(=O)c4ccc5c(c4)C(=O)N(c4cccc(C([*])O[Si](C)(C)O[Si](C)(C)O[Si](C)(C)C)c4)C5=O)cc3C2=O)c1,235.0
[*]c1cccc(N2C(=O)c3ccc(C(c4ccc5c(c4)C(=O)N([*])C5=O)(C(F)(F)F)C(F)(F)F)cc3C2=O)c1C,353.5
[*]c1cccc(N2C(=O)c3ccc(NC(=O)OCCOc4ccc(C(c5ccc(OCCOC(=O)Nc6ccc7c(c6)C(=O)N(c6cccc(P([*])(C)=O)c6)C7=O)cc5)(C(F)(F)F)C(F)(F)F)cc4)cc3C2=O)c1,204.0
[*]c1cccc(N2C(=O)c3ccc(NC(=O)OCCOc4ccc(P(=O)(c5ccccc5)c5ccc(OCCOC(=O)Nc6ccc7c(c6)C(=O)N(c6cccc(P([*])(C)=O)c6)C7=O)cc5)cc4)cc3C2=O)c1,201.0
[*]c1cccc(N2C(=O)c3ccc(Oc4ccc5c(c4)C(=O)N(c4cccc(C([*])O[Si](C)(C)O[Si](C)(C)O[Si](C)(C)C)c4)C5=O)cc3C2=O)c1,219.0
[*]c1cccc(OP(=O)(Oc2cccc(-n3c(=O)c4cc5c(=O)n([*])c(=O)c5cc4c3=O)c2)c2ccccc2)c1,191.0
[*]c1cccc(Oc2cc(Oc3cccc(-n4c(=O)c5cc6c(=O)n([*])c(=O)c6cc5c4=O)c3)ccc2P(=O)(c2ccccc2)c2ccccc2)c1,251.0
[*]c1cccc(Oc2ccc(-c3ccc(Oc4cccc(-n5c(=O)c6cc7c(=O)n([*])c(=O)c7cc6c5=O)c4)cc3)cc2)c1,251.0
[*]c1cccc(Oc2ccc(-c3nc4cc5sc(-c6ccc(Oc7cccc(-n8c(=O)c9cc%10c(=O)n([*])c(=O)c%10cc9c8=O)c7)cc6)nc5cc4s3)cc2)c1,400.0
[*]c1cccc(Oc2ccc(-n3c(=O)c4cc5c(=O)n([*])c(=O)c5cc4c3=O)cc2)c1,397.0
[*]c1cccc(Oc2ccc(S(=O)(=O)c3ccc(Oc4cccc(-n5c(=O)c6cc7c(=O)n([*])c(=O)c7cc6c5=O)c4)cc3)cc2)c1,223.15000000000003
[*]c1cccc(Oc2cccc(Oc3cccc(-n4c(=O)c5cc6c(=O)n([*])c(=O)c6cc5c4=O)c3)c2)c1,221.0
[*]c1cccc(Oc2cccc(Oc3cccc(N4C(=O)C5C6C=CC(C7C(=O)N([*])C(=O)C67)C5C4=O)c3)c2)c1,177.0
[*]c1cccc(Oc2cccc(Oc3cccc(N4C(=O)c5c(c(-c6ccccc6)c(-c6ccc(-c7c(-c8ccccc8)c8c(c(-c9ccccc9)c7-c7ccccc7)C(=O)N([*])C8=O)cc6)c(-c6ccccc6)c5-c5ccccc5)C4=O)c3)c2)c1,280.0
[*]c1cccc(Oc2cccc(Oc3cccc(N4C(=O)c5c(c(-c6ccccc6)c(-c6ccc(Oc7ccc(-c8c(-c9ccccc9)c9c(c(-c%10ccccc%10)c8-c8ccccc8)C(=O)N([*])C9=O)cc7)cc6)c(-c6ccccc6)c5-c5ccccc5)C4=O)c3)c2)c1,261.0
[*]c1cccc(Oc2cccc(Oc3cccc(N4C(=O)c5c(c(-c6ccccc6)c(-c6ccc(Oc7ccc(Oc8ccc(-c9c(-c%10ccccc%10)c%10c(c(-c%11ccccc%11)c9-c9ccccc9)C(=O)N([*])C%10=O)cc8)cc7)cc6)c(-c6ccccc6)c5-c5ccccc5)C4=O)c3)c2)c1,238.0
[*]c1cccc(P(=O)(c2ccc(C(F)(F)F)cc2)c2cccc(-n3c(=O)c4c(-c5cc(C(F)(F)F)cc(C(F)(F)F)c5)c5c(=O)n([*])c(=O)c5c(-c5cc(C(F)(F)F)cc(C(F)(F)F)c5)c4c3=O)c2)c1,311.0
[*]c1cccc(P(=O)(c2ccc(C(F)(F)F)cc2)c2cccc(-n3c(=O)c4c(-c5ccc(C(F)(F)F)cc5)c5c(=O)n([*])c(=O)c5c(-c5ccc(C(F)(F)F)cc5)c4c3=O)c2)c1,324.0
[*]c1cccc(P(=O)(c2ccc(C(F)(F)F)cc2)c2cccc(-n3c(=O)c4c(-c5ccccc5)c5c(=O)n([*])c(=O)c5c(-c5ccccc5)c4c3=O)c2)c1,337.0
[*]c1cccc(P(=O)(c2ccc(C(F)(F)F)cc2)c2cccc(-n3c(=O)c4cc5c(=O)n([*])c(=O)c5c(-c5cc(C(F)(F)F)cc(C(F)(F)F)c5)c4c3=O)c2)c1,290.0
[*]c1cccc(P(=O)(c2ccc(C(F)(F)F)cc2)c2cccc(-n3c(=O)c4cc5c(=O)n([*])c(=O)c5c(-c5ccc(C(F)(F)F)cc5)c4c3=O)c2)c1,303.0
[*]c1cccc(P(=O)(c2ccc(C(F)(F)F)cc2)c2cccc(-n3c(=O)c4cc5c(=O)n([*])c(=O)c5c(-c5ccccc5)c4c3=O)c2)c1,311.0
[*]c1cccc(P(=O)(c2ccc(C(F)(F)F)cc2)c2cccc(-n3c(=O)c4cc5c(=O)n([*])c(=O)c5cc4c3=O)c2)c1,311.0
[*]c1cccc(P(=O)(c2ccc(Oc3ccc(C45CC6CC(CC(C6)C4)C5)cc3)cc2)c2cccc(-n3c(=O)c4cc5c(=O)n([*])c(=O)c5cc4c3=O)c2)c1,330.0
[*]c1cccc(P(=O)(c2cccc(-n3c(=O)c4c(-c5cc(C(F)(F)F)cc(C(F)(F)F)c5)c5c(=O)n([*])c(=O)c5c(-c5cc(C(F)(F)F)cc(C(F)(F)F)c5)c4c3=O)c2)c2cc(C(F)(F)F)cc(C(F)(F)F)c2)c1,293.0
[*]c1cccc(P(=O)(c2cccc(-n3c(=O)c4c(-c5ccc(C(F)(F)F)cc5)c5c(=O)n([*])c(=O)c5c(-c5ccc(C(F)(F)F)cc5)c4c3=O)c2)c2cc(C(F)(F)F)cc(C(F)(F)F)c2)c1,310.0
[*]c1cccc(P(=O)(c2cccc(-n3c(=O)c4c(-c5ccccc5)c5c(=O)n([*])c(=O)c5c(-c5ccccc5)c4c3=O)c2)c2cc(C(F)(F)F)cc(C(F)(F)F)c2)c1,320.0
[*]c1cccc(P(=O)(c2cccc(-n3c(=O)c4cc5c(=O)n([*])c(=O)c5c(-c5cc(C(F)(F)F)cc(C(F)(F)F)c5)c4c3=O)c2)c2cc(C(F)(F)F)cc(C(F)(F)F)c2)c1,280.0
[*]c1cccc(P(=O)(c2cccc(-n3c(=O)c4cc5c(=O)n([*])c(=O)c5c(-c5ccc(C(F)(F)F)cc5)c4c3=O)c2)c2cc(C(F)(F)F)cc(C(F)(F)F)c2)c1,292.0
[*]c1cccc(P(=O)(c2cccc(-n3c(=O)c4cc5c(=O)n([*])c(=O)c5c(-c5ccccc5)c4c3=O)c2)c2cc(C(F)(F)F)cc(C(F)(F)F)c2)c1,300.0
[*]c1cccc(P(=O)(c2cccc(-n3c(=O)c4cc5c(=O)n([*])c(=O)c5cc4c3=O)c2)c2cc(C(F)(F)F)cc(C(F)(F)F)c2)c1,281.0
[*]c1cccc(P(=O)(c2ccccc2)c2cccc(-n3c(=O)c4c(-c5cc(C(F)(F)F)cc(C(F)(F)F)c5)c5c(=O)n([*])c(=O)c5c(-c5cc(C(F)(F)F)cc(C(F)(F)F)c5)c4c3=O)c2)c1,324.0
[*]c1cccc(P(=O)(c2ccccc2)c2cccc(-n3c(=O)c4c(-c5ccc(C(F)(F)F)cc5)c5c(=O)n([*])c(=O)c5c(-c5ccc(C(F)(F)F)cc5)c4c3=O)c2)c1,334.0
[*]c1cccc(P(=O)(c2ccccc2)c2cccc(-n3c(=O)c4c(-c5ccccc5)c5c(=O)n([*])c(=O)c5c(-c5ccccc5)c4c3=O)c2)c1,342.0
[*]c1cccc(P(=O)(c2ccccc2)c2cccc(-n3c(=O)c4cc5c(=O)n([*])c(=O)c5c(-c5cc(C(F)(F)F)cc(C(F)(F)F)c5)c4c3=O)c2)c1,299.0
[*]c1cccc(P(=O)(c2ccccc2)c2cccc(-n3c(=O)c4cc5c(=O)n([*])c(=O)c5c(-c5ccc(C(F)(F)F)cc5)c4c3=O)c2)c1,321.0
[*]c1cccc(P(=O)(c2ccccc2)c2cccc(-n3c(=O)c4cc5c(=O)n([*])c(=O)c5c(-c5ccccc5)c4c3=O)c2)c1,325.0
[*]c1cccc(P(=O)(c2ccccc2)c2cccc(-n3c(=O)c4cc5c(=O)n([*])c(=O)c5cc4c3=O)c2)c1,331.0
[*]c1cccc(S(=O)(=O)c2cccc(-n3c(=O)c4cc5c(=O)n([*])c(=O)c5cc4c3=O)c2)c1,360.0
[*]c1cccc([*])c1,104.93
[*]c1ccccc1C(=O)Oc1ccc2c([*])c3ccc(=O)cc-3oc2c1,250.0
[*]c1ccccc1Cc1ccc(-n2c(=O)c3cc4c(=O)n([*])c(=O)c4cc3c2=O)cc1,356.5
[*]c1ccccc1Oc1ccc(-n2c(=O)c3cc4c(=O)n([*])c(=O)c4cc3c2=O)cc1,386.0
[*]c1ccccc1Oc1ccc(N2Cc3cc4c(cc3C2=O)C(=O)N([*])C4=O)cc1,386.0
[*]c1cn([*])c2ccccc12,65.0
[*]c1cnc(C2C(c3ccccc3)C([*])C2c2ccccc2)cn1,150.0
[*]c1nc(-c2ccccc2)nc(N(CCCCCCCCCCN([*])c2ccccc2)c2ccccc2)n1,62.0
[*]c1nc(-c2ccccc2)nc(N(CCCCCCN([*])c2ccccc2)c2ccccc2)n1,74.0
[*]c1nc(-c2ccccc2)nc(N(CCCCN([*])c2ccccc2)c2ccccc2)n1,94.0
[*]c1nc(-c2ccccc2)nc(N(c2ccccc2)c2ncnc(N([*])c3ccccc3)n2)n1,279.0
[*]c1nc(C(F)(F)C(F)(F)C(F)(F)F)nc(C(F)(F)C(F)(F)C(F)(F)C(F)(F)C(F)(F)C([*])(F)F)n1,-5.0
[*]c1nc(C)nc(N(CCCCCCCCCCN([*])c2ccccc2)c2ccccc2)n1,48.0
[*]c1nc(C)nc(N(CCCCCCN([*])c2ccccc2)c2ccccc2)n1,67.0
[*]c1nc(C)nc(N(CCCCN([*])c2ccccc2)c2ccccc2)n1,85.0
[*]c1nc2cc(C(c3ccc4oc(-c5cc(OCCCCCCCCCC)c([*])cc5OCCCCCCCCCC)nc4c3)(C(F)(F)F)C(F)(F)F)ccc2o1,94.0
[*]c1nc2ccc(-c3cccc(-c4ccc5[nH]c(S([*])(=O)=O)nc5c4)c3)cc2[nH]1,290.0
[*]c1nnc(-c2cc(CCCCCCCC)c(-c3ccc(-c4sc(-c5nnc(-c6cc(OCCCCCCCC)c([*])cc6OCCCCCCCC)o5)cc4CCCCCCCC)s3)s2)o1,34.10000000000002
[*]c1nnc(-c2sc(-c3nnc(-c4cc(OCCCCCCCC)c([*])cc4OCCCCCCCC)o3)cc2CCCCCCCC)o1,124.30000000000001
[*]c1sc(-c2cc3sc(-c4cc(CCCCCCCCCCCCCC)c([*])s4)cc3s2)cc1CCCCCCCCCCCCCC,5.0
[*]c1sc(-c2nnc(-c3cc(OCCCCCCCC)c(-c4nnc(-c5cc(CCCCCCCCCC)c([*])s5)o4)cc3OCCCCCCCC)o2)cc1CCCCCCCCCC,53.80000000000001
[*]c1sc([*])c(CCCCCCN(CC)c2ccc(/N=N/c3ccc([N+](=O)[O-])cc3)cc2)c1CCCCCC,17.0
[*]=CCCC(=[*])CCC,-77.64999999999998
[*]=CCCCC=[*],-100.07499999999999
[*]=Cc1ccc(C=[*])cc1,137.425
[*]C(=O)c1ccc(Oc2cccc(N3C(=O)c4ccc(Oc5cccc6c5C(=O)N(c5cccc(Oc7ccc([*])cc7)c5)C6=O)cc4C3=O)c2)cc1,205.5
[*]C(=O)c1ccc2c(c1)C(=O)N(c1cc(N3C(=O)c4ccc([*])cc4C3=O)cc(C(F)(F)F)c1)C2=O,294.75
[*]C(=O)c1ccc2c(c1)C(=O)N(c1ccc(N3C(=O)c4ccc([*])cc4C3=O)cc1)C2=O,325.0
[*]C(=O)c1ccc2c(c1)C(=O)N(c1ccc(Oc3ccc(C(c4ccc(Oc5ccc(N6C(=O)c7ccc([*])cc7C6=O)cc5)cc4)(C(F)(F)F)C(F)(F)F)cc3)cc1)C2=O,248.75
[*]C(=O)c1ccc2c(c1)C(=O)N(c1cccc(S(=O)(=O)c3cccc(N4C(=O)c5ccc([*])cc5C4=O)c3)c1)C2=O,275.5
[*]C(F)(F)C([*])(F)Cl,69.47500000000002
[*]C([*])(F)F,118.42500000000001
[*]CC(CCl)O[*],-22.224999999999966
[*]CC(COCC=C)O[*],-35.32499999999999
[*]CC([*])(C#N)C(=O)OCCCCCC,85.92500000000001
[*]CC([*])(C)C#N,101.67500000000001
[*]CC([*])(C)C(=O)OC(C)C,83.92500000000001
[*]CC([*])(C)C(=O)OC1CCCCC1,101.92500000000001
[*]CC([*])(C)C(=O)OCC(C)C,47.35000000000002
[*]CC([*])(C)C(=O)OCC(CC)CC,10.350000000000023
[*]CC([*])(C)C(=O)OCC(F)(F)C(F)F,75.42500000000001
[*]CC([*])(C)C(=O)OCC(F)(F)F,74.42500000000001
[*]CC([*])(C)C(=O)OCCCCCCCCCC,-63.82499999999999
[*]CC([*])(C)C(=O)OCCO,84.02500000000003
[*]CC([*])(C)C(=O)OCCc1ccccc1,37.42500000000001
[*]CC([*])(C)CC,-11.574999999999989
[*]CC([*])(Cl)Cl,-9.824999999999989
[*]CC([*])(F)F,-32.77499999999998
[*]CC([*])C(=O)NC(C)(C)C,131.425
[*]CC([*])C(=O)Nc1ccccc1,155.925
[*]CC([*])C(=O)OC(C)CCCCC,-39.14999999999998
[*]CC([*])C(=O)OC1CCCCC1,20.42500000000001
[*]CC([*])C(=O)OCC(CC)CCCC,-57.07499999999999
[*]CC([*])C(=O)OCCCCCCCCCCCCCCCCCC,-2.3249999999999886
[*]CC([*])C(=O)c1ccccc1,60.80000000000001
[*]CC([*])C(N)=O,178.925
[*]CC([*])C=C,-6.074999999999989
[*]CC([*])CCCCC,-44.32499999999999
[*]CC([*])CCCCCC,-54.57499999999999
[*]CC([*])CCCCCCC,-47.57499999999999
[*]CC([*])Cl,78.42500000000001
[*]CC([*])F,33.92500000000001
[*]CC([*])OC(=O)CCC,1.8500000000000227
[*]CC([*])OC(C)=O,40.92500000000001
[*]CC([*])OCCCC,-52.07499999999999
[*]CC([*])c1ccc(C(=O)c2ccc(C)cc2)cc1,98.92500000000001
[*]CC([*])c1ccc(C(C)CC)cc1,85.35000000000002
[*]CC([*])c1ccc(CO)cc1,138.85000000000002
[*]CC([*])c1ccc(O)cc1,157.425
[*]CC([*])c1ccc(OC(C)=O)cc1,121.42500000000001
[*]CC([*])c1ccc(OC)cc1C,87.35000000000002
[*]CC([*])c1cccc(CO)c1,124.35000000000002
[*]CC([*])c1ccccc1CC,101.85000000000002
[*]CC([*])c1ccccc1OCCCCCCCC,11.850000000000023
[*]CCC(=O)OCCOC([*])=O,-8.625
[*]CCCCC(=O)NCCCCCCNC([*])=O,54.525000000000034
[*]CCCCC(=O)OCCOC([*])=O,-48.82499999999999
[*]CCCCCCCC(=O)NCCCCCCNC([*])=O,50.575000000000045
[*]CCCCCCCCCCC(=O)NCCCCCCNC([*])=O,45.92500000000001
[*]CCCCCCCCCCCCCCOC([*])=O,-24.62499999999997
[*]CCCCCCCCCNC([*])=O,42.42500000000001
[*]CCCOCCC[*],-71.64999999999998
[*]CCNC([*])=O,128.175
[*]CNC[*],-35.77499999999998
[*]COC(=O)OC([*])C,35.72500000000002
[*]CSC[*],-25.82499999999999
[*]Cc1cc(C)c(N2C(=O)c3ccc(C(=O)c4ccc5c(c4)C(=O)N(c4c(C)cc([*])cc4C)C5=O)cc3C2=O)c(C)c1,320.0
[*]Cc1cc(CC)c(N2C(=O)c3ccc(C(=O)c4ccc5c(c4)C(=O)N(c4c(CC)cc([*])cc4CC)C5=O)cc3C2=O)c(CC)c1,272.5
[*]Cc1ccc(N2C(=O)c3ccc(C(=O)c4ccc5c(c4)C(=O)N(c4ccc([*])cc4C)C5=O)cc3C2=O)c(C)c1,297.5
[*]Cc1ccc(N2C(=O)c3cccc(-c4cccc5c4C(=O)N(c4ccc([*])cc4C)C5=O)c3C2=O)c(C)c1,299.5
[*]Cc1ccc(N2C(=O)c3cccc(Sc4ccc5c(c4)C(=O)N(c4cc([*])ccc4C)C5=O)c3C2=O)c(C)c1,257.5
[*]OCCCCOC(=O)c1ccc(C([*])=O)cc1,44.125
[*]OCCCCOC(=O)c1cccc(C([*])=O)c1,21.42500000000001
[*]OCCCOC(=O)c1ccc(C([*])=O)cc1,52.92500000000001
[*]OCCOC(=O)c1ccccc1C([*])=O,60.17500000000001
[*]OCCOC([*])=O,10.925000000000011
[*]Oc1ccc(C(c2ccc(Oc3ccc4c(c3)C(=O)N(c3ccc(Cc5ccc(N6C(=O)c7ccc([*])cc7C6=O)cc5)cc3)C4=O)cc2)(C(F)(F)F)C(F)(F)F)cc1,227.0
[*]Oc1ccc(C(c2ccc(Oc3ccc4c(c3)C(=O)N(c3ccc(Oc5ccc(N6C(=O)c7ccc([*])cc7C6=O)cc5)cc3)C4=O)cc2)(C(F)(F)F)C(F)(F)F)cc1,226.5
[*]Oc1ccc(Oc2ccc(Oc3ccc4c(c3)C(=O)N(CCCCCCN3C(=O)c5ccc([*])cc5C3=O)C4=O)cc2)cc1,126.35000000000002
[*]Oc1ccc2c(c1)C(=O)N(c1ccc(N3C(=O)c4ccc([*])cc4C3=O)cc1)C2=O,355.75
[*]Oc1ccc2c(c1)C(=O)N(c1ccc(Oc3cccc(N4C(=O)c5ccc([*])cc5C4=O)c3)cc1)C2=O,232.0
[*]Oc1ccc2c(c1)C(=O)N(c1ccc(Oc3cccc(Oc4ccc(N5C(=O)c6ccc([*])cc6C5=O)cc4)c3)cc1)C2=O,208.25
[*]Oc1ccc2c(c1)C(=O)N(c1ccc(S(=O)(=O)c3ccc(N4C(=O)c5ccc([*])cc5C4=O)cc3)cc1)C2=O,286.0
[*]Oc1ccc2c(c1)C(=O)N(c1cccc(N3C(=O)c4ccc([*])cc4C3=O)c1)C2=O,270.5
[*]Oc1ccc2c(c1)C(=O)N(c1cccc(Oc3cccc(N4C(=O)c5ccc([*])cc5C4=O)c3)c1)C2=O,206.0
[*]Oc1ccc2c(c1)C(=O)N(c1cccc(Oc3cccc(Oc4cccc(N5C(=O)c6ccc([*])cc6C5=O)c4)c3)c1)C2=O,193.0
[*]Oc1cccc2c1C(=O)N(c1ccc(Oc3ccc(N4C(=O)c5cccc([*])c5C4=O)cc3)cc1)C2=O,293.75
[*]Oc1cccc2c1C(=O)N(c1ccc(Oc3ccc(Oc4ccc(N5C(=O)c6cccc([*])c6C5=O)cc4)cc3)cc1)C2=O,260.5
[*]Oc1cccc2c1C(=O)N(c1cccc(Oc3ccc(Oc4ccc(N5C(=O)c6ccc([*])cc6C5=O)cc4)cc3)c1)C2=O,249.0
[*]Sc1cccc2c1C(=O)N(c1ccc(N3C(=O)c4ccc([*])cc4C3=O)cc1)C2=O,319.5
[*]Sc1cccc2c1C(=O)N(c1ccc(Oc3ccc(N4C(=O)c5cccc([*])c5C4=O)cc3)cc1)C2=O,287.0
[*]Sc1cccc2c1C(=O)N(c1ccc(Oc3ccc(Oc4ccc(N5C(=O)c6ccc([*])cc6C5=O)cc4)cc3)cc1)C2=O,238.0
[*]c1c(C)cc(C)c(N2C(=O)c3ccc(C(=O)c4ccc5c(c4)C(=O)N([*])C5=O)cc3C2=O)c1C,404.0
[*]c1cc(C)c(N2C(=O)c3ccc(C(c4ccc5c(c4)C(=O)N([*])C5=O)(C(F)(F)F)C(F)(F)F)cc3C2=O)cc1C,367.0
[*]c1cc(CCCC)c([*])s1,54.5
[*]c1cc(CCCCCC)c([*])s1,15.150000000000034
[*]c1cc(CCCCCCCC)c([*])s1,-13.099999999999966
[*]c1cc(CCCCCCCCCC)c([*])s1,-29.99999999999997
[*]c1cc(CCCCCCCCCCCC)c([*])s1,-24.24999999999997
[*]c1cc(N2C(=O)c3ccc(C(=O)c4ccc5c(c4)C(=O)N([*])C5=O)cc3C2=O)ccc1C,317.25
[*]c1ccc(-c2ccc(-n3c(=O)c4cc5c(=O)n([*])c(=O)c5cc4c3=O)cc2C)c(C)c1,369.25
[*]c1ccc(-c2ccc(-n3c(=O)c4cc5c(=O)n([*])c(=O)c5cc4c3=O)cc2OC(F)(F)F)c(OC(F)(F)F)c1,373.5
[*]c1ccc(C(c2ccc(-n3c(=O)c4cc5c(=O)n([*])c(=O)c5cc4c3=O)cc2)(C(F)(F)F)C(F)(F)F)cc1,362.5
[*]c1ccc(N2C(=O)c3cccc(-c4cccc5c4C(=O)N(c4ccc(C6([*])CCCCC6)cc4C)C5=O)c3C2=O)c(C)c1,302.5
[*]c1ccc(N2C(=O)c3cccc(-c4cccc5c4C(=O)N(c4ccc(C6([*])c7ccccc7-c7ccccc76)cc4C)C5=O)c3C2=O)c(C)c1,313.0
[*]c1ccc(OC(=O)Oc2ccc(C([*])(C)C)cc2)cc1,152.425
[*]c1ccc(OC(=O)c2ccc(C(=O)Oc3ccc(C([*])(C)C)cc3)cc2)cc1,199.925
[*]c1ccc(OC(=O)c2cccc(C(=O)Oc3ccc(C([*])(C)C)cc3)c2)cc1,184.425
[*]c1ccc(Oc2ccc(C(c3ccc(Oc4ccc(-n5c(=O)c6cc7c(=O)n([*])c(=O)c7cc6c5=O)cc4)cc3)(C(F)(F)F)C(F)(F)F)cc2)cc1,302.5
[*]c1ccc(Oc2ccc(N3C(=O)c4ccc(C(=O)c5ccc6c(c5)C(=O)N(c5ccc(Oc7ccc(C([*])(C)C)cc7)cc5)C6=O)cc4C3=O)cc2)cc1,256.0
[*]c1ccc(Oc2ccc(N3C(=O)c4ccc(C(c5ccc6c(c5)C(=O)N(c5ccc(Oc7ccc(C([*])(C)C)cc7)cc5)C6=O)(C(F)(F)F)C(F)(F)F)cc4C3=O)cc2)cc1,246.70000000000005
[*]c1ccc(Oc2ccc(Oc3ccc(-n4c(=O)c5cc6c(=O)n([*])c(=O)c6cc5c4=O)cc3)cc2)cc1,292.0
[*]c1ccc([*])[nH]1,86.42500000000001
[*]c1ccc([*])cc1,278.17500000000007
[*]c1ccc([*])s1,152.175
[*]c1ccc2c(c1)C(=O)N(c1c(F)c(F)c(-c3c(F)c(F)c(N4C(=O)c5ccc(C([*])(C(F)(F)F)C(F)(F)F)cc5C4=O)c(F)c3F)c(F)c1F)C2=O,374.5
[*]c1ccc2c(c1)C(=O)N(c1c(F)c(F)c(N3C(=O)c4ccc(C([*])(C(F)(F)F)C(F)(F)F)cc4C3=O)c(F)c1F)C2=O,375.5
[*]c1ccc2c(c1)C(=O)N(c1cc(N3C(=O)c4ccc(C([*])(C(F)(F)F)C(F)(F)F)cc4C3=O)cc(C(F)(F)F)c1)C2=O,290.5
[*]c1ccc2c(c1)C(=O)N(c1ccc(Oc3ccc(C(c4ccc(Oc5ccc(N6C(=O)c7ccc([*])cc7C6=O)cc5)cc4)(C(F)(F)F)C(F)(F)F)cc3)cc1)C2=O,249.5
[*]c1ccc2c(c1)C(=O)N(c1ccc(Oc3ccc(N4C(=O)c5ccc(C([*])(C(F)(F)F)C(F)(F)F)cc5C4=O)cc3)cc1)C2=O,295.5
[*]c1ccc2c(c1)C(=O)N(c1ccc(Oc3cccc(Oc4ccc(N5C(=O)c6ccc(C([*])(C(F)(F)F)C(F)(F)F)cc6C5=O)cc4)c3)cc1)C2=O,241.5
[*]c1ccc2c(c1)C(=O)N(c1ccc(S(=O)(=O)c3ccc(N4C(=O)c5ccc(C([*])(C(F)(F)F)C(F)(F)F)cc5C4=O)cc3)cc1)C2=O,336.5
[*]c1ccc2c(c1)C(=O)N(c1ccc(S(=O)(=O)c3ccc(N4C(=O)c5ccc([*])cc5C4=O)cc3)cc1)C2=O,340.0
[*]c1ccc2c(c1)C(=O)N(c1cccc(Oc3cccc(Oc4cccc(N5C(=O)c6ccc(C([*])(C(F)(F)F)C(F)(F)F)cc6C5=O)c4)c3)c1)C2=O,206.5
[*]c1ccc2c(c1)C(=O)N(c1cccc(S(=O)(=O)c3cccc(N4C(=O)c5ccc(C([*])(C(F)(F)F)C(F)(F)F)cc5C4=O)c3)c1)C2=O,275.0
[*]c1ccc2c(c1)C(CC(CC)CCCC)(CC(CC)CCCC)c1cc([*])ccc1-2,44.0
[*]c1ccc2c(c1)C(CCCCCC)(CCCCCC)c1cc([*])ccc1-2,102.5
[*]c1ccc2c(c1)C(CCCCCCCC)(CCCCCCCC)c1cc(-c3ccc([*])c4nsnc34)ccc1-2,113.25
[*]c1ccc2c3ccc(-c4ccc(-c5ccc(-c6ccc([*])s6)c6nsnc56)s4)cc3n(C(CCCCCCCC)CCCCCCCC)c2c1,121.0
[*]c1ccc2nc(-c3ccccc3)c(-c3ccc(-c4nc5cc([*])ccc5nc4-c4ccccc4)cc3)nc2c1,367.42500000000007
[*]c1cccc(Oc2ccc(C(c3ccc(Oc4cccc(-n5c(=O)c6cc7c(=O)n([*])c(=O)c7cc6c5=O)c4)cc3)(C(F)(F)F)C(F)(F)F)cc2)c1,226.5
[*]c1cccc(Oc2cccc(-n3c(=O)c4cc5c(=O)n([*])c(=O)c5cc4c3=O)c2)c1,285.25
[*]c1nc(C(F)(F)C(F)(F)OC(F)(F)F)nc(C(F)(F)C(F)(F)C(F)(F)C([*])(F)F)n1,-18.649999999999977
[*]c1nc(C(F)(F)F)nc(C(F)(OC(F)(F)C(F)(F)C(F)(F)C(F)(F)C(F)(F)C(F)(F)OC([*])(F)C(F)(F)F)C(F)(F)F)n1,-13.649999999999977
[*]=CCCC(=[*])C,-66.99999999999997
[*]=CCCC(=[*])Cl,-48.14999999999998
[*]=CCCC=[*],-90.99999999999997
[*]C(=O)c1ccc(N2C(=O)c3ccc(C(=O)c4ccc5c(c4)C(=O)N(c4ccc([*])cc4)C5=O)cc3C2=O)cc1,293.0
[*]C(=O)c1ccc(Oc2ccc(Oc3ccc([*])cc3)cc2)cc1,145.85000000000002
[*]C(=O)c1ccc2c(c1)C(=O)N(c1ccc(Cc3ccc(N4C(=O)c5ccc([*])cc5C4=O)cc3)cc1)C2=O,292.5
[*]C(=O)c1ccc2c(c1)C(=O)N(c1ccc(Oc3ccc(N4C(=O)c5ccc([*])cc5C4=O)cc3)cc1)C2=O,290.0
[*]C(=O)c1ccc2c(c1)C(=O)N(c1cccc(C(=O)c3cccc(N4C(=O)c5ccc([*])cc5C4=O)c3)c1)C2=O,219.85000000000002
[*]C(=O)c1ccc2c(c1)C(=O)N(c1cccc(Cc3cccc(N4C(=O)c5ccc([*])cc5C4=O)c3)c1)C2=O,249.5
[*]C(=O)c1ccc2c(c1)C(=O)N(c1cccc(N3C(=O)c4ccc([*])cc4C3=O)c1)C2=O,300.0
[*]C(=O)c1cccc(-n2c(=O)c3cc4c(=O)n(-c5ccc([*])cc5)c(=O)c4cc3c2=O)c1,340.0
[*]C(=O)c1cccc(N2C(=O)c3ccc(C(=O)c4ccc5c(c4)C(=O)N(c4ccc([*])cc4)C5=O)cc3C2=O)c1,282.0
[*]C(=O)c1cccc(N2C(=O)c3ccc(Oc4ccc5c(c4)C(=O)N(c4cccc([*])c4)C5=O)cc3C2=O)c1,239.0
[*]C(F)(F)C1(F)C(F)(F)C([*])(F)C(F)(F)C1(F)F,116.85000000000002
[*]CC(C)O[*],-69.17499999999998
[*]CC(C)S[*],-47.14999999999998
[*]CC(COC)O[*],-62.14999999999998
[*]CC([*])(C)C,-74.14999999999998
[*]CC([*])(C)C(=O)OC,108.92500000000001
[*]CC([*])(C)C(=O)OC(C)(C)C,106.85000000000002
[*]CC([*])(C)C(=O)OC(C)CC,56.85000000000002
[*]CC([*])(C)C(=O)OCC,19.850000000000023
[*]CC([*])(C)C(=O)OCC(C)(C)C,32.85000000000002
[*]CC([*])(C)C(=O)OCC(C)O,75.35000000000002
[*]CC([*])(C)C(=O)OCCC,34.85000000000002
[*]CC([*])(C)C(=O)OCCC(C)(C)C,44.85000000000002
[*]CC([*])(C)C(=O)OCCCC,22.42500000000001
[*]CC([*])(C)C(=O)OCCCCCC,-6.649999999999977
[*]CC([*])(C)C(=O)OCCCl,89.85000000000002
[*]CC([*])(C)C(=O)OCc1ccccc1,54.0
[*]CC([*])(C)c1ccccc1,168.0
[*]CC([*])(Cl)C(=O)OCC,91.85000000000002
[*]CC([*])C,-24.649999999999977
[*]CC([*])C#N,109.85000000000002
[*]CC([*])C(=O)NC(C)C,85.15000000000003
[*]CC([*])C(=O)O,104.85000000000002
[*]CC([*])C(=O)OC,8.850000000000023
[*]CC([*])C(=O)OC(C)(C)C,40.85000000000002
[*]CC([*])C(=O)OC(C)CC,-20.149999999999977
[*]CC([*])C(=O)OCC,-22.149999999999977
[*]CC([*])C(=O)OCC(C)C,-24.149999999999977
[*]CC([*])C(=O)OCCC,-41.32499999999999
[*]CC([*])C(=O)OCCCC,-51.57499999999999
[*]CC([*])C(=O)OCCCCCCCC,-65.14999999999998
[*]CC([*])C(=O)OCCCCCCCCC,-60.14999999999998
[*]CC([*])C(C)C,48.85000000000002
[*]CC([*])C(F)(F)C(F)(F)C(F)(F)F,57.85000000000002
[*]CC([*])C(F)(F)C(F)(F)F,40.85000000000002
[*]CC([*])C(F)(F)F,26.850000000000023
[*]CC([*])C1CCCC1,74.85000000000002
[*]CC([*])C1CCCCC1,104.77500000000003
[*]CC([*])CC,-36.64999999999998
[*]CC([*])CCC,-35.14999999999998
[*]CC([*])N1CCCC1=O,144.85000000000002
[*]CC([*])O,79.67500000000001
[*]CC([*])OC,-26.974999999999966
[*]CC([*])OC(=O)C(F)(F)F,45.85000000000002
[*]CC([*])OC(=O)CC,9.850000000000023
[*]CC([*])OC(C)C,-4.149999999999977
[*]CC([*])OC(C)CC,-22.149999999999977
[*]CC([*])OC=O,32.35000000000002
[*]CC([*])OCC,-26.57499999999999
[*]CC([*])OCC(C)C,-22.07499999999999
[*]CC([*])OCCCCC,-66.14999999999998
[*]CC([*])OCCCCCC,-69.57499999999999
[*]CC([*])OCCCCCCCC,-79.82499999999999
[*]CC([*])OCCCCCCCCCC,-76.14999999999998
[*]CC([*])SC,-1.1499999999999773
[*]CC([*])c1cc(C)ccc1C,142.85000000000002
[*]CC([*])c1ccc(-c2ccccc2)cc1,137.85000000000002
[*]CC([*])c1ccc(Br)cc1,140.35000000000002
[*]CC([*])c1ccc(C(=O)OC)cc1,112.85000000000002
[*]CC([*])c1ccc(C(C)(C)C)cc1,128.85000000000002
[*]CC([*])c1ccc(C)c(C)c1,110.85000000000002
[*]CC([*])c1ccc(C)cc1,100.85000000000002
[*]CC([*])c1ccc(C)cc1C,111.85000000000002
[*]CC([*])c1ccc(CCCC)cc1,5.850000000000023
[*]CC([*])c1ccc(COC)cc1,76.85000000000002
[*]CC([*])c1ccc(COCCC)cc1,21.850000000000023
[*]CC([*])c1ccc(Cl)c(F)c1,121.85000000000002
[*]CC([*])c1ccc(Cl)cc1,119.92500000000001
[*]CC([*])c1ccc(Cl)cc1Cl,132.85000000000002
[*]CC([*])c1ccc(F)cc1,103.85000000000002
[*]CC([*])c1ccc(OC)cc1,88.85000000000002
[*]CC([*])c1ccc(OCCC)cc1,69.85000000000002
[*]CC([*])c1ccc(OCCCC)cc1,46.85000000000002
[*]CC([*])c1cccc(C)c1,94.85000000000002
[*]CC([*])c1ccccc1,95.96000000000004
[*]CC([*])c1ccccc1Cl,118.92500000000001
[*]CC([*])c1ccccn1,103.85000000000002
[*]CC([*])c1ccncc1,141.85000000000002
[*]CC([*])n1c2ccccc2c2ccccc21,149.85000000000002
[*]CC1CC([*])OC(CCC)O1,54.42500000000001
[*]CC1CC([*])OCO1,103.85000000000002
[*]CCCCC(=O)OCCCCCCCCCCOC([*])=O,-57.14999999999998
[*]CCCCC(=O)OCCCCOC([*])=O,-68.14999999999998
[*]CCCCCCCCC(=O)NCCCCCCNC([*])=O,39.85000000000002
[*]CCCCCCCCC(=O)OCCOC([*])=O,-29.649999999999977
[*]CCCCCCCCCCCNC([*])=O,38.35000000000002
[*]CCCCCNC([*])=O,55.72500000000002
[*]CCCCCOC([*])=O,54.950000000000045
[*]CCCCOCCCC[*],-70.14999999999998
[*]CCOC(=O)CCC([*])C,-53.14999999999998
[*]CCOCC[*],-83.64999999999998
[*]CCOC[*],-78.14999999999998
[*]CCc1ccc([*])cc1,69.85000000000002
[*]CCc1ccc([*])cc1C,54.85000000000002
[*]COCC([*])(CCl)CCl,-8.149999999999977
[*]COC[*],-15.649999999999977
[*]CO[*],-56.14999999999998
[*]C[*],-53.99999999999997
[*]NCCCCCCNC(=O)c1cccc(C([*])=O)c1,128.85000000000002
[*]OC(C)C([*])=O,51.35000000000002
[*]OCCOC(=O)c1ccc(C([*])=O)c2ccccc12,63.85000000000002
[*]OCCOC(=O)c1ccc(C([*])=O)cc1,74.85000000000002
[*]OCCOC(=O)c1ccc2cc(C([*])=O)ccc2c1,121.42500000000001
[*]O[Si]([*])(C)C,-124.14999999999998
[*]Oc1ccc(C([*])=O)cc1,146.85000000000002
[*]Oc1ccc(Oc2ccc3c(c2)C(=O)N(c2ccc(Oc4ccc(N5C(=O)c6ccc([*])cc6C5=O)cc4)cc2)C3=O)cc1,241.0
[*]Oc1ccc(Oc2cccc3c2C(=O)N(c2ccc(Oc4ccc(N5C(=O)c6cccc([*])c6C5=O)cc4)cc2)C3=O)cc1,254.0
[*]Oc1ccc(Sc2ccc(OC([*])=O)cc2)cc1,113.35000000000002
[*]Oc1ccc2c(c1)C(=O)N(c1ccc(Oc3ccc(N4C(=O)c5ccc([*])cc5C4=O)cc3)cc1)C2=O,269.0
[*]Oc1ccc2c(c1)C(=O)N(c1ccc(Oc3ccc(Oc4ccc(N5C(=O)c6ccc([*])cc6C5=O)cc4)cc3)cc1)C2=O,247.5
[*]Oc1ccc2c(c1)C(=O)N(c1cccc(S(=O)(=O)c3cccc(N4C(=O)c5ccc([*])cc5C4=O)c3)c1)C2=O,246.0
[*]Sc1ccc([*])cc1,86.85000000000002
[*]Sc1cccc2c1C(=O)N(c1ccc(Oc3ccc(N4C(=O)c5ccc([*])cc5C4=O)cc3)cc1)C2=O,267.5
[*]c1ccc(-c2ccc(-n3c(=O)c4cc5c(=O)n([*])c(=O)c5cc4c3=O)cc2C(F)(F)F)c(C(F)(F)F)c1,379.0
[*]c1ccc(OC(=O)Oc2ccc(C([*])(C)CCC)cc2)cc1,136.85000000000002
[*]c1ccc(OC(=O)Oc2ccc(C([*])(CCC)CCC)cc2)cc1,147.85000000000002
[*]c1ccc(OC(=O)Oc2ccc(C([*])C(C)C)cc2)cc1,148.85000000000002
[*]c1ccc(OC(=O)Oc2ccc(C([*])CCC)cc2)cc1,122.85000000000002
[*]c1ccc(Oc2ccc(-n3c(=O)c4cc5c(=O)n([*])c(=O)c5cc4c3=O)cc2)cc1,385.0
[*]c1ccc(Oc2ccc(N3C(=O)c4ccc(-c5ccc6c(c5)C(=O)N(c5ccc(Oc7ccc(C([*])(C)C)cc7)cc5)C6=O)cc4C3=O)cc2)cc1,237.5
[*]c1ccc2c(c1)C(=O)N(c1ccc(-c3ccc(N4C(=O)c5ccc(C([*])(C(F)(F)F)C(F)(F)F)cc5C4=O)cc3C(F)(F)F)c(C(F)(F)F)c1)C2=O,327.0
[*]c1ccc2c(c1)C(=O)N(c1ccc(-c3ccc(N4C(=O)c5ccc([*])cc5C4=O)cc3C(F)(F)F)c(C(F)(F)F)c1)C2=O,323.75
[*]c1ccc2c(c1)C(=O)N(c1ccc(Cc3ccc(N4C(=O)c5ccc([*])cc5C4=O)cc3)cc1)C2=O,308.0
[*]c1ccc2c(c1)C(=O)N(c1ccc(N3C(=O)c4ccc(C([*])(C(F)(F)F)C(F)(F)F)cc4C3=O)cc1)C2=O,355.5
[*]c1ccc2c(c1)C(=O)N(c1ccc(N3C(=O)c4cccc([*])c4C3=O)cc1)C2=O,405.0
[*]c1ccc2c(c1)C(=O)N(c1ccc(Oc3ccc(C(c4ccc(Oc5ccc(N6C(=O)c7ccc(C([*])(C(F)(F)F)C(F)(F)F)cc7C6=O)cc5)cc4)(C(F)(F)F)C(F)(F)F)cc3)cc1)C2=O,247.0
[*]c1ccc2c(c1)C(=O)N(c1ccc(Oc3ccc(Oc4ccc(N5C(=O)c6ccc([*])cc6C5=O)cc4)cc3)cc1)C2=O,278.0
[*]c1ccc2c(c1)C(=O)N(c1ccc(Oc3cccc(Oc4ccc(N5C(=O)c6cccc([*])c6C5=O)cc4)c3)cc1)C2=O,248.0
[*]c1ccc2c(c1)C(=O)N(c1cccc(N3C(=O)c4ccc(C([*])(C(F)(F)F)C(F)(F)F)cc4C3=O)c1)C2=O,298.0
[*]c1ccc2c(c1)C(=O)N(c1cccc(N3C(=O)c4ccc([*])cc4C3=O)c1)C2=O,333.25
[*]c1ccc2c(c1)C(=O)N(c1cccc(Oc3cccc(N4C(=O)c5cccc([*])c5C4=O)c3)c1)C2=O,245.0
[*]c1ccc2c(c1)C(=O)N(c1cccc(Oc3cccc(Oc4cccc(N5C(=O)c6ccc([*])cc6C5=O)c4)c3)c1)C2=O,205.0
[*]c1ccc2c(c1)C(CCCCCCCC)(CCCCCCCC)c1cc([*])ccc1-2,71.0
[*]c1cccc2c1C(=O)N(c1ccc(Oc3ccc(N4C(=O)c5cccc([*])c5C4=O)cc3)cc1)C2=O,306.0
